sno,present,custom_number,name,author,publisher,publishing_year,price,categories,
1,,1,வெற்றித் திருநகர்,அகிலன்,தாகம் பதிப்பகம்,2003,200.00,வரலாற்று நாவல்,
3,,3,ரோமாபுரி ராணிகள்,அறிஞர் அண்ணா,பூம்புகார் பதிப்பகம் ,2002,25.00,வரலாற்று நாவல்,
4,,4,காஞ்சி தாரகை ,அனுஷா வெங்கடேஷ் ,வானதி பதிப்பகம் ,2015,,வரலாற்று நாவல்,
5,,5,காவிரி மைந்தன் - 1,அனுஷா வெங்கடேஷ் ,வானதி பதிப்பகம் ,2015,210.00,வரலாற்று நாவல்,
6,,6,காவிரி மைந்தன் - 2,அனுஷா வெங்கடேஷ் ,வானதி பதிப்பகம்,2015,210.00,வரலாற்று நாவல்,
7,,7,காவிரி மைந்தன் - 3,அனுஷா வெங்கடேஷ் ,வானதி பதிப்பகம்,2015,180.00,வரலாற்று நாவல்,
8,,8,தில்லையில் ஒரு கொள்ளைக்காரன்,அனுஷா வெங்கடேஷ்,அவென்யூ பிரஸ்,2007,150.00,வரலாற்று நாவல்,
9,,9,பாபர் நாமா,ஆர்.பி.சாரதி,மதி நிலையம்,2011,400.00,வரலாற்று நாவல்,
10,,10,ஆதித்தன் காதலி - 1,ஆர்.வி,வானதி பதிப்பகம் ,1996,55.00,வரலாற்று நாவல்,
11,,11,ஆதித்தன் காதலி - 2,ஆர்.வி,வானதி பதிப்பகம் ,1996,60.00,வரலாற்று நாவல்,
12,,12,டணாய்க்கன் கோட்டை,இ.பாலகிருஷ்ணன்,அம்ருதா பதிப்பகம்,2007,300.00,வரலாற்று நாவல்,
13,,13,பாண்டிய நாயகி,இந்திரா சௌந்தர்ராஜன்,திருமகள் நிலையம்,1999,67.00,வரலாற்று நாவல்,
14,,14,யாதவராணி ,இந்திரா சுப்பிரமணி,விசாலாட்சி நிலையம்,2001,55.00,வரலாற்று நாவல்,
15,,15,வஞ்சியின் செல்வன்,இரா.மலர்விழி,வானதி பதிப்பகம் ,2013,200.00,வரலாற்று நாவல்,
16,,16,மிளிர் கல் ,இரா.முருகவேள்,பொன்னுலகம் பதிப்பகம்,2014,200.00,வரலாற்று நாவல்,
17,,17,வால்மீகி இராமாயணம்,குருவிக்கரம்பை வேலு,சாளரம் பதிப்பகம்,2005,100.00,ஆன்மீகம்,
18,,18,சிங்களத்துப் புயல் ,உதயணன்,சீதை பதிப்பகம்,2012,100.00,வரலாற்று நாவல்,
19,,19,சோழ குலாந்தகன்,உதயணன்,சீதை பதிப்பகம்,2011,100.00,வரலாற்று நாவல்,
20,,20,பாண்டியமுரசு,உதயணன்,சீதை பதிப்பகம்,2012,150.00,வரலாற்று நாவல்,
21,,21,மானவர்மன்,உதயணன்,சீதை பதிப்பகம்,2011,125.00,வரலாற்று நாவல்,
22,,22,வேள்வித் தூண்,உதயணன்,சீதை பதிப்பகம்,2011,100.00,வரலாற்று நாவல்,
23,,23,கடல் கோட்டை 1 & 2 ,உதயணன்,வானதி பதிப்பகம்,2012,450.00,வரலாற்று நாவல்,
24,,24,பரிமேலழகன்,உதயணன்,திருவரசு புத்தகநிலையம்,2012,275.00,வரலாற்று நாவல்,
26,,26,மணிமகுடம் ,எல்.கைலாசம் ,வானதி பதிப்பகம்,2011,,வரலாற்று நாவல்,
27,,27,சேதுபதி மன்னரும் ராஜநர்த்தகியும்,எஸ்.எஸ்.கமால்,சீதை பதிப்பகம்,2010,120.00,வரலாற்று நாவல்,
28,,28,சேதுபதியின் காதலி,எஸ்.எஸ்.கமால்,சீதை பதிப்பகம்,2010,120.00,வரலாற்று நாவல்,
29,,29,விடுதலைப்போரில் சேதுபதிமன்னர்,எஸ்.எஸ்.கமால்,சீதை பதிப்பகம்,2011,80.00,வரலாற்று நாவல்,
30,,30,துங்கபத்திரை,எஸ்.எஸ்.தென்னரசு,சீதை பதிப்பகம்,2012,70.00,வரலாற்று நாவல்,
31,,31,மறைக்கப்பட்ட இந்தியா,எஸ்.ராமகிருஷ்ணன்,விகடன் பிரசுரம்,2013,290.00,வரலாற்று நாவல்,
32,,32,நெய்தல் பூத்த குறிஞ்சி,அய்க்கண்,குமரன் பதிப்பகம்,1995,80.00,வரலாற்று நாவல்,
33,,33,"தமிழக வரலாற்று வரிசை- 4 
சேர மன்னன் வரலாறு ",ஓவை.சு.துரைசாமிப்பிள்ளை,அமிர்தம் பதிப்பகம்,2008,225.00,வரலாற்று நாவல்,
35,,35,காந்தர்வா - 1,கண்ணன் மகேஷ்,அருந்ததி நிலையம்,2000,70.00,வரலாற்று நாவல்,
36,,36,காந்தர்வா - 2,கண்ணன் மகேஷ்,அருந்ததி நிலையம்,2000,70.00,வரலாற்று நாவல்,
37,,37,கங்கைகொண்ட சோழன்,பாலகுமாரன்,விசா பப்ளிகேசன்,2012,370.00,வரலாற்று நாவல்,
38,,38,பொக்கிஷ வேட்டை,கமலப்ரியா ,திருவரசு புத்தகநிலையம்,2004,40.00,வரலாற்று நாவல்,
39,,39,மதுரவல்லி,கமலப்ரியா ,திருவரசு புத்தகநிலையம்,2006,60.00,வரலாற்று நாவல்,
40,,40,பொன்னியின் செல்வன் - 1 ,கல்கி,சாருப்ரபா பப்ளிகேசன்ஸ்,2005,15.00,வரலாற்று நாவல்,
41,,41,பொன்னியின் செல்வன் - 2,கல்கி,சாருப்ரபா பப்ளிகேசன்ஸ்,2005,15.00,வரலாற்று நாவல்,
42,,42,பொன்னியின் செல்வன் - 3,கல்கி,சாருப்ரபா பப்ளிகேசன்ஸ்,2005,15.00,வரலாற்று நாவல்,
43,,43,பொன்னியின் செல்வன் - 4,கல்கி,சாருப்ரபா பப்ளிகேசன்ஸ்,2005,15.00,வரலாற்று நாவல்,
44,,44,பொன்னியின் செல்வன் - 5,கல்கி,சாருப்ரபா பப்ளிகேசன்ஸ்,2005,15.00,வரலாற்று நாவல்,
45,,45,பொன்னியின் செல்வன் - 6,கல்கி,சாருப்ரபா பப்ளிகேசன்ஸ்,2005,15.00,வரலாற்று நாவல்,
46,,46,பொன்னியின் செல்வன் - 7,கல்கி,சாருப்ரபா பப்ளிகேசன்ஸ்,2005,15.00,வரலாற்று நாவல்,
47,,47,பொன்னியின் செல்வன் - 8,கல்கி,சாருப்ரபா பப்ளிகேசன்ஸ்,2005,15.00,வரலாற்று நாவல்,
48,,48,பொன்னியின் செல்வன் - 9,கல்கி,சாருப்ரபா பப்ளிகேசன்ஸ்,2005,15.00,வரலாற்று நாவல்,
49,,49,பொன்னியின் செல்வன் - 10,கல்கி,சாருப்ரபா பப்ளிகேசன்ஸ்,2004,15.00,வரலாற்று நாவல்,
50,,50,பொன்னியின் செல்வன் - 11,கல்கி,சாருப்ரபா பப்ளிகேசன்ஸ்,2004,12.00,வரலாற்று நாவல்,
51,,51,மோகினித் தீவு,கல்கி,வானதி பதிப்பகம்,2001,20.00,வரலாற்று நாவல்,
52,,52,மோகினித் தீவு,கல்கி,சாரதா பதிப்பகம்,2008,30.00,வரலாற்று நாவல்,
55,,55,பொன்னியின் செல்வன் - 3,கல்கி,சாரதா பதிப்பகம்,2011,650.00,வரலாற்று நாவல்,
56,,56,பொன்னியின் செல்வன் - 4,கல்கி,சாரதா பதிப்பகம்,2011,650.00,வரலாற்று நாவல்,
57,,57,பொன்னியின் செல்வன் - 5,கல்கி,சாரதா பதிப்பகம்,2011,650.00,வரலாற்று நாவல்,
58,,58,பொன்னியின் செல்வன் - 1,கல்கி,திருமகள் நிலையம்,2011,,வரலாற்று நாவல்,
59,,59,பொன்னியின் செல்வன் - 2,கல்கி,திருமகள் நிலையம்,2011,70.00,வரலாற்று நாவல்,
60,,60,பொன்னியின் செல்வன் - 3,கல்கி,திருமகள் நிலையம்,2011,68.00,வரலாற்று நாவல்,
62,,62,பொன்னியின் செல்வன் - 5,கல்கி,திருமகள் நிலையம்,2011,,வரலாற்று நாவல்,
63,,63,சோலைமலை இளவரசி,கல்கி ,சாரதா பதிப்பகம்,2000,30.00,வரலாற்று நாவல்,
64,,64,ரவி குல திலகன்,கல்கி ராஜேந்திரன்,வானதி பதிப்பகம்,2007,125.00,வரலாற்று நாவல்,
66,,66,மதுரவல்லி ,கலாப்ரியா,திருவரசு புத்தகநிலையம்,2006,60.00,வரலாற்று நாவல்,
67,,67,பொக்கிஷ வேட்டை,கலாப்ரியா ,திருவரசு புத்தகநிலையம்,2004,40.00,வரலாற்று நாவல்,
68,,68,தென்பாண்டிச் சிங்கம்,கலைஞர் மு.கருணாநிதி,திருவரசு புத்தகநிலையம்,1996,75.00,வரலாற்று நாவல்,
69,,69,பாயும்புலி பாண்டாரக வன்னியன் ,கலைஞர் மு.கருணாநிதி,ராக்ஃபோர்ட் பதிப்பகம்,1991,125.00,வரலாற்று நாவல்,
70,,70,ரோமாபுரி பாண்டியன்,கலைஞர் மு.கருணாநிதி,பாரதி பதிப்பகம்,2007,300.00,வரலாற்று நாவல்,
72,,72,பாண்டியர் வரலாறு (மீண்டெழும்),கு.செந்தில்மள்ளர்,தமிழ் பண்பாடு ஆய்வு நிலையம்,2012,1500.00,வரலாற்று நாவல்,
73,,73,பாண்டியகுமாரன்,குரும்பூர்.குப்புசாமி,மூவர் நிலையம்,2001,65.00,வரலாற்று நாவல்,
74,,74,விலாசினி,கைலாசம்,வானதி பதிப்பகம்,2014,165.00,வரலாற்று நாவல்,
75,,75,வேலுநாச்சியார்,கே.ஜீவபாரதி,குமரன் பதிப்பகம்,2007,90.00,வரலாற்று நாவல்,
76,,76,தமிழக வரலாறு வரிசை- 10  தாய்நில வரலாறு ,கோ.தங்கவேலு,அமிழ்தம் பதிப்பகம்,2008,195.00,வரலாற்று நாவல்,
77,,77,"தமிழக வரலாறு வரிசை- 11
தமிழக சமூக பண்பாட்டு வரலாறு",கோ.தங்கவேலு,அமிழ்தம் பதிப்பகம்,2008,290.00,வரலாற்று நாவல்,
78,,78,"தமிழக வரலாறு வரிசை- 12
தமிழக சமூக பண்பாட்டு வரலாறு",கோ.தங்கவேலு,அமிழ்தம் பதிப்பகம்,2008,275.00,வரலாற்று நாவல்,
79,,79,தமிழக வரலாறு வரிசை- 9    தாய்நில வரலாறு -1,கோ.தங்கவேலு,அமிழ்தம் பதிப்பகம்,2008,180.00,வரலாற்று நாவல்,
80,,80,சேரன் குலக்கொடி,கோ.வி.மணிசேகரன்,பூம்புகார் பதிப்பகம் ,2012,425.00,வரலாற்று நாவல்,
83,,83,அஜாத சத்ரு ,கோவி மணிசேகரன்,வானதி பதிப்பகம்,1993,45.00,வரலாற்று நாவல்,
84,,84,குற்றால குறிஞ்சி,டாக்டர்.கோ.வி.மணிசேகரன்,வானதி பதிப்பகம்,1994,48.00,வரலாற்று நாவல்,
85,,85,சுதந்திர பூமியில் வெள்ளை நாரைகள்- 1,கோவி மணிசேகரன்,வானதி பதிப்பகம்,1986,,வரலாற்று நாவல்,
86,,86,சுதந்திர பூமியில் வெள்ளை நாரைகள்- 2,கோவி மணிசேகரன்,வானதி பதிப்பகம்,1986,30.00,வரலாற்று நாவல்,
87,,87,சந்திரோதயம் ,கோவி மணிசேகரன்,பூம்புகார் பதிப்பகம் ,2009,290.00,வரலாற்று நாவல்,
88,,88,சரித்திரக் கதைகள் - 3,கோவி மணிசேகரன்,தேவி பிரசுரம்,2007,100.00,வரலாற்று நாவல்,
89,,89,தேவதேவி,கோவி மணிசேகரன்,வள்ளுவர் பண்ணை,1997,45.00,வரலாற்று நாவல்,
90,,90,நந்திவர்மன் ,கோவி மணிசேகரன்,பூம்புகார் பதிப்பகம் ,2010,375.00,வரலாற்று நாவல்,
91,,91,ராஜ கர்ஜணை,கோவி மணிசேகரன்,திருமகள் நிலையம்,1990,35.00,வரலாற்று நாவல்,
92,,92,ராஜமோகினி,கோவி மணிசேகரன்,வள்ளுவர் பண்ணை,1985,,வரலாற்று நாவல்,
93,,93,ராஜராகம் ,கோவி மணிசேகரன்,பூம்புகார் பதிப்பகம் ,2009,265.00,வரலாற்று நாவல்,
94,,94,ராஜதரங்கிணி,கோவி மணிசேகரன்,வானதி பதிப்பகம்,1990,14.00,வரலாற்று நாவல்,
95,,95,வராக நதிக்கரையில்,கோவி மணிசேகரன்,கங்கை புத்தகநிலையம்,1999,38.00,வரலாற்று நாவல்,
96,,96,ராஜா கங்கணம்,கௌதம நீலாம்பரன்,வானதி பதிப்பகம்,1988,18.00,வரலாற்று நாவல்,
97,,97,ஈழவேந்தன் சங்கிலி,கௌதம நீலாம்பரன்,சாரதா பதிப்பகம்,2000,50.00,வரலாற்று நாவல்,
98,,98,ஈழவேந்தன் சங்கிலி,கௌதம நீலாம்பரன்,சாரதா பதிப்பகம்,2006,50.00,வரலாற்று நாவல்,
99,,99,கலிங்க மோகினி,கௌதம நீலாம்பரன்,கங்கை புத்தகநிலையம்,1999,36.00,வரலாற்று நாவல்,
100,,100,கௌதம நீலாம்பரன் - தொகுப்பு 1,கௌதம நீலாம்பரன்,ஸ்ரீ செண்பகா பதிப்பகம்,2012,290.00,வரலாற்று நாவல்,
102,,102,கௌதம நீலாம்பரன் - தொகுப்பு 3,கௌதம நீலாம்பரன்,ஸ்ரீ செண்பகா பதிப்பகம்,2008,190.00,வரலாற்று நாவல்,
103,,103,சாணக்கியரின் காதல்,கௌதம நீலாம்பரன்,சாரதா பதிப்பகம்,2005,50.00,வரலாற்று நாவல்,
104,,104,சோழ வேங்கை,கௌதம நீலாம்பரன்,சாரதா பதிப்பகம்,2005,110.00,வரலாற்று நாவல்,
105,,105,நீலவேணி - 2,கௌதம நீலாம்பரன்,வானதி பதிப்பகம்,1987,30.00,வரலாற்று நாவல்,
106,,106,பல்லவன் தந்த அரியணை ,கௌதம நீலாம்பரன்,சாரதா பதிப்பகம்,2000,75.00,வரலாற்று நாவல்,
107,,107,பூ மரப்பாவை ,கௌதம நீலாம்பரன்,திருவரசு புத்தகநிலையம்,2011,60.00,வரலாற்று நாவல்,
108,,108,மன்னன் மாடத்து நிலவு,கௌதம நீலாம்பரன்,வானதி பதிப்பகம்,1995,30.00,வரலாற்று நாவல்,
109,,109,மாசிடோனிய மாவீரன்,கௌதம நீலாம்பரன்,நிவேதிதா பதிப்பகம்,2004,75.00,வரலாற்று நாவல்,
110,,110,விஜயநந்தினி,கௌதம நீலாம்பரன்,சாரதா பதிப்பகம்,2004,100.00,வரலாற்று நாவல்,
111,,111,வெற்றி மகுடம்,கௌதம நீலாம்பரன்,கங்கை புத்தகநிலையம்,1996,40.00,வரலாற்று நாவல்,
112,,112,வேங்கை விஜயம் ,கௌதம நீலாம்பரன்,கங்கை புத்தகநிலையம்,2004,75.00,வரலாற்று நாவல்,
113,,113,விக்ரமன் காதலி ,சரோஜாசண்முகம்,தமிழன் நிலையம்,1999,40.00,வரலாற்று நாவல்,
114,,114,கடல் புறா- 1,சாண்டில்யன்,வானதி பதிப்பகம்,2002,170.00,வரலாற்று நாவல்,
115,,115,கடல் புறா- 2,சாண்டில்யன்,வானதி பதிப்பகம்,2002,210.00,வரலாற்று நாவல்,
116,,116,கடல் புறா- 3,சாண்டில்யன்,வானதி பதிப்பகம்,2002,140.00,வரலாற்று நாவல்,
117,,117,கடல் ராணி,சாண்டில்யன்,வானதி பதிப்பகம்,2016,280.00,வரலாற்று நாவல்,
119,,119,கவர்ந்த கண்கள்,சாண்டில்யன்,வானதி பதிப்பகம்,2015,60.00,வரலாற்று நாவல்,
120,,120,நாக தேவி ,சாண்டில்யன்,வானதி பதிப்பகம்,2006,70.00,வரலாற்று நாவல்,
121,,121,நாக தீபம்,சாண்டில்யன்,வானதி பதிப்பகம்,2016,100.00,வரலாற்று நாவல்,
122,,122,நாக தீபம்,சாண்டில்யன்,வானதி பதிப்பகம்,2002,50.00,வரலாற்று நாவல்,
123,,123,நில மங்கை,சாண்டில்யன்,வானதி பதிப்பகம்,2010,25.00,வரலாற்று நாவல்,
124,,124,நீல ரதி,சாண்டில்யன்,பாரதி பதிப்பகம்,2005,150.00,வரலாற்று நாவல்,
125,,125,பல்லவ திலகம்,சாண்டில்யன்,வானதி பதிப்பகம்,2015,130.00,வரலாற்று நாவல்,
126,,126,மலை அரசி,சாண்டில்யன்,வானதி பதிப்பகம்,2016,110.00,வரலாற்று நாவல்,
127,,127,மலைவாசல்,சாண்டில்யன்,வானதி பதிப்பகம்,2006,120.00,வரலாற்று நாவல்,
128,,128,மலைவாசல்,சாண்டில்யன்,வானதி பதிப்பகம்,2016,200.00,வரலாற்று நாவல்,
129,,129,மலை அரசி,சாண்டில்யன்,வானதி பதிப்பகம்,2004,65.00,வரலாற்று நாவல்,
131,,131,மாதவியின் மனம்,சாண்டில்யன்,பாரதி பதிப்பகம்,2001,60.00,வரலாற்று நாவல்,
133,,133,மோகனச் சிலை ,சாண்டில்யன்,வானதி பதிப்பகம்,2016,200.00,வரலாற்று நாவல்,
134,,134,மோகினி வனம்,சாண்டில்யன்,வானதி பதிப்பகம்,2016,140.00,வரலாற்று நாவல்,
135,,135,யவனராணி - 1,சாண்டில்யன்,வானதி பதிப்பகம்,2016,270.00,வரலாற்று நாவல்,
136,,136,யவனராணி - 2,சாண்டில்யன்,வானதி பதிப்பகம்,2016,,வரலாற்று நாவல்,
137,,137,யவனராணி - 1,சாண்டில்யன்,வானதி பதிப்பகம்,2008,,வரலாற்று நாவல்,
139,,139,ராணா ஹமீர்,சாண்டில்யன்,வானதி பதிப்பகம்,1982,5.50,வரலாற்று நாவல்,
140,,140,ராணியின் கனவு,சாண்டில்யன்,வானதி பதிப்பகம்,1994,28.00,வரலாற்று நாவல்,
141,,141,ராஜ திலகம் ,சாண்டில்யன்,வானதி பதிப்பகம்,2016,,வரலாற்று நாவல்,
143,,143,ராஜ யோகம்,சாண்டில்யன்,வானதி பதிப்பகம்,2016,90.00,வரலாற்று நாவல்,
144,,144,ராஜ்ய ஸ்ரீ,சாண்டில்யன்,வானதி பதிப்பகம்,2016,135.00,வரலாற்று நாவல்,
145,,145,ராஜ்ய ஸ்ரீ,சாண்டில்யன்,வானதி பதிப்பகம்,2015,130.00,வரலாற்று நாவல்,
146,,146,ராஜா முத்திரை - 1,சாண்டில்யன்,#,,,வரலாற்று நாவல்,
148,,148,விலை ராணி,சாண்டில்யன்,வானதி பதிப்பகம்,2016,,வரலாற்று நாவல்,
149,,149,விலை ராணி  ,சாண்டில்யன்,குங்குமம் தொகுப்பு,1983,,வரலாற்று நாவல்,
150,,150,விஜய மகாதேவி - 1,சாண்டில்யன்,பாரதி பதிப்பகம்,2004,350.00,வரலாற்று நாவல்,
153,,153,ஜல தீபம்- 1 ,சாண்டில்யன்,வானதி பதிப்பகம்,2016,140.00,வரலாற்று நாவல்,
154,,154,ஜல தீபம்- 2,சாண்டில்யன்,வானதி பதிப்பகம்,2016,130.00,வரலாற்று நாவல்,
155,,155,ஜல தீபம்- 3,சாண்டில்யன்,வானதி பதிப்பகம்,2016,170.00,வரலாற்று நாவல்,
156,,156,ஜல மோகினி,சாண்டில்யன்,வானதி பதிப்பகம்,2016,130.00,வரலாற்று நாவல்,
157,,157,ஜீவ பூமி,சாண்டில்யன்,வானதி பதிப்பகம்,2017,100.00,வரலாற்று நாவல்,
158,,158,ஸ்ரீ ராமானுஜர்,சாண்டில்யன்,வானதி பதிப்பகம்,1991,24.00,வரலாற்று நாவல்,
160,,160,காந்தலூர் வசந்தகுமாரன் கதை,சுஜாதா,பாரதி பதிப்பகம்,2004,120.00,வரலாற்று நாவல்,
161,,161,விடிவதற்குள் வா!,சுஜாதா,விசா பப்ளிகேசன்,2006,,சமூக நாவல்,
163,,163,ஜெய ஜெய பவானி - 1,சௌரி,கங்கை புத்தகநிலையம்,1996,80.00,வரலாற்று நாவல்,
165,,165,கண்டராதித்தன் காதல்,டாக்டர் பூவண்ணன் ,வானதி பதிப்பகம்,2007,65.00,வரலாற்று நாவல்,
166,,166,குற்றால குறிஞ்சி,டாக்டர்.கோ.வி.மணிசேகரன்,பூம்புகார் பதிப்பகம் ,2012,275.00,வரலாற்று நாவல்,
167,,167,காஞ்சி கதிரவன்,டாக்டர்.கோ.வி.மணிசேகரன்,பூம்புகார் பதிப்பகம் ,2012,250.00,வரலாற்று நாவல்,
168,,168,ராஜ நட்பு,டாக்டர்.பாவண்ணன்,வானதி பதிப்பகம்,2005,80.00,வரலாற்று நாவல்,
169,,169,ஒற்றை செருப்புகள்,தா.மு.ஏ.ச,இந்தியன் வங்கி ஊழியர்,2001,30.00,சிறுகதைகள்,
170,,170,வீரவெங்கல ராஜா,தாமரை செந்தூர் பாண்டி,சிவசாமி புத்தக நிலையம்,1999,80.00,வரலாற்று நாவல்,
171,,171,தேன் மலைக்கன்னி,தாமரை மணாளன் ,திருவரசு புத்தகநிலையம்,2002,90.00,வரலாற்று நாவல்,
172,,172,பாமினி பாவை,தாமரை மணாளன்,கங்கை புத்தகநிலையம்,1997,70.00,வரலாற்று நாவல்,
174,,174,"தமிழக வரலாறு வரிசை- 1 
பாண்டியர் வரலாறு ",தி.வை.சதாசிவ பண்டாரத்தார்,அமிழ்தம் பதிப்பகம்,2008,130.00,வரலாறு,
175,,175,"தமிழக வரலாறு வரிசை- 2 
பிற்கால சோழர் சரித்திரம்-1",தி.வை.சதாசிவ பண்டாரத்தார்,அமிழ்தம் பதிப்பகம்,2008,185.00,வரலாறு,
176,,176,"தமிழக வரலாறு வரிசை- 3 
பிற்கால சோழர் சரித்திரம்-2",தி.வை.சதாசிவ பண்டாரத்தார்,அமிழ்தம் பதிப்பகம்,2008,275.00,வரலாறு,
177,,177,வம்சதாரா -2,திவாகர்,நர்மதா பதிப்பகம்,2003,100.00,வரலாற்று நாவல்,
178,,178,வம்சதாரா -1,திவாகர்,நர்மதா பதிப்பகம்,2003,100.00,வரலாற்று நாவல்,
181,,181,சேதுநாட்டு செல்லக்கிளி ,தென்னரசு,சீதை பதிப்பகம்,2012,80.00,வரலாற்று நாவல்,
182,,182,கர்ண பரம்பரை,நரசிம்மா,வானதி பதிப்பகம்,2010,225.00,வரலாற்று நாவல்,
183,,183,நீள் துயில்,நா.கல்யாணிமணியம் ,சித்தன் கலைக்கூடம்,2009,200.00,வரலாற்று நாவல்,
184,,184,கபாடபுரம்,நா.பார்த்தசாரதி,தமிழ்ப் புத்தகாலயம்,2002,55.00,வரலாற்று நாவல்,
185,,185,நித்திலவல்லி,நா.பார்த்தசாரதி,தமிழ்ப் புத்தகாலயம்,2002,175.00,வரலாற்று நாவல்,
186,,186,பாண்டிமா தேவி,நா.பார்த்தசாரதி,தமிழ்ப் புத்தகாலயம்,2000,250.00,வரலாற்று நாவல்,
187,,187,பாண்டிமா தேவி,நா.பார்த்தசாரதி,திருமகள் நிலையம்,2012,250.00,வரலாற்று நாவல்,
189,,189,மணி பல்லவம்,நா.பார்த்தசாரதி,சீதை பதிப்பகம்,2012,325.00,வரலாற்று நாவல்,
190,,190,ராணி மங்கம்மாள்,நா.பார்த்தசாரதி,தமிழ்ப் புத்தகாலயம்,2002,70.00,வரலாற்று நாவல்,
191,,191,ராணி மங்கம்மாள் ,நா.பார்த்தசாரதி,சீதை பதிப்பகம்,2012,70.00,வரலாற்று நாவல்,
192,,192,வஞ்சி மாநகரம்,நா.பார்த்தசாரதி,சீதை பதிப்பகம்,2011,45.00,வரலாற்று நாவல்,
193,,193,வஞ்சி மாநகரம்,நா.பார்த்தசாரதி,தமிழ்ப் புத்தகாலயம்,2002,36.00,வரலாற்று நாவல்,
194,,194,வெற்றி முழக்கம்,நா.பார்த்தசாரதி,தமிழ்ப் புத்தகாலயம்,2003,180.00,வரலாற்று நாவல்,
195,,195,முத்தழகி ,நாஞ்சில்மன்னன் ,விசாலம் பதிப்பகம்,2001,80.00,வரலாற்று நாவல்,
196,,196,ஆயிரத்து ஓர் இரவுகள் ,பட்டத்தி மைந்தன்,ராமையா பதிப்பகம்,2011,350.00,வரலாற்று நாவல்,
197,,197,பாண்டியன் நாயகன்,பாரதிதாசன்,நிவேதிதா பதிப்பகம்,2006,100.00,வரலாற்று நாவல்,
198,,198,சந்திர வதனா - 1,பால சுப்பிரமணியன் ,கலைஞன் பதிப்பகம்,1998,85.00,வரலாற்று நாவல்,
199,,199,சந்திர வதனா - 2,பால சுப்பிரமணியன் ,கலைஞன் பதிப்பகம்,1998,110.00,வரலாற்று நாவல்,
200,,200,சந்திர வதனா - 3,பால சுப்பிரமணியன் ,கலைஞன் பதிப்பகம்,1998,90.00,வரலாற்று நாவல்,
201,,201,சந்திர வதனா - 4,பால சுப்பிரமணியன் ,கலைஞன் பதிப்பகம்,1998,90.00,வரலாற்று நாவல்,
202,,202,உடையார் - 1,பாலகுமாரன்,விசா பப்ளிகேசன்,2002,170.00,வரலாற்று நாவல்,
204,,204,உடையார் - 6,பாலகுமாரன் ,விசா பப்ளிகேசன்,2006,250.00,வரலாற்று நாவல்,
205,,205,கங்கை கொண்ட சோழன் - 3,பாலகுமாரன் ,விசா பப்ளிகேசன்,2014,325.00,வரலாற்று நாவல்,
206,,206,காதல் அரங்கம் ,பாலகுமாரன்,விசா பப்ளிகேசன்,2002,64.00,வரலாற்று நாவல்,
207,,207,பெண்ணாசை ,பாலகுமாரன்,விசா பப்ளிகேசன்,2011,105.00,வரலாற்று நாவல்,
208,,208,தமிழக வரலாற்று களஞ்சியம்- 1 ,பாலன் ,வானதி பதிப்பகம்,2014,330.00,வரலாறு,
209,,209,தமிழக வரலாற்று களஞ்சியம்- 2,பாலன் ,வானதி பதிப்பகம்,2014,320.00,வரலாறு,
210,,210,தமிழக வரலாற்று களஞ்சியம்- 3,பாலன் ,வானதி பதிப்பகம்,2014,350.00,வரலாறு,
212,,212,தீரன் சின்னமலை,பாஸ்கரதாசன்,கொங்கு நூல் பதிப்பகம்,2008,150.00,வரலாற்று நாவல்,
213,,213,"தமிழக வரலாறு வரிசை- 8 
தமிழக வரலாறு",புலவர் குழந்தை,அமிழ்தம் பதிப்பகம்,2008,180.00,வரலாற்று நாவல்,
214,,214,மகத மகுடம் ,பொன்.பரமகுரு,பூம்புகார் பதிப்பகம் ,1993,50.00,வரலாற்று நாவல்,
215,,215,விடுதலை போரில் புலித்தேவன்,ம.நடராசன்,தமிழ் அரசி பதிப்பகம்,2002,50.00,வரலாற்று நாவல்,
216,,216,சாணக்கியன் சாம்ராஜ்யம்,மகரிஷி,நிவேதிதா பதிப்பகம்,2007,100.00,வரலாற்று நாவல்,
217,,217,வந்தார்கள் வென்றார்கள்,மதன்,விகடன் பிரசுரம்,,,வரலாறு,
218,,218,இதய ரோஜா,மதுரம் சுந்தரேசன்,வானதி பதிப்பகம்,2011,350.00,வரலாற்று நாவல்,
219,,219,இருபதாவது இல்லத்தரசி,மதுரம் சுந்தரேசன்,வானதி பதிப்பகம்,2010,250.00,வரலாற்று நாவல்,
220,,220,நிழல் இளவரசி,மதுரம் சுந்தரேசன்,வானதி பதிப்பகம்,2013,250.00,வரலாற்று நாவல்,
221,,221,மஞ்சள் மாடத்து நிலவு,மதுரா ,கங்கை புத்தகநிலையம்,2007,40.00,வரலாற்று நாவல்,
222,,222,"தமிழக வரலாறு வரிசை- 6 
கொங்குநாட்டு வரலாறு, துளுவநாட்டு வரலாறு",மயிலை சினி.வேங்கடசாமி,அமிழ்தம் பதிப்பகம்,2008,230.00,வரலாறு,
223,,223,"தமிழக வரலாறு வரிசை- 7 
களப்பிரர் காலத்தமிழகம்",மயிலை சினி.வேங்கடசாமி,அமிழ்தம் பதிப்பகம்,2008,220.00,வரலாறு,
224,,224,திப்பு சுல்தான்,மருதன்,கிழக்கு பதிப்பகம்,2009,60.00,வரலாறு,
225,,225,"தமிழக வரலாறு வரிசை- 5 
பல்லவர் வரலாறு",மா.இராசமாணிக்கனார்,அமிழ்தம் பதிப்பகம்,2008,240.00,வரலாறு,
226,,226,கடாரம் ,மாயா,வானதி பதிப்பகம்,2015,400.00,வரலாற்று நாவல்,
227,,227,விஜயதரங்கிணி,முகிலன்,திருவரசு புத்தகநிலையம்,2007,130.00,வரலாற்று நாவல்,
228,,228,நான் கிருஷ்ணா தேவராயன் - 1,ரா.கி.ரங்கராஜன்,வானதி பதிப்பகம்,2001,70.00,வரலாற்று நாவல்,
229,,229,நான் கிருஷ்ணா தேவராயன் - 2,ரா.கி.ரங்கராஜன்,வானதி பதிப்பகம்,2001,70.00,வரலாற்று நாவல்,
230,,230,வாளின் முத்தம்,ரா.கி.ரங்கராஜன்,வானதி பதிப்பகம்,2001,50.00,வரலாற்று நாவல்,
232,,232,துளசிதாசர் முதல் மீராபாய் வரை,ரா.வேங்கடசாமி ,சூரியன் பதிப்பகம்,2013,125.00,ஆன்மீகம்,
233,,233,மாமன்னன் உலா ,ராஜகுரு,கங்கை புத்தகநிலையம்,1994,56.00,வரலாற்று நாவல்,
235,,235,இதோ ஒரு இதயம் ,லஷ்மி,திருமகள் நிலையம்,2005,68.00,சமூக நாவல்,
236,,236,இளைய வேந்தன் ,வி.ராஜசேகர்,ஆர் ஆர் நிலையம்,2001,80.00,வரலாற்று நாவல்,
237,,237,குலோத்துங்கன் சபதம்,விக்ரமன்,விக்ரமன் பதிப்பகம்,2002,70.00,வரலாற்று நாவல்,
238,,238,உதய சந்திரன்,விக்ரமன்,வனிதா பதிப்பகம்,2004,120.00,வரலாற்று நாவல்,
239,,239,கங்காபுரி காவலன் பாகம் - 1,விக்ரமன் ,வனிதா பதிப்பகம்,2006,120.00,வரலாற்று நாவல்,
240,,240,கங்காபுரி காவலன் பாகம் - 2,விக்ரமன் ,வனிதா பதிப்பகம்,2006,120.00,வரலாற்று நாவல்,
241,,241,கங்காபுரி காவலன் பாகம் - 3,விக்ரமன் ,வனிதா பதிப்பகம்,2006,120.00,வரலாற்று நாவல்,
242,,242,கங்காபுரி காவலன் பாகம் - 1,விக்ரமன்,வனிதா பதிப்பகம்,2006,,வரலாற்று நாவல்,
243,,243,கங்காபுரி காவலன் பாகம் - 2,விக்ரமன்,வனிதா பதிப்பகம்,2006,120.00,வரலாற்று நாவல்,
244,,244,சோழ இளவரசன் கனவு,விக்ரமன் ,வானதி பதிப்பகம்,1998,80.00,வரலாற்று நாவல்,
245,,245,சோழ மகுடம்,விக்ரமன்,வானதி பதிப்பகம்,1993,37.00,வரலாற்று நாவல்,
246,,246,சோழ மகுடம் ,விக்ரமன் ,நிவேதிதா பதிப்பகம்,2007,,வரலாற்று நாவல்,
247,,247,தெற்குவாசல் மோகினி,விக்ரமன்,நிவேதிதா பதிப்பகம்,2007,,வரலாற்று நாவல்,
248,,248,நந்திபுரத்து நாயகி - 1,விக்ரமன் ,விக்ரமன் பதிப்பகம்,2001,280.00,வரலாற்று நாவல்,
249,,249,நந்திபுரத்து நாயகி - 2,விக்ரமன் ,விக்ரமன் பதிப்பகம்,2001,280.00,வரலாற்று நாவல்,
250,,250,நந்திபுரத்து நாயகி - 3,விக்ரமன் ,விக்ரமன் பதிப்பகம்,2001,280.00,வரலாற்று நாவல்,
251,,251,பராந்தகன் மகள்,விக்ரமன்,விக்ரமன் பதிப்பகம்,2002,45.00,வரலாற்று நாவல்,
252,,252,பாண்டிய மகுடம்,விக்ரமன்,சுவாதி பதிப்பகம்,2001,85.00,வரலாற்று நாவல்,
253,,253,மாணிக்க வீணை,விக்ரமன் ,விக்ரமன் பதிப்பகம்,2003,90.00,வரலாற்று நாவல்,
254,,254,மாறவர்மன் காதலி,விக்ரமன்,ஜம்பு பப்ளிகேசன்,2007,90.00,வரலாற்று நாவல்,
255,,255,வந்திய தேவன் வாள்,விக்ரமன்,விக்ரமன் பதிப்பகம்,2007,140.00,வரலாற்று நாவல்,
257,,257,அசோகர்,வின்சென்ட் A . ஸ்மித்,சந்தியா பதிப்பகம்,2009,110.00,வரலாற்று நாவல்,
258,,258,மகுட வைரம்,விஸ்வக் சேனன்,வானதி பதிப்பகம்,2005,100.00,வரலாற்று நாவல்,
259,,259,சேர சோழ பாண்டியன் ,மயிலை சீனி.வேங்கடசாமி,வ உ சி நூலகம்,2005,90.00,வரலாற்று நாவல்,
260,,260,வான வல்லி- 1,வெற்றி வேல் ,வானதி பதிப்பகம்,2016,570.00,வரலாற்று நாவல்,
261,,261,வான வல்லி- 2,வெற்றி வேல் ,வானதி பதிப்பகம்,2016,320.00,வரலாற்று நாவல்,
262,,262,வான வல்லி- 3,வெற்றி வேல் ,வானதி பதிப்பகம்,2016,530.00,வரலாற்று நாவல்,
263,,263,வான வல்லி- 4,வெற்றி வேல் ,வானதி பதிப்பகம்,2016,580.00,வரலாற்று நாவல்,
264,,264,நாகநந்தினி,வே.கபிலன்,குறள் நிலையம்,1976,5.00,வரலாற்று நாவல்,
265,,265,நித்திலவல்லி ,வே.கபிலன்,தமிழன் நிலையம்,1995,40.00,வரலாற்று நாவல்,
266,,266,பாண்டியன் திருமேனி ,வே.கபிலன்,திருமுருக நிலையம்,2000,60.00,வரலாற்று நாவல்,
267,,267,பீலிவளை ,வே.கபிலன்,தமிழன் நிலையம்,1994,50.00,வரலாற்று நாவல்,
268,,268,புலிநகம் ,வே.கபிலன்,வள்ளுவர் பண்ணை,1984,16.00,வரலாற்று நாவல்,
269,,269,மதுராந்தகி ,வே.கபிலன்,தமிழன் நிலையம்,1996,35.00,வரலாற்று நாவல்,
270,,270,மறவன் மகள் ,வே.கபிலன்,தமிழன் நிலையம்,2002,80.00,வரலாற்று நாவல்,
271,,271,வில்லவன் கோதை ,வே.கபிலன்,அருணோதயம் பதிப்பகம்,2002,75.00,வரலாற்று நாவல்,
272,,272,கொங்குத் திலகம்,கமலப்ரியா ,திருவரசு புத்தகநிலையம்,2003,100.00,வரலாற்று நாவல்,
273,,273,நீலவேணி - 1,வே.லக்ஷ்மணன்,வானதி பதிப்பகம்,1987,25.00,வரலாற்று நாவல்,
274,,274,சுவர்ணமுகி,வேணுகோபாலன்,பூம்புகார் பதிப்பகம் ,1997,65.00,வரலாற்று நாவல்,
275,,275,திருவரங்கன் உலா - 1,வேணுகோபாலன் ,லக்ஷ்மி ஸ்ரீ பதிப்பகம்,2004,100.00,வரலாற்று நாவல்,
276,,276,திருவரங்கன் உலா - 2,வேணுகோபாலன் ,லக்ஷ்மி ஸ்ரீ பதிப்பகம்,2004,100.00,வரலாற்று நாவல்,
277,,277,திருவரங்கன் உலா - 3,வேணுகோபாலன் ,லக்ஷ்மி ஸ்ரீ பதிப்பகம்,2001,75.00,வரலாற்று நாவல்,
278,,278,திருவரங்கன் உலா - 4,வேணுகோபாலன் ,லக்ஷ்மி ஸ்ரீ பதிப்பகம்,2001,75.00,வரலாற்று நாவல்,
279,,279,மன்மத பாண்டியன்,வேணுகோபாலன்,பூம்புகார் பதிப்பகம் ,1998,55.00,வரலாற்று நாவல்,
280,,280,மோகவல்லி தூது,வேணுகோபாலன்,பூம்புகார் பதிப்பகம் ,1998,67.50,வரலாற்று நாவல்,
281,,281,மோகினி திருக்கோலம்,வேணுகோபாலன்,லக்ஷ்மி ஸ்ரீ பதிப்பகம்,2003,95.00,வரலாற்று நாவல்,
282,,282,செம்பியர் திலகம் - 1,ஜி.ஏ.வடிவேலு,பூம்புகார் பதிப்பகம் ,2002,175.00,வரலாற்று நாவல்,
283,,283,செம்பியர் திலகம் - 2,ஜி.ஏ.வடிவேலு,பூம்புகார் பதிப்பகம் ,2002,175.00,வரலாற்று நாவல்,
284,,284,திருச்சிற்றம்பலம்,ஜெகசிற்பியன்,வானதி பதிப்பகம்,2001,90.00,வரலாற்று நாவல்,
285,,285,நந்தி வர்மன் காதலி,ஜெகசிற்பியன்,வானதி பதிப்பகம்,1998,55.00,வரலாற்று நாவல்,
286,,286,நாயகி நற்சோனை,ஜெகசிற்பியன்,வானதி பதிப்பகம்,2002,90.00,வரலாற்று நாவல்,
287,,287,பத்தினி கோட்டம் - 1,ஜெகசிற்பியன்,வானதி பதிப்பகம்,2003,135.00,வரலாற்று நாவல்,
288,,288,பத்தினி கோட்டம் - 2,ஜெகசிற்பியன்,வானதி பதிப்பகம்,2003,100.00,வரலாற்று நாவல்,
289,,289,பத்தினி கோட்டம் - 1,ஜெகசிற்பியன்,வானதி பதிப்பகம்,2014,240.00,வரலாற்று நாவல்,
290,,290,பத்தினி கோட்டம் - 2,ஜெகசிற்பியன்,வானதி பதிப்பகம்,2014,180.00,வரலாற்று நாவல்,
291,,291,மகரயாழ் மங்கை,ஜெகசிற்பியன்,வானதி பதிப்பகம்,2002,100.00,வரலாற்று நாவல்,
292,,292,போரும் பாவையும் ,,புக்ஸெண்டர்,1968,15.00,வரலாற்று நாவல்,
293,,293,சிற்பியின் கனவு ,தே.ப.பெருமாள்,அம்பிகா பதிப்பகம்,1999,60.00,வரலாற்று நாவல்,
294,,294,மஞ்சள் புறா ,மதுரா ,கங்கை புத்தகநிலையம்,2004,55.00,வரலாற்று நாவல்,
295,,295,காவிரி மைந்தன் - 1,அனுஷா வெங்கடேஷ் ,அவென்யூ பிரஸ்,2006,160.00,வரலாற்று நாவல்,
296,,296,காவிரி மைந்தன் - 2,அனுஷா வெங்கடேஷ் ,அவென்யூ பிரஸ்,2006,160.00,வரலாற்று நாவல்,
297,,297,காவிரி மைந்தன் - 3,அனுஷா வெங்கடேஷ் ,அவென்யூ பிரஸ்,2006,150.00,வரலாற்று நாவல்,
298,,298,வேங்கடம் முதல் குமரி வரை,பாஸ்கர தொண்டைமான்,சந்தியா பதிப்பகம்,2009,600.00,வரலாற்று நாவல்,
299,,299,கரிகாலன் கனவு ,அய்க்கண்,வானதி பதிப்பகம்,1993,57.00,வரலாற்று நாவல்,
300,,300,அசோகன் காதலி,அரு.ராமநாதன்,பிரேமா பிரசுரம்,1986,8.00,வரலாற்று நாவல்,
301,,301,அம்பிகாபதி,அரு.ராமநாதன்,பிரேமா பிரசுரம்,1990,7.00,வரலாற்று நாவல்,
302,,302,பழையனூர் நீலி,அரு.ராமநாதன்,பிரேமா பிரசுரம்,1990,8.00,வரலாற்று நாவல்,
303,,303,வீரபாண்டியன் மனைவி - 1,அரு.ராமநாதன்,பிரேமா பிரசுரம்,1998,50.00,வரலாற்று நாவல்,
304,,304,வீரபாண்டியன் மனைவி - 2,அரு.ராமநாதன்,பிரேமா பிரசுரம்,1999,68.00,வரலாற்று நாவல்,
305,,305,வீரபாண்டியன் மனைவி - 3,அரு.ராமநாதன்,பிரேமா பிரசுரம்,1992,66.00,வரலாற்று நாவல்,
310,,310,கடம்ப வனம்,அருணன்,வைகை வெளியீடு,2001,100.00,வரலாற்று நாவல்,
313,,313,தைமூரின் காதலி,எஸ்.எஸ்.தென்னரசு,வானதி பதிப்பகம்,1979,3.00,வரலாற்று நாவல்,
315,,315,மயிலாடும் பாறை,எஸ்.எஸ்.தென்னரசு,வானதி பதிப்பகம்,1975,2.50,வரலாற்று நாவல்,
317,,317,ஊமையன் கோட்டை,கண்ணதாசன்,வானதி பதிப்பகம்,1997,28.00,வரலாற்று நாவல்,
319,,319,சேரமான் காதலி,கண்ணதாசன்,வானதி பதிப்பகம்,1997,105.00,வரலாற்று நாவல்,
320,,320,பாரிமலைக் கொடி,கண்ணதாசன்,வானதி பதிப்பகம்,1997,18.00,வரலாற்று நாவல்,
321,,321,பாரிமலைக் கொடி,கண்ணதாசன்,வானதி பதிப்பகம்,1997,18.00,வரலாற்று நாவல்,
322,,322,சிவகாமியின் சபதம் - 1 & 2,கல்கி,சாரதா பதிப்பகம்,2005,75.00,வரலாற்று நாவல்,
324,,324,சிவகாமியின் சபதம் - 3 & 4,கல்கி,சாரதா பதிப்பகம்,2005,75.00,வரலாற்று நாவல்,
325,,325,உடையார் - 4,கல்கி,விசா பப்ளிகேசன்,2005,185.00,வரலாற்று நாவல்,
327,,327,உடையார் - 5,கல்கி,விசா பப்ளிகேசன்,2005,165.00,வரலாற்று நாவல்,
329,,329,குவாய் நதி தீரம்,ஸ்ரீ வேணுகோபாலன் ,பூம்புகார் பதிப்பகம் ,1998,55.00,வரலாற்று நாவல்,
330,,330,சரித்திர காலத்து காதல் கதைகள்,ஸ்ரீ வேணுகோபாலன் ,பூம்புகார் பதிப்பகம் ,1998,40.00,வரலாற்று நாவல்,
331,,331,கள்ளழகர் காதலி,ஸ்ரீ வேணுகோபாலன் ,பூம்புகார் பதிப்பகம் ,1998,65.00,வரலாற்று நாவல்,
332,,332,வீரன் அழகு முத்துக்கோன்,கௌமாரீஸ்வரி,சாரதா பதிப்பகம்,2001,30.00,வரலாற்று நாவல்,
333,,333,செம்பியன் செல்வி,கோவி.மணிசேகரன்,சாரதா பதிப்பகம்,2001,,வரலாற்று நாவல்,
334,,334,பொற்காலப் பூம்பாவை ,கோவி.மணிசேகரன்,வள்ளுவர் பண்ணை,1985,40.00,வரலாற்று நாவல்,
335,,335,மயிலிறகு ,கோவி.மணிசேகரன்,பூம்புகார் பதிப்பகம் ,1981,4.90,வரலாற்று நாவல்,
336,,336,ராஜதரங்கிணி,கோவி.மணிசேகரன்,வானதி பதிப்பகம்,1990,14.00,வரலாற்று நாவல்,
337,,337,ராஜாளிப் பறவை,கோவி.மணிசேகரன்,திருமகள் நிலையம்,1985,12.25,வரலாற்று நாவல்,
338,,338,ஹைதர் அலி,கோவி.மணிசேகரன்,திருமகள் நிலையம்,1982,8.00,வரலாற்று நாவல்,
339,,339,மாணிக்கத் தீவு ,கோவிந்தவல்லப்பன் ,குங்குமம் தொகுப்பு,1974,,வரலாற்று நாவல்,
340,,340,அவனி சுந்தரி,சாண்டில்யன்,வானதி பதிப்பகம்,2002,30.00,வரலாற்று நாவல்,
341,,341,இந்திர குமாரி,சாண்டில்யன்,வானதி பதிப்பகம்,2000,30.00,வரலாற்று நாவல்,
342,,342,இளைய ராணி,சாண்டில்யன்,வானதி பதிப்பகம்,1999,18.00,வரலாற்று நாவல்,
343,,343,உதய பானு,சாண்டில்யன்,வானதி பதிப்பகம்,1999,14.00,வரலாற்று நாவல்,
345,,345,கன்னிமாடம்,சாண்டில்யன்,வானதி பதிப்பகம்,2016,250.00,வரலாற்று நாவல்,
347,,347,சித்தரஞ்சனி,சாண்டில்யன்,வானதி பதிப்பகம்,2002,58.00,வரலாற்று நாவல்,
350,,350,நில மங்கை,சாண்டில்யன்,வானதி பதிப்பகம்,2000,18.00,வரலாற்று நாவல்,
351,,351,நீலவல்லி,சாண்டில்யன்,வானதி பதிப்பகம்,1999,22.00,வரலாற்று நாவல்,
352,,352,பல்லவ திலகம்,சாண்டில்யன்,வானதி பதிப்பகம்,2001,55.00,வரலாற்று நாவல்,
353,,353,பாண்டியன் பவனி,சாண்டில்யன்,வானதி பதிப்பகம்,1999,30.00,வரலாற்று நாவல்,
356,,356,மன்னன் மகள்,சாண்டில்யன்,வானதி பதிப்பகம்,1999,,வரலாற்று நாவல்,
358,,358,மோகினி வனம்,சாண்டில்யன்,வானதி பதிப்பகம்,1999,60.00,வரலாற்று நாவல்,
361,,361,ராணா ஹமீர்,சாண்டில்யன்,வானதி பதிப்பகம்,2001,20.00,வரலாற்று நாவல்,
363,,363,ராஜ யோகம் ,சாண்டில்யன்,வானதி பதிப்பகம்,2001,,வரலாற்று நாவல்,
364,,364,ராஜ யோகம் ,சாண்டில்யன்,வானதி பதிப்பகம்,2001,30.00,வரலாற்று நாவல்,
365,,365,வசந்த காலம்,சாண்டில்யன்,வானதி பதிப்பகம்,2000,20.00,வரலாற்று நாவல்,
366,,366,ஜல மோகினி,சாண்டில்யன்,வானதி பதிப்பகம்,2000,,வரலாற்று நாவல்,
367,,367,ஜலதீபம் - 1,சாண்டில்யன்,வானதி பதிப்பகம்,2001,70.00,வரலாற்று நாவல்,
368,,368,ஜலதீபம் - 2,சாண்டில்யன்,வானதி பதிப்பகம்,2001,60.00,வரலாற்று நாவல்,
369,,369,ஜலதீபம் - 3,சாண்டில்யன்,வானதி பதிப்பகம்,2001,90.00,வரலாற்று நாவல்,
370,,370,மொகலாய மன்னர்கள்,தங்கவயல்லோகிதாசன்,ஓரி நிலையம்,,,வரலாறு,
371,,371,ரோமாபுரி விந்தைகள்,தங்கவயல்லோகிதாசன்,கலைவாணர் பதிப்பகம்,1991,30.00,வரலாற்று நாவல்,
372,,372,வஞ்சி மாநகரம்,நா.பார்த்தசாரதி,தமிழ்ப் புத்தகாலயம்,1988,10.00,வரலாற்று நாவல்,
373,,373,வஞ்சி மாநகரம்,நா.பார்த்தசாரதி,தமிழ்ப் புத்தகாலயம்,1996,25.00,வரலாற்று நாவல்,
374,,374,வானம் வசப்படும் 1,பிரபஞ்சன்,கவிதா பப்ளிகேசன்,1995,,வரலாற்று நாவல்,
375,,375,வானம் வசப்படும் 2,பிரபஞ்சன்,கவிதா பப்ளிகேசன்,1995,,வரலாற்று நாவல்,
376,,376,"வானம் வசப்படும் 1,2 &3",பிரபஞ்சன்,கவிதா பப்ளிகேசன்,1995,130.00,வரலாற்று நாவல்,
377,,377,ராஜகுரு,பூவை.எஸ்.ஆறுமுகம்,பிரபாத் புக் ஹவுஸ்,1994,13.50,வரலாற்று நாவல்,
379,,379,வில்லோடு வா நிலவே,வைரமுத்து,சூர்யா பதிப்பகம்,2001,75.00,வரலாற்று நாவல்,
380,,380,ஒரு போர்க்களமும் இரண்டு பூக்களும்,வைரமுத்து,திருமகள் நிலையம்,2000,40.00,வரலாற்று நாவல்,
381,,381,தென்பாண்டிச் சிங்கம்,மு.கருணாநிதி,திருமகள் நிலையம்,1996,75.00,வரலாற்று நாவல்,
383,,383,சோழநிலா,மு.மேத்தா,பாரதி பதிப்பகம்,1996,60.00,வரலாற்று நாவல்,
384,,384,மருக்கொழுந்து மங்கை,ர.சு.நல்லபெருமாள்,திருவரசு புத்தகநிலையம்,2001,100.00,வரலாற்று நாவல்,
385,,385,வாளின் முத்தம் ,ரா.கி.ரங்கராசன்,பூம்புகார் பதிப்பகம் ,1980,9.90,வரலாற்று நாவல்,
386,,386,இராஜநாயகி - 1,ராஜரத்னம்,கலா நிலையம்,1996,63.00,வரலாற்று நாவல்,
387,,387,இராஜநாயகி - 2,ராஜரத்னம்,கலா நிலையம்,1996,57.00,வரலாற்று நாவல்,
388,,388,கடல்புரத்தில்…,வண்ணநிலவன்,நர்மதா பதிப்பகம்,1991,17.00,வரலாற்று நாவல்,
389,,389,இரத்தின ஹாரம்,விக்ரமன்,குமரன் பதிப்பகம்,1994,15.00,வரலாற்று நாவல்,
390,,390,காந்திமதியின் கணவன்,விக்ரமன்,விக்ரமன் பதிப்பகம்,1990,20.00,வரலாற்று நாவல்,
391,,391,கோவூர் கூனன்,விக்ரமன்,கவிதா பப்ளிகேசன்,1994,27.00,வரலாற்று நாவல்,
392,,392,தியாக வல்லபன்,விக்ரமன்,சேது அலமி,1994,27.00,வரலாற்று நாவல்,
394,,394,பாண்டியன் மகுடம்,விக்ரமன்,விக்ரமன் பதிப்பகம்,1992,12.00,வரலாற்று நாவல்,
395,,395,மங்கலத் தேவன் மகன்,விக்ரமன்,குமரன் பதிப்பகம்,1994,18.00,வரலாற்று நாவல்,
396,,396,யாழ் நங்கை,விக்ரமன்,குமரன் பதிப்பகம்,1994,20.00,வரலாற்று நாவல்,
397,,397,வஞ்சிநகர் வஞ்சி,விக்ரமன்,கவிதா பப்ளிகேசன்,1994,25.00,வரலாற்று நாவல்,
398,,398,இந்திர தனுசு,ஜெகசிற்பியன்,வானதி பதிப்பகம்,1979,5.00,வரலாற்று நாவல்,
400,,400,வில்லோடு வா நிலவே,வைரமுத்து,சூர்யா பதிப்பகம்,1994,45.00,வரலாற்று நாவல்,
401,,401,ஆலவாயழகன்,ஜெகசிற்பியன்,வானதி பதிப்பகம்,2002,100.00,வரலாற்று நாவல்,
402,,402,சங்கதாரா,நரசிம்மா,வானதி பதிப்பகம்,2016,200.00,வரலாற்று நாவல்,
403,,403,பெண்ணரசிகள்,பா.ராகவன்,மதி நிலையம்,2012,165.00,வரலாறு,
404,,404,மருக்கொழுந்து மங்கை,ர.சு.நல்லபெருமாள்,திருவரசு புத்தகநிலையம்,2001,100.00,வரலாற்று நாவல்,
405,,405,வாளின் முத்தம்,ரா.கி.ரங்கராஜன்,திருவரசு புத்தகநிலையம்,2001,50.00,வரலாற்று நாவல்,
406,,406,அந்தப்புரம் போகாதே அரிஞ்சயா,நரசிம்மா,வானதி பதிப்பகம்,2017,400.00,வரலாற்று நாவல்,
407,,407,வெற்றிக்களிறு,அபிராமி,வானதி பதிப்பகம்,2017,200.00,வரலாற்று நாவல்,
408,,408,ராஜாளி - 1 (கடல்புறாவுக்குப் பின்),டாக்டர்.எல்.கைலாசம்,வானதி பதிப்பகம்,2017,250.00,வரலாற்று நாவல்,
409,,409,ராஜாளி - 2 (கடல்புறாவுக்குப் பின்),டாக்டர்.எல்.கைலாசம்,வானதி பதிப்பகம்,2017,350.00,வரலாற்று நாவல்,
410,,410,கங்கை கொண்ட சோழன் -1,பாலகுமாரன்,விசா பப்ளிகேசன்,2016,470.00,வரலாற்று நாவல்,
411,,411,கங்கை கொண்ட சோழன் -2,பாலகுமாரன்,விசா பப்ளிகேசன்,2016,460.00,வரலாற்று நாவல்,
412,,412,கங்கை கொண்ட சோழன் - 4,பாலகுமாரன்,விசா பப்ளிகேசன்,2017,500.00,வரலாற்று நாவல்,
413,,413,சேரன் செல்வி,சாண்டில்யன்,வானதி பதிப்பகம்,2009,100.00,வரலாற்று நாவல்,
414,,414,உடையார் - 3,பாலகுமாரன்,விசா பப்ளிகேசன்,2016,350.00,வரலாற்று நாவல்,
415,,415,உடையார் - 5,பாலகுமாரன்,விசா பப்ளிகேசன்,2016,245.00,வரலாற்று நாவல்,
416,,416,வருசநாட்டு ஜமீன் கதை,வடவீர பொன்னையா,விகடன் பப்ளிகேசன்,2016,150.00,வரலாற்று நாவல்,
417,,417,வீரசிவாஜி,கே.ஜி ஜவர்லால்,கிழக்கு பதிப்பகம்,2017,85.00,வரலாற்று நாவல்,
418,,418,மகா வம்சம்,ஆர்.பி.சாரதி,கிழக்கு பதிப்பகம்,2007,230.00,வரலாற்று நாவல்,
419,,419,கரிகால் சோழன்,டாக்டர் நிரஞ்சனா தேவி,விகடன் பிரசுரம்,2016,285.00,வரலாற்று நாவல்,
420,,420,நான் சாணக்கியன்!,அருண் சரண்யா,சூரியன் பதிப்பகம்,2016,200.00,வரலாற்று நாவல்,
421,,421,ஆயிரமாண்டு அதிசயம்,அமுதன்,தினத்தந்தி,2016,,வரலாறு,
422,,422,ராஜேந்திரன்,வெ.நீலகண்டன்,சூரியன் பதிப்பகம்,2015,150.00,வரலாற்று நாவல்,
423,,423,வென்வேல் சென்னி - 1,சி.வெற்றிவேல்,வானதி பதிப்பகம்,2017,600.00,வரலாற்று நாவல்,
424,,424,வென்வேல் சென்னி - 2,சி.வெற்றிவேல்,வானதி பதிப்பகம்,2017,600.00,வரலாற்று நாவல்,
425,,425,கல்வெட்டு சொல்லும் கோயில் கதைகள்,குடவாயில் பாலசுப்ரமணியன்,சூரியன் பதிப்பகம்,2016,180.00,ஆன்மீகம்,
426,,426,பல்லவர் வரலாறு,இரா.மன்னர் மன்னன்,விகடன் பிரசுரம்,2016,120.00,வரலாறு,
427,,427,புத்தர்பிரான்,கௌதம நீலாம்பரன்,சூரியன் பதிப்பகம்,2014,350.00,வரலாற்று நாவல்,
429,,429,வேங்கை வனம்,கோவி.மணிசேகரன்,பூம்புகார் பதிப்பகம் ,2016,225.00,வரலாற்று நாவல்,
430,,430,சிவமகுடம்,ஆலவாய் ஆதிரையன்,ஆலவாய் ஆதிரையான்,2017,255.00,வரலாற்று நாவல்,
431,,431,வைகை நதி நாகரிகம்,சு.வெங்கடேசன்,விகடன் பிரசுரம்,2017,185.00,வரலாறு,
432,,432,மண் மூடிய மகத்தான நாகரிகம்,அமுதன்,தினத்தந்தி பதிப்பகம்,2017,180.00,வரலாறு,
434,,434,வேள்பாரி பாகம்-2,சு.வெங்கடேசன்,விகடன் பிரசுரம்,2018,1350.00,வரலாற்று நாவல்,
435,,435,ராஜாளி பாகம்-1,டாக்டர். எல்.கைலாசம்,வானதி பதிப்பகம்,2017,250.00,வரலாற்று நாவல்,
436,,436,ராஜாளி பாகம்-2,டாக்டர். எல்.கைலாசம்,வானதி பதிப்பகம்,2017,350.00,வரலாற்று நாவல்,
437,,437,கங்கை கொண்ட சோழன் - 3,பாலகுமாரன்,திருமகள் நிலையம்,2018,400.00,வரலாற்று நாவல்,
438,,438,கங்கை கொண்ட சோழன் - 4,பாலகுமாரன்,திருமகள் நிலையம்,2018,510.00,வரலாற்று நாவல்,
439,,439,பாண்டிமாதேவி,நா.பார்த்தசாரதி,திருமகள் நிலையம்,2012,250.00,வரலாற்று நாவல்,
440,,440,நந்திபுரத்து நாயகி,விக்கிரமன்,யாழினி,2019,666.00,வரலாற்று நாவல்,
441,,441,நந்திபுரத்து நாயகன்,டி.கே.ரவீந்திரன்,விகடன் பிரசுரம்,2016,330.00,வரலாற்று நாவல்,
442,,442,மண் மலர்,சாண்டில்யன்,பாரதி பதிப்பகம்,2001,115.00,வரலாற்று நாவல்,
443,,443,அலையரசி,சாண்டில்யன்,பாரதி பதிப்பகம்,2001,86.00,வரலாற்று நாவல்,
444,,444,நீள் விழி ,சாண்டில்யன்,பாரதி பதிப்பகம்,2000,42.00,வரலாற்று நாவல்,
445,,445,உடையார் - 4,பாலகுமாரன்,விசா பப்ளிகேசன்,2016,280.00,வரலாற்று நாவல்,
446,,446,ஜீவ பூமி,சாண்டில்யன்,வானதி பதிப்பகம்,2000,42.00,வரலாற்று நாவல்,
447,,447,கயல்விழி,அகிலன்,தாகம்,2002,200.00,வரலாற்று நாவல்,
448,,448,பொன்னர் - சங்கர் ,மு.கருணாநிதி,பூம்புகார் பதிப்பகம்,2019,500.00,வரலாற்று நாவல்,
449,,449,நாயக்க மாதேவிகள்,கோவி.மணிசேகரன் ,பூம்புகார் பதிப்பகம்,2017,275.00,வரலாற்று நாவல்,
450,,450,இராவணன் நாடு மத்தியபிரதேசம்,அகத்தியதாசன்,நாட்டுப்புறவியல் பதிப்பகம்,2009,150.00,சமூக நாவல்,
451,,451,பாவை விளக்கு ,அகிலன்,தாகம் பதிப்பகம்,2007,250.00,சமூக நாவல்,
452,,452,கரைந்த நிழல்கள்,அசோகமித்திரன்,கிழக்கு பதிப்பகம்,2005,60.00,சமூக நாவல்,
454,,454,ஜெயகாந்தன் ,திலகவதி,அம்ருதா,2007,40.00,சமூக நாவல்,
455,,455,உயிரின் மறுபக்கம்,இந்திரா சௌந்தர்ராஜன்,திருமகள் நிலையம்,2011,90.00,சமூக நாவல்,
456,,456,ஒரு அன்னமும் சில காகங்களும் ,இந்திரா சௌந்தர்ராஜன்,திருமகள் நிலையம்,2009,65.00,சமூக நாவல்,
457,,457,சொர்ண ரகசியம் ,இந்திரா சௌந்தர்ராஜன்,திருமகள் நிலையம்,2010,110.00,சமூக நாவல்,
458,,458,ராஜமாதங்கி ,இந்திரா சௌந்தர்ராஜன்,திருமகள் நிலையம்,2011,85.00,சமூக நாவல்,
459,,459,இன்ஸ்பெக்டர் மகன்,அருண்,அருணோதயம் பதிப்பகம்,1978,4.00,சமூக நாவல்,
460,,460,ஆனந்தாஸ்ரமம்,அருணன்,வைகை வெளியீடு,2002,50.00,சமூக நாவல்,
461,,461,தாய் ,மக்சீம் கார்க்கி,பாரதி புத்தகாலயம்,2009,190.00,சமூக நாவல்,
462,,462,என் உயிரில் கலந்த உயிரே,அருணா நந்தினி,அறிவாலயம் பதிப்பகம்,2007,70.00,சமூக நாவல்,
463,,463,நேசமணியின் வாழ்வும் பணியும்,ஜி.ஐசக் அருள்தாஸ்,பாவை பிரிண்டர்ஸ்,2014,130.00,சமூக நாவல்,
465,,465,அழகிரிசாமி கதைகள் ,அழகிரிசாமி,சக்தி காரியாலயம்,1952,3.00,சமூக நாவல்,
466,,466,அப்போதே சொன்னேன்,அறிஞர் அண்ணா,பூம்புகார் பதிப்பகம்,2000,12.50,சிறுகதைகள்,
467,,467,அரசாண்ட ஆண்டி,அறிஞர் அண்ணா,பூம்புகார் பதிப்பகம்,2000,13.50,சிறுகதைகள்,
468,,468,ஓர் இரவு,அறிஞர் அண்ணா,பூம்புகார் பதிப்பகம்,1999,20.00,நாடகம்,
469,,469,கம்பரசம்,அறிஞர் அண்ணா,பூம்புகார் பதிப்பகம்,1997,25.00,சமூக நாவல்,
470,,470,காதல் ஜோதி,அறிஞர் அண்ணா,பூம்புகார் பதிப்பகம்,1998,34.00,நாடகம்,
471,,471,குமஸ்தாவின் பெண் ,அறிஞர் அண்ணா,பூம்புகார் பதிப்பகம்,1994,10.00,சமூக நாவல்,
472,,472,சந்திர மோகன் ,அறிஞர் அண்ணா,பூம்புகார் பதிப்பகம்,2001,15.00,நாடகம்,
473,,473,சந்ரோதயம்,அறிஞர் அண்ணா,பூம்புகார் பதிப்பகம்,1997,15.00,நாடகம்,
474,,474,சொர்க்க வாசல்,அறிஞர் அண்ணா,பூம்புகார் பதிப்பகம்,1997,40.00,நாடகம்,
475,,475,திரும்பிப் பார்,அறிஞர் அண்ணா,பூம்புகார் பதிப்பகம்,2000,10.25,நாடகம்,
476,,476,பாவையின் பயணம்,அறிஞர் அண்ணா,பூம்புகார் பதிப்பகம்,1997,9.00,நாடகம்,
477,,477,புன்னகை,அறிஞர் அண்ணா,பூம்புகார் பதிப்பகம்,1997,13.50,கட்டுரைகள்,
478,,478,மக்கள் தீர்ப்பு,அறிஞர் அண்ணா,பூம்புகார் பதிப்பகம்,2000,18.00,சமூக நாவல்,
479,,479,வண்டிக்காரன் மகன்,அறிஞர் அண்ணா,பூம்புகார் பதிப்பகம்,2000,22.50,சமூக நாவல்,
480,,480,இதழோரம் வரலாமா,அனுராதா ரமணன்,கங்கை புத்தகநிலையம்,2002,30.00,சமூக நாவல்,
481,,481,இந்த இதழில் ஆரம்பமாகிறது ,அனுராதா ரமணன்,பூம்புகார் பதிப்பகம்,1999,36.00,சமூக நாவல்,
483,,483,உறவு ஒன்று வேண்டும்,அனுராதா ரமணன்,திருமகள் நிலையம்,1995,50.00,சமூக நாவல்,
484,,484,ஓவியம்,அனுராதா ரமணன் ,கங்கை புத்தகநிலையம்,2000,48.00,சமூக நாவல்,
485,,485,கனவோடு சில நாள் ,அனுராதா ரமணன்,திருமகள் நிலையம்,1995,30.00,சமூக நாவல்,
486,,486,காதல் கைதி,அனுராதா ரமணன்,கங்கை புத்தகநிலையம்,2002,24.00,சமூக நாவல்,
487,,487,காதல் நேரம் ,அனுராதா ரமணன்,பூம்புகார் பதிப்பகம்,2009,68.00,சமூக நாவல்,
488,,488,காதல் யாத்திரை ,அனுராதா ரமணன்,திருமகள் நிலையம்,1993,24.00,சமூக நாவல்,
489,,489,காதோடு ஒரு காதல் கதை ,அனுராதா ரமணன்,திருமகள் நிலையம்,1995,,சமூக நாவல்,
490,,490,சாதகப் பறவை,அனுராதா ரமணன் ,திருவரசு புத்தகநிலையம்,2003,85.00,சமூக நாவல்,
491,,491,சின்னஞ் சிறுசுகள்,அனுராதா ரமணன்,நர்மதா பதிப்பகம்,1999,37.00,சமூக நாவல்,
492,,492,நெருப்புடன் உறவு,அனுராதா ரமணன்,திருமகள் நிலையம்,2000,42.00,சமூக நாவல்,
493,,493,பொய்ப்பூக்கள்,அனுராதா ரமணன் ,மாலைமதி தொகுப்பு,1983,,சமூக நாவல்,
494,,494,முதல் காதல் ,அனுராதா ரமணன்,பூம்புகார் பதிப்பகம்,1999,36.00,சமூக நாவல்,
495,,495,வேலியோரத்தில் ஒரு வெள்ளை பூ,அனுராதா ரமணன்,கங்கை புத்தகநிலையம்,2002,55.00,சமூக நாவல்,
496,,496,"பின்நவீனத்துவம்,  பித்தும் தெளிவும்",அஸ்வகோஷ்,மங்கை பதிப்பகம்,2002,80.00,சமூக நாவல்,
497,,497,பேட்டி புதினம் ,ஆ.நா வாய்மை,நவமி பதிப்பகம்,2002,45.00,சமூக நாவல்,
498,,498,ராகிங் புதினம்,ஆ.நா வாய்மை,நவமி பதிப்பகம்,2002,60.00,சமூக நாவல்,
499,,499,ராகிங் புதினம்,ஆ.நா வாய்மை,நவமி பதிப்பகம்,2002,60.00,சமூக நாவல்,
500,,500,ராகிங் புதினம் ,ஆ.நா வாய்மை,நவமி பதிப்பகம்,2002,60.00,சமூக நாவல்,
502,,502,நீயிருந்த மனசு,ஆர்.சுமதி,அறிவு நிலையம்,2005,90.00,சமூக நாவல்,
503,,503,அன்பின் அலைகள்,ஆர்.வி,ராணிமுத்து தொகுப்பு,2005,,சமூக நாவல்,
504,,504,ஆவிப்பெண் ஆனந்தி,ஆர்னிகா நாசர்,சாரதா பதிப்பகம்,2001,30.00,சமூக நாவல்,
505,,505,ஒரு துளி நரகம்,ஆர்னிகா நாசர்,நிவேதிதா பதிப்பகம்,2008,90.00,சமூக நாவல்,
506,,506,க்ரைம் சூறாவளி,ஆர்னிகா நாசர்,பாரதி பதிப்பகம்,1999,24.00,சமூக நாவல்,
507,,507,நீலக்குயிலே கண்ணம்மா,ஆர்னிகா நாசர்,மணிமேகலை பதிப்பகம்,1992,30.00,சமூக நாவல்,
508,,508,நூறுகோடி தாகம் ,ஆர்னிகா நாசர்,நிவேதிதா பதிப்பகம்,2007,60.00,சமூக நாவல்,
509,,509,நொடிக்கு நொடி ,ஆர்னிகா நாசர்,ஆலயா பதிப்பகம்,2008,70.00,சமூக நாவல்,
510,,510,வாழ்வெனும் நதி,இந்திரா சௌந்தர்ராஜன்,திருமகள் நிலையம்,2013,130.00,சமூக நாவல்,
511,,511,என் இனிய இந்து மதம்,இந்திரா சௌந்தர்ராஜன்,திருமகள் நிலையம்,2011,45.00,சமூக நாவல்,
512,,512,எந்திரன் மந்திரன் தந்திரன் (மந்திர மலை),இந்திரா சௌந்தர்ராஜன்,திருமகள் நிலையம்,2012,205.00,சமூக நாவல்,
513,,513,100 கோடி ருபாய் வைரம்,இந்திரா சௌந்தர்ராஜன்,திருமகள் நிலையம்,2001,60.00,சமூக நாவல்,
514,,514,அசுர ஜாதகம்,இந்திரா சௌந்தர்ராஜன்,திருமகள் நிலையம்,1998,47.00,சமூக நாவல்,
515,,515,அதிர்ஷ்ட காற்று,இந்திரா சௌந்தர்ராஜன்,திருவரசு புத்தகநிலையம்,2007,70.00,சமூக நாவல்,
517,,517,அதுமட்டும் ரகசியம்,இந்திரா சௌந்தர்ராஜன்,திருமகள் நிலையம்,2002,68.00,சமூக நாவல்,
518,,518,அபாய மல்லி,இந்திரா சௌந்தர்ராஜன்,திருமகள் நிலையம்,2001,64.00,சமூக நாவல்,
520,,520,அரண்மனை ரகசியம் ,இந்திரா சௌந்தர்ராஜன்,திருமகள் நிலையம்,2001,52.00,சமூக நாவல்,
521,,521,அரண்மனை ரகசியம்,இந்திரா சௌந்தர்ராஜன்,திருமகள் நிலையம்,2001,75.00,சமூக நாவல்,
522,,522,அருள் பொருள் இன்பம்,இந்திரா சௌந்தர்ராஜன்,திருமகள் நிலையம்,2013,90.00,சமூக நாவல்,
523,,523,அள்ளி அள்ளி தருவேன்,இந்திரா சௌந்தர்ராஜன்,திருவரசு புத்தகநிலையம்,2014,110.00,சமூக நாவல்,
524,,524,அவள் ஒரு சாவித்ரி,இந்திரா சௌந்தர்ராஜன்,திருமகள் நிலையம்,2013,160.00,சமூக நாவல்,
525,,525,அன்புடன் காதலி,இந்திரா சௌந்தர்ராஜன்,திருமகள் நிலையம்,2001,37.00,சமூக நாவல்,
526,,526,ஆகாயம் காணாத நட்சத்திரம்,இந்திரா சௌந்தர்ராஜன்,திருமகள் நிலையம்,2002,85.00,சமூக நாவல்,
527,,527,ஆசை ஊஞ்சல்,இந்திரா சௌந்தர்ராஜன்,திருமகள் நிலையம்,2012,100.00,சமூக நாவல்,
528,,528,ஆசை ஊஞ்சல் ,இந்திரா சௌந்தர்ராஜன்,திருமகள் நிலையம்,2000,52.00,சமூக நாவல்,
529,,529,ஆசை நெசவு ,இந்திரா சௌந்தர்ராஜன்,வானதி பதிப்பகம்,1999,55.00,சமூக நாவல்,
530,,530,ஆயிரம் அரிவாள் கோட்டை ,இந்திரா சௌந்தர்ராஜன்,திருமகள் நிலையம்,2011,75.00,சமூக நாவல்,
531,,531,ஐந்து வழி மூன்று வாசல்,இந்திரா சௌந்தர்ராஜன்,வானதி பதிப்பகம்,2009,110.00,சமூக நாவல்,
532,,532,யந்திர ஜாலம் ,இந்திரா சௌந்தர்ராஜன்,திருமகள் நிலையம்,2009,70.00,சமூக நாவல்,
533,,533,உயிரில் கலந்த உறவே..,இந்திரா சௌந்தர்ராஜன்,திருவரசு புத்தகநிலையம்,2005,65.00,சமூக நாவல்,
534,,534,உயிரின் மறுபக்கம்,இந்திரா சௌந்தர்ராஜன்,திருமகள் நிலையம்,1999,45.00,சமூக நாவல்,
535,,535,எட்டுத்திசை நான்குவாசல்,இந்திரா சௌந்தர்ராஜன்,திருமகள் நிலையம்,2010,72.00,சமூக நாவல்,
536,,536,எங்கே என் கண்ணன் ,இந்திரா சௌந்தர்ராஜன்,திருமகள் நிலையம்,2006,67.00,சமூக நாவல்,
537,,537,எங்கே என் கண்ணன் ,இந்திரா சௌந்தர்ராஜன்,திருமகள் நிலையம்,2009,75.00,சமூக நாவல்,
538,,538,என் பெயர் ரங்கநாயகி,இந்திரா சௌந்தர்ராஜன்,திருவரசு புத்தகநிலையம்,2001,65.00,சமூக நாவல்,
539,,539,என் பெயர் ரங்கநாயகி,இந்திரா சௌந்தர்ராஜன்,திருமகள் நிலையம்,2014,145.00,சமூக நாவல்,
540,,540,ஒரு அன்னமும் சில காகங்களும்,இந்திரா சௌந்தர்ராஜன்,திருமகள் நிலையம்,2009,65.00,சமூக நாவல்,
541,,541,ஒரு உயிரின் குரல்,இந்திரா சௌந்தர்ராஜன்,திருமகள் நிலையம்,2013,100.00,சமூக நாவல்,
542,,542,ஒரு மின்னல் ஒரு தென்றல் ,இந்திரா சௌந்தர்ராஜன்,வானதி பதிப்பகம்,2010,75.00,சமூக நாவல்,
543,,543,ஒளிந்திருக்கிறான்,இந்திரா சௌந்தர்ராஜன்,திருமகள் நிலையம்,2010,70.00,சமூக நாவல்,
544,,544,ஒளிந்திருக்கிறான்,இந்திரா சௌந்தர்ராஜன்,திருமகள் நிலையம்,2010,70.00,சமூக நாவல்,
545,,545,ஒளிவதற்கு ஓர் இடம் ,சுபா,பூம்புகார் பதிப்பகம்,2008,72.00,சமூக நாவல்,
547,,547,கண்ணான என் கண்மணி,இந்திரா சௌந்தர்ராஜன்,திருமகள் நிலையம்,2011,90.00,சமூக நாவல்,
548,,548,கண்ணான என் கண்மணி ,இந்திரா சௌந்தர்ராஜன்,திருமகள் நிலையம்,2011,90.00,சமூக நாவல்,
549,,549,கன்னிகள் ஏழுபேர்,இந்திரா சௌந்தர்ராஜன்,திருமகள் நிலையம்,2012,210.00,சமூக நாவல்,
550,,550,கல்லுக்குள் புகுந்த உயிர்!,இந்திரா சௌந்தர்ராஜன்,திருவரசு புத்தகநிலையம்,2006,65.00,சமூக நாவல்,
551,,551,கலைக்கமுடியாத வேஷங்கள்,இந்திரா சௌந்தர்ராஜன்,திருமகள் நிலையம்,2011,90.00,சமூக நாவல்,
552,,552,காண்பதெல்லாம் உண்மை,இந்திரா சௌந்தர்ராஜன்,திருமகள் நிலையம்,2011,110.00,சமூக நாவல்,
553,,553,காண்பதெல்லாம் உண்மை,இந்திரா சௌந்தர்ராஜன்,திருமகள் நிலையம்,2011,110.00,சமூக நாவல்,
554,,554,காத்திருக்கச் சொன்னாயே !,இந்திரா சௌந்தர்ராஜன்,திருவரசு புத்தகநிலையம்,2004,40.00,சமூக நாவல்,
555,,555,காதல் சதுரங்கம் ,இந்திரா சௌந்தர்ராஜன்,திருமகள் நிலையம்,2000,70.00,சமூக நாவல்,
556,,556,காதல் யுத்தம் ,இந்திரா சௌந்தர்ராஜன்,திருமகள் நிலையம்,2013,90.00,சமூக நாவல்,
557,,557,காதலா இது காதலா,இந்திரா சௌந்தர்ராஜன்,திருமகள் நிலையம்,2010,72.00,சமூக நாவல்,
558,,558,காதலா இது காதலா,இந்திரா சௌந்தர்ராஜன்,திருமகள் நிலையம்,1997,40.00,சமூக நாவல்,
559,,559,காதலா இது காதலா ,இந்திரா சௌந்தர்ராஜன்,திருமகள் நிலையம்,2010,72.00,சமூக நாவல்,
560,,560,காற்றாய் வருவேன் ,இந்திரா சௌந்தர்ராஜன்,திருவரசு புத்தகநிலையம்,1998,42.00,சமூக நாவல்,
561,,561,காற்று... காற்று... உயிர்,இந்திரா சௌந்தர்ராஜன்,திருமகள் நிலையம்,2004,90.00,சமூக நாவல்,
562,,562,காற்றோடு ஒரு யுத்தம்,இந்திரா சௌந்தர்ராஜன்,திருமகள் நிலையம்,2012,80.00,சமூக நாவல்,
563,,563,கிருஷ்ண தந்திரம்,இந்திரா சௌந்தர்ராஜன்,திருமகள் நிலையம்,2010,205.00,சமூக நாவல்,
564,,564,குருதிப்புனல் ,இந்திரா பார்த்தசாரதி,கிழக்கு பதிப்பகம்,2005,90.00,சமூக நாவல்,
565,,565,கூட்டிற்குள் புகுந்த உயிர்,இந்திரா சௌந்தர்ராஜன்,திருமகள் நிலையம்,2009,70.00,சமூக நாவல்,
566,,566,கையில் பிடித்த மின்னல்,இந்திரா சௌந்தர்ராஜன்,திருமகள் நிலையம்,2010,150.00,சமூக நாவல்,
569,,569,சந்தோஷ சாம்ராஜ்யம் ,இந்திரா சௌந்தர்ராஜன்,திருமகள் நிலையம்,2011,70.00,சமூக நாவல்,
570,,570,சனிக்கிழமை விபத்து,இந்திரா சௌந்தர்ராஜன்,திருமகள் நிலையம்,2007,60.00,சமூக நாவல்,
572,,572,சித்தஜாலம்,இந்திரா சௌந்தர்ராஜன்,திருமகள் நிலையம்,2008,65.00,ஆன்மீகம்,
574,,574,சிவமயம் பாகம் - 1,இந்திரா சௌந்தர்ராஜன்,திருமகள் நிலையம்,2007,110.00,சமூக நாவல்,
575,,575,சிவமயம் பாகம் - 2,இந்திரா சௌந்தர்ராஜன்,திருமகள் நிலையம்,2014,235.00,சமூக நாவல்,
576,,576,சிவமயம் பாகம் - 2,இந்திரா சௌந்தர்ராஜன்,திருமகள் நிலையம்,2008,200.00,சமூக நாவல்,
578,,578,சேதுநாட்டு வேங்கை,இந்திரா சௌந்தர்ராஜன்,திருவரசு புத்தகநிலையம்,2007,110.00,சமூக நாவல்,
579,,579,சொர்ண ரேகை,இந்திரா சௌந்தர்ராஜன்,திருமகள் நிலையம்,2000,42.00,சமூக நாவல்,
580,,580,சொர்ண ரேகை ,இந்திரா சௌந்தர்ராஜன்,திருமகள் நிலையம்,2010,72.00,சமூக நாவல்,
581,,581,சொர்ண ஜாலம்,இந்திரா சௌந்தர்ராஜன்,திருமகள் நிலையம்,2005,80.00,சமூக நாவல்,
582,,582,தங்கக் காடு,இந்திரா சௌந்தர்ராஜன்,திருவரசு புத்தகநிலையம்,2006,70.00,சமூக நாவல்,
583,,583,தங்க திரிசூலம்,இந்திரா சௌந்தர்ராஜன்,திருமகள் நிலையம்,2008,75.00,சமூக நாவல்,
584,,584,தங்கக் காடு,இந்திரா சௌந்தர்ராஜன்,திருவரசு புத்தகநிலையம்,2006,70.00,சமூக நாவல்,
585,,585,தப்பித்தே தீருவேன்,இந்திரா சௌந்தர்ராஜன்,திருமகள் நிலையம்,1998,80.00,சமூக நாவல்,
586,,586,திக்… திக்… திக்…,இந்திரா சௌந்தர்ராஜன்,திருமகள் நிலையம்,2007,60.00,சமூக நாவல்,
587,,587,திக்… திக்… திக்…,இந்திரா சௌந்தர்ராஜன்,திருமகள் நிலையம்,2007,60.00,சமூக நாவல்,
588,,588,திருவண்ணாமலை,இந்திரா சௌந்தர்ராஜன்,திருமகள் நிலையம்,2004,50.00,சமூக நாவல்,
589,,589,திவ்யரோஜா தோட்டம் ,இந்திரா சௌந்தர்ராஜன்,திருமகள் நிலையம்,2007,60.00,சமூக நாவல்,
590,,590,தினம் ஒரு உயிர்,இந்திரா சௌந்தர்ராஜன்,திருவரசு புத்தகநிலையம்,2010,110.00,சமூக நாவல்,
591,,591,தினம் ஒரு உயிர்,இந்திரா சௌந்தர்ராஜன்,திருவரசு புத்தகநிலையம்,2007,110.00,சமூக நாவல்,
592,,592,துள்ளி வருகுது வேல்,இந்திரா சௌந்தர்ராஜன்,திருவரசு புத்தகநிலையம்,2005,60.00,சமூக நாவல்,
593,,593,துளிர்க்கும் . . .,இந்திரா சௌந்தர்ராஜன்,திருமகள் நிலையம்,2012,125.00,சமூக நாவல்,
594,,594,தென்கிழக்கு மின்னல்,இந்திரா சௌந்தர்ராஜன்,திருமகள் நிலையம்,2012,85.00,சமூக நாவல்,
595,,595,தென்கிழக்கு மின்னல் ,இந்திரா சௌந்தர்ராஜன்,திருமகள் நிலையம்,2000,40.00,சமூக நாவல்,
596,,596,தேடாதே தொலையாதே ,இந்திரா சௌந்தர்ராஜன்,திருமகள் நிலையம்,2012,110.00,சமூக நாவல்,
597,,597,"தேடாதே, தொலைந்து போவாய்",இந்திரா சௌந்தர்ராஜன்,வானதி பதிப்பகம்,1998,45.00,சமூக நாவல்,
598,,598,தேவர் கோயில் ரோஜா,இந்திரா சௌந்தர்ராஜன்,திருவரசு புத்தகநிலையம்,2004,50.00,சமூக நாவல்,
599,,599,தொட்டதெல்லாம் பொன்,இந்திரா சௌந்தர்ராஜன்,திருமகள் நிலையம்,2013,80.00,சமூக நாவல்,
600,,600,தொடத்தொட  தங்கம்,இந்திரா சௌந்தர்ராஜன்,திருமகள் நிலையம்,2009,135.00,சமூக நாவல்,
601,,601,நந்தி ரகசியம்,இந்திரா சௌந்தர்ராஜன்,திருமகள் நிலையம்,2009,65.00,சமூக நாவல்,
602,,602,நந்தி ரகசியம் ,இந்திரா சௌந்தர்ராஜன்,திருமகள் நிலையம்,2006,55.00,சமூக நாவல்,
604,,604,நாக படை ,இந்திரா சௌந்தர்ராஜன்,திருமகள் நிலையம்,2011,100.00,சமூக நாவல்,
605,,605,நாயக்கர் மாளிகை,இந்திரா சௌந்தர்ராஜன்,திருமகள் நிலையம்,2014,105.00,சமூக நாவல்,
606,,606,நான் என்னைத் தேடுகிறேன்  ,இந்திரா சௌந்தர்ராஜன்,திருமகள் நிலையம்,2011,90.00,சமூக நாவல்,
607,,607,நான் ராமசேஷன் வந்துருக்கேன் ,இந்திரா சௌந்தர்ராஜன்,வானதி பதிப்பகம்,2004,60.00,சமூக நாவல்,
608,,608,நீலா நீலா ஓடிவா,இந்திரா சௌந்தர்ராஜன்,திருமகள் நிலையம்,2011,85.00,சமூக நாவல்,
609,,609,நீரெல்லாம் கங்கை நிலமெல்லாம் காசி,இந்திரா சௌந்தர்ராஜன்,திருமகள் நிலையம்,1990,14.50,சமூக நாவல்,
610,,610,நூறாவது கடத்தல் ,இந்திரா சௌந்தர்ராஜன்,திருமகள் நிலையம்,2006,55.00,சமூக நாவல்,
611,,611,நூறாவது கடத்தல் ,இந்திரா சௌந்தர்ராஜன்,திருமகள் நிலையம்,2010,65.00,சமூக நாவல்,
613,,613,பதினெட்டாவது படி,இந்திரா சௌந்தர்ராஜன்,திருவரசு புத்தகநிலையம்,2005,70.00,சமூக நாவல்,
614,,614,பதினெட்டாவது படி,இந்திரா சௌந்தர்ராஜன்,திருவரசு புத்தகநிலையம்,2005,70.00,சமூக நாவல்,
615,,615,பல்லவன் பாண்டியன் பாஸ்கரன்,இந்திரா சௌந்தர்ராஜன்,விசா பப்ளிகேசன்,2006,95.00,சமூக நாவல்,
616,,616,புருஷ வேட்டை ,இந்திரா சௌந்தர்ராஜன்,திருமகள் நிலையம்,1999,37.00,சமூக நாவல்,
617,,617,புருஷ வேட்டை ,இந்திரா சௌந்தர்ராஜன்,திருமகள் நிலையம்,2010,65.00,சமூக நாவல்,
618,,618,பொற்காசுத் தோட்டம்,இந்திரா சௌந்தர்ராஜன்,திருமகள் நிலையம்,2010,85.00,சமூக நாவல்,
619,,619,பொன்மகள் வந்தாள்,இந்திரா சௌந்தர்ராஜன்,திருமகள் நிலையம்,2013,190.00,சமூக நாவல்,
620,,620,மகாதேவ ரகசியம்,இந்திரா சௌந்தர்ராஜன்,திருமகள் நிலையம்,2008,100.00,சமூக நாவல்,
621,,621,மகாதேவ ரகசியம்,இந்திரா சௌந்தர்ராஜன்,திருமகள் நிலையம்,2003,72.00,சமூக நாவல்,
622,,622,மதுரை அரசி,இந்திரா சௌந்தர்ராஜன்,திருமகள் நிலையம்,2008,55.00,வரலாற்று நாவல்,
623,,623,மதுரை அரசி,இந்திரா சௌந்தர்ராஜன்,திருமகள் நிலையம்,2008,55.00,வரலாற்று நாவல்,
624,,624,மனதுக்குத்தான் கற்பு ,இந்திரா சௌந்தர்ராஜன்,திருமகள் நிலையம்,1999,50.00,சமூக நாவல்,
625,,625,மனதுக்குத்தான் கற்பு ,இந்திரா சௌந்தர்ராஜன்,திருமகள் நிலையம்,2010,85.00,சமூக நாவல்,
626,,626,மாணிக்க நாகம் ,இந்திரா சௌந்தர்ராஜன்,திருமகள் நிலையம்,2011,110.00,சமூக நாவல்,
627,,627,மாயமாய் சிலர் ,இந்திரா சௌந்தர்ராஜன்,திருமகள் நிலையம்,2010,85.00,சமூக நாவல்,
628,,628,மாயவன் காதலி ,இந்திரா சௌந்தர்ராஜன்,திருமகள் நிலையம்,2031,195.00,சமூக நாவல்,
629,,629,மாய நிலவு,இந்திரா சௌந்தர்ராஜன்,திருமகள் நிலையம்,2014,150.00,சமூக நாவல்,
631,,631,மார்கழி ரோஜா,இந்திரா சௌந்தர்ராஜன்,திருவரசு புத்தகநிலையம்,2003,75.00,சமூக நாவல்,
632,,632,மீண்டும் வருவேன் ,இந்திரா சௌந்தர்ராஜன்,திருமகள் நிலையம்,2012,95.00,சமூக நாவல்,
633,,633,முத்து பந்தல்,இந்திரா சௌந்தர்ராஜன்,திருமகள் நிலையம்,2013,95.00,சமூக நாவல்,
636,,636,மேலே உயரே உச்சியிலே - 2,இந்திரா சௌந்தர்ராஜன்,திருமகள் நிலையம்,2003,60.00,சமூக நாவல்,
637,,637,யந்திர ஜாலம்,இந்திரா சௌந்தர்ராஜன்,திருமகள் நிலையம்,2000,49.00,சமூக நாவல்,
638,,638,யாத்திரை ஞானம்,இந்திரா சௌந்தர்ராஜன்,திருமகள் நிலையம்,2001,42.00,சமூக நாவல்,
640,,640,யாதுமாகி நின்றாள்,இந்திரா சௌந்தர்ராஜன்,திருமகள் நிலையம்,2012,90.00,சமூக நாவல்,
642,,642,யாரென்று மட்டும் சொல்லாதே ,இந்திரா சௌந்தர்ராஜன்,திருமகள் நிலையம்,2007,70.00,சமூக நாவல்,
643,,643,ரகசியமாக ஒரு ரகசியம் ,இந்திரா சௌந்தர்ராஜன்,வானதி பதிப்பகம்,1999,50.00,சமூக நாவல்,
645,,645,ரங்கநதி ,இந்திரா சௌந்தர்ராஜன்,திருமகள் நிலையம்,2011,275.00,சமூக நாவல்,
646,,646,ருத்ர வீணை (2 ம் பாகம்),இந்திரா சௌந்தர்ராஜன்,திருமகள் நிலையம்,2009,235.00,சமூக நாவல்,
647,,647,ருத்ரவீணை முதல் பாகம்,இந்திரா சௌந்தர்ராஜன்,திருமகள் நிலையம்,2009,220.00,சமூக நாவல்,
648,,648,ரோஜா மலரும் நேரம்,இந்திரா சௌந்தர்ராஜன்,திருமகள் நிலையம்,2008,78.00,சமூக நாவல்,
649,,649,ரோஜா மலரும் நேரம் ,இந்திரா சௌந்தர்ராஜன்,திருமகள் நிலையம்,2008,78.00,சமூக நாவல்,
650,,650,வானத்து மனிதர்கள்,இந்திரா சௌந்தர்ராஜன்,திருமகள் நிலையம்,2014,285.00,சமூக நாவல்,
651,,651,விக்ரமா விக்ரமா ,இந்திரா சௌந்தர்ராஜன்,திருமகள் நிலையம்,2004,225.00,சமூக நாவல்,
652,,652,வைர பொம்மை ,இந்திரா சௌந்தர்ராஜன்,திருமகள் நிலையம்,2005,60.00,சமூக நாவல்,
653,,653,ஜென்ம ஜென்மமாய்,இந்திரா சௌந்தர்ராஜன்,திருமகள் நிலையம்,2006,50.00,சமூக நாவல்,
654,,654,ஆரண்ய வாசம்,இந்துமதி ,கலைஞன் பதிப்பகம்,1982,12.00,சமூக நாவல்,
655,,655,கீதமடி நீ எனக்கு,இந்துமதி ,கலைஞன் பதிப்பகம்,1983,8.00,சமூக நாவல்,
656,,656,தரையில் இறங்கும் விமானங்கள்,இந்துமதி ,கலைஞன் பதிப்பகம்,1983,10.50,சமூக நாவல்,
658,,658,வீணையில் உறங்கும் ராகங்கள்,இந்துமதி ,கலைஞன் பதிப்பகம்,1979,6.00,சமூக நாவல்,
659,,659,சங்கமம்,டி.எம். இராஜாமணி,நட்சத்திரா,2000,50.00,சமூக நாவல்,
661,,661,தும்பிகள் மரணமுறும் காலம்,இரா.பச்சையப்பன்,பொன்னி பதிப்பகம்,2007,60.00,சமூக நாவல்,
662,,662,எரியும் பனிக்காடு ,இரா.முருகவேள்,பொன்னுலகம்,2007,150.00,மொழிபெயர்ப்பு,
663,,663,ஆத்மா என்றொரு தெருப்பாடகன்,இளவேனில்,மாணவர் மருதோன்றி பதிப்பகம்,2002,100.00,சிறுகதைகள்,
664,,664,சுடுகாடும் சில சுந்தரிகளும்,இளையச்செல்வன் ,நக்கீரன் பதிப்பகம்,2010,50.00,வாழ்க்கை வரலாறு,
665,,665,புதுக்கவிதை முப்பெரும் உத்திகள்,டாக்டர்.சி.சி.மறைமலை,திருமகள் நிலையம்,1986,20.00,கவிதைகள்,
666,,666,எதிர்ச்சொல் ,இன்குலாப்,அகரம் பதிப்பகம்,2007,130.00,கவிதைகள்,
667,,667,இதயத்தை கிள்ளாதே,உமா மகேஸ்வரி,மணிமேகலை பதிப்பகம்,1994,25.50,சமூக நாவல்,
668,,668,வேர்ப்பலா,உமாசந்திரன்,உமாசந்திரன்,1983,12.00,சமூக நாவல்,
669,,669,வாழ்வே வா ,உமாசந்திரன்,வானதி பதிப்பகம்,1980,7.50,சமூக நாவல்,
670,,670,"காலம் வென்ற தலைவன் பிரபாகரன் 
(6 ம் படத்தொகுப்பு) ",உலக தமிழர் பேரமைப்பு,உலக தமிழர் பேரமைப்பு,2014,200.00,வாழ்க்கை வரலாறு,
671,,671,எத்தனை மணம் எத்தனை நிறம் ,உஷா சுப்ரமணியம் ,வானதி பதிப்பகம்,1982,10.00,சமூக நாவல்,
672,,672,அன்பு தருவது தன்னையே,எ.வி.சுப்பிரமணியன் ,கலைஞன் பதிப்பகம்,1978,10.00,சமூக நாவல்,
673,,673,துளசி தளம் (மொழிபெயர்ப்பு),எண்டமூரி வீரேந்திரநாத்,அல்லயன்ஸ்,2008,115.00,மொழிபெயர்ப்பு,
675,,675,வேள்வித் தீ ,எம்.வி.வெங்கட்ராம்,ராணிமுத்து தொகுப்பு,1976,,சமூக நாவல்,
676,,676,நாநா (மொழிபெயர்ப்பு),எமிலி ஜோலா,இந்து பதிப்பகம்,1987,14.00,மொழிபெயர்ப்பு,
677,,677,பிப்ரவரி 30 ,எஸ்.சங்கர நாராயணன்,அன்னை பரமேஸ்வரி,1997,,சிறுகதைகள்,
678,,678,மாயினி,எஸ்.போ ,அர்ச்சுனா பதிப்பகம்,2007,350.00,சமூக நாவல்,
679,,679,அரவான் ,எஸ்.ராமகிருஷ்ணன்,உயிர்மை பதிப்பகம்,2006,90.00,சமூக நாவல்,
680,,680,இலைகளை வியக்கும் மரம்,எஸ்.ராமகிருஷ்ணன்,உயிர்மை பதிப்பகம்,2007,70.00,சமூக நாவல்,
681,,681,கால் முளைத்த  கதைகள் ,எஸ்.ராமகிருஷ்ணன்,உயிர்மை பதிப்பகம்,2006,100.00,சமூக நாவல்,
682,,682,தேசாந்திரி   ,எஸ்.ராமகிருஷ்ணன்,விகடன் பிரசுரம்,2006,110.00,சமூக நாவல்,
684,,684,குடகு,ஏ.கே.செட்டியார்,நியுசெஞ்சுரி புக் ஹவுஸ்,2014,125.00,சிறுகதைகள்,
685,,685,அயோத்தி,என்.சொக்கன்,மதி நிலையம்,2012,150.00,அரசியல்,
687,,687,அழுக்குகள் ,ஐசக் அருமைராஜன்,கலைஞன் பதிப்பகம்,1980,4.00,சமூக நாவல்,
688,,688,தந்த்ரா - ஓர் உன்னத ஞானம்,ஓசோ ,கவிதா பப்ளிகேசன்,2003,70.00,ஆன்மீகம்,
689,,689,பொய்த்தேவு,க.நா.சுப்பிரமணியம்,அகரம் பதிப்பகம்,2007,120.00,சமூக நாவல்,
690,,690,நடிகைகளின் கதை - 2,கண்ணகி,நக்கீரன் பதிப்பகம்,2006,65.00,பொது அறிவு,
691,,691,சிவப்புக்கல் மூக்குத்தி,கண்ணதாசன்,கண்ணதாசன்,1996,14.00,சமூக நாவல்,
694,,694,ஞானமாலிகா,கண்ணதாசன்,வானதி பதிப்பகம்,1971,3.50,சிறுகதைகள்,
695,,695,அன்பின் சங்கமம்,கபிலன் ,தமிழன் பதிப்பகம்,2001,90.00,சமூக நாவல்,
696,,696,பூமரேங் பூமி,கபிலன் வைரமுத்து,திருமகள் நிலையம்,,90.00,சமூக நாவல்,
697,,697,கதை,கபிலன் வைரமுத்து,திருமகள் நிலையம்,2007,50.00,சிறுகதைகள்,
698,,698,கதவு,கமலாசடகோபன்,கங்கை புத்தகநிலையம்,1998,70.00,சமூக நாவல்,
699,,699,ஒரு குமரி குழந்தையாகிறாள்,கமலா கந்தசாமி,கோலவிழியம்மன்,1998,27.00,சிறுகதைகள்,
700,,700,கிளிநொச்சி,கருப்பன் சித்தார்த்தன் ,தமிழம்மா பதிப்பகம்,2008,20.00,அரசியல்,
701,,701,குருதிச் சேறு,கருப்பூர் அண்ணாமலை,நிவேதிதா பதிப்பகம்,2006,90.00,வரலாற்று நாவல்,
702,,702,கமலாவின் கல்யாணம் ,கல்கி,சாரதா பதிப்பகம்,2012,50.00,சிறுகதைகள்,
704,,704,சுண்டுவின் சந்நியாசம் ,கல்கி,சாரதா பதிப்பகம்,2012,50.00,சிறுகதைகள்,
705,,705,பாங்கர் விநாயக ராவ்,கல்கி,வானதி பதிப்பகம்,1999,28.00,சமூக நாவல்,
706,,706,பொய்மான் கரடு,கல்கி,சாரதா பதிப்பகம்,2012,50.00,சமூக நாவல்,
707,,707,மகுடபதி,கல்கி,வானதி பதிப்பகம்,1982,7.00,சமூக நாவல்,
708,,708,மாஸ்டர் மெதுவடை ,கல்கி,சாரதா பதிப்பகம்,2012,50.00,சிறுகதைகள்,
709,,709,தாய்  காவியம்,கலைஞர்,ஈகிள் பதிப்பகம்,2004,250.00,கவிதைகள்,
710,,710,பிரபாகரன்,காசி ஆனந்தன்,உலக தமிழர் பேரவை அறக்கட்டளை,2014,100.00,கவிதைகள்,
712,,712,மலரினம் மெல்லிது,விழி.பா.இதயவேந்தன்,காவ்யா பதிப்பகம்,2004,75.00,சிறுகதைகள்,
713,,713,பொய்த் தேவு,க.நா.சுப்பிரமணியம்,காவ்யா பதிப்பகம்,2005,100.00,சமூக நாவல்,
714,,714,ஒரு தலித் ஒரு அதிகாரி ஒரு மரணம் ,கா.பஞ்சாங்கம்,காவ்யா பதிப்பகம்,2005,85.00,சமூக நாவல்,
715,,715,காளிதாசரின் மேகதூதம்,ஆனந்தன்,சாந்தி பதிப்பகம்,,15.00,இலக்கியம்,
716,,716,தீர்க்கதரிசி,கலீல் ஜிப்ரான்,கண்ணதாசன் பதிப்பகம்,1995,16.00,சிறுகதைகள்,
717,,717,வேட்டி,கி.ராஜநாராயணன்,அன்னம் பதிப்பகம்,2007,60.00,பொது அறிவு,
718,,718,அந்தமான் நாயக்கர்,கி.ராஜநாராயணன்,அன்னம் பதிப்பகம்,2007,50.00,சிறுகதைகள்,
719,,719,அன்னப்பறவை,கி.ராஜநாராயணன்,அன்னம் பதிப்பகம்,2007,40.00,சிறுவர் நூல்கள்,
720,,720,கரிசல் கதைகள் ,கி.ராஜநாராயணன் ,அன்னம் பதிப்பகம்,2007,120.00,சிறுவர் நூல்கள்,
721,,721,கி.ராஜநாராயணன் கதைகள்,கி.ராஜநாராயணன்,அகரம் பதிப்பகம்,2008,200.00,சிறுவர் நூல்கள்,
722,,722,குழந்தைப் பருவக் கதைகள் ,கி.ராஜநாராயணன்,அகரம் பதிப்பகம்,2005,80.00,சிறுவர் நூல்கள்,
723,,723,நாட்டுப்புறக் கதைகள் ,கி.ராஜநாராயணன் ,அகரம் பதிப்பகம்,2006,120.00,சிறுவர் நூல்கள்,
724,,724,நாட்டுப்புற பாலியல் கதைகள் ,கி.ராஜநாரயணன்,நீலக்குயில் பதிப்பகம்,1994,24.00,சிறுகதைகள்,
725,,725,பிஞ்சுகள்,கி.ராஜநாராயணன்,அன்னம் பதிப்பகம்,2007,35.00,சமூக நாவல்,
726,,726,பெண் கதைகள்,கி.ராஜநாராயணன்,அன்னம் பதிப்பகம்,2009,120.00,சிறுகதைகள்,
727,,727,நான்காவது எஸ்டேட்,கிருஷ்ணா டாவின்சி,குமுதம் பதிப்பகம்,2004,65.00,சமூக நாவல்,
728,,728,சுரங்கம்,கு.சின்னப்பபாரதி,#,,90.00,சமூக நாவல்,
730,,730,குன்னிமுத்து,குமார செல்வா,காலச்சுவடு பதிப்பகம்,2012,345.00,சமூக நாவல்,
731,,731,ஒரு பக்க கதைகள் (1999),குமுதம்,குமுதம் பதிப்பகம்,2014,80.00,சிறுகதைகள்,
732,,732,ஒரு பக்க கதைகள் (2007),குமுதம்,குமுதம் பதிப்பகம்,2013,80.00,சிறுகதைகள்,
733,,733,ஒரு பக்க கதைகள் (2009-10) பாகம் - 1,குமுதம்,குமுதம் பதிப்பகம்,2012,80.00,சிறுகதைகள்,
734,,734,சூஃபி கதைகள்,குருஜி வாசுதேவன்,சிக்ஸ்த் சென்ஸ்,2009,130.00,சிறுகதைகள்,
735,,735,மால்கம் எக்ஸ் ,குலாம் முகமது,இலக்கிய சோலை,2003,60.00,வாழ்க்கை வரலாறு,
736,,736,டானியலின் குறுநாவல்கள் ,கே.டானியல் ,விடியல் பதிப்பகம்,1994,35.00,சிறுகதைகள்,
737,,737,ஆபத்தானவர்கள்,கோட்டயம் புஷ்பநாத்,திருமகள் நிலையம்,2007,100.00,சமூக நாவல்,
738,,738,சிவப்பு அங்கி,கோட்டயம் புஷ்பநாத்,திருமகள் நிலையம்,2008,90.00,சமூக நாவல்,
739,,739,சௌபர்ணிகா,கோட்டயம் புஷ்பநாத்,திருமகள் நிலையம்,2010,115.00,சமூக நாவல்,
740,,740,தேவநர்த்தகி,கோட்டயம் புஷ்பநாத்,திருமகள் நிலையம்,2010,100.00,சமூக நாவல்,
741,,741,பிரம்மரட்சஸ்,கோட்டயம் புஷ்பநாத்,திருமகள் நிலையம்,2007,75.00,சமூக நாவல்,
742,,742,மோகினி ,கோட்டயம் புஷ்பநாத்,திருமகள் நிலையம்,2010,120.00,சமூக நாவல்,
744,,744,குடவாயில் கோட்டம்,கோவி. மணிசேகரன்,இலக்குமி பதிப்பகம்,1998,54.00,வரலாற்று நாவல்,
745,,745,நீலமல்லிகை ,கோவி.மணிசேகரன் ,நாதன் பதிப்பகம்,2000,80.00,சமூக நாவல்,
746,,746,ஊர்புறத்து பறவைகள்,கோவை சதாசிவம்,,,,பொது அறிவு,
747,,747,உயிர்ப்புதையல்,கோவை சதாசிவம்,கஸ்தூரி பதிப்பகம்,2010,50.00,பொது அறிவு,
748,,748,சோளகர் தொட்டி ,ச.பாலமுருகன்,விடியல் பதிப்பகம்,2006,120.00,சமூக நாவல்,
749,,749,ராக்கெட் காதலர்கள்,சந்திர மோகன் ,பிரேமா பிரசுரம்,1977,2.00,சமூக நாவல்,
750,,750,ஏரிக்கரையில் சில ஊமைக் குயில்கள்,சந்திரசேகரன் ,நர்மதா பதிப்பகம்,1981,9.00,சமூக நாவல்,
751,,751,எச்சரிக்கை 36,சந்திரமோகன்,பிரேமா பிரசுரம்,1975,2.50,சமூக நாவல்,
752,,752,மனைவி ,சரசுவதி அமுதன்,மாரிமுத்து பதிப்பகம்,2003,40.00,சமூக நாவல்,
753,,753,அப்பாவின் பெண் ,சா.கந்தசாமி,கதைக்கதிர் தொகுப்பு,1980,1.25,சமூக நாவல்,
754,,754,நங்கூரம்,சாண்டில்யன் ,வானதி பதிப்பகம்,2007,70.00,சமூக நாவல்,
755,,755,தப்புத் தாளங்கள்,சாரு நிவேதிதா ,உயிர்மை பதிப்பகம்,2006,90.00,கட்டுரைகள்,
757,,757,மழையா பெய்கிறது,சாரு நிவேதிதா ,உயிர்மை பதிப்பகம்,2010,95.00,சமூக நாவல்,
759,,759,"வீடும், வெளியும்",சாவித்திரி அம்மா,கலைமகள் காரியாலயம்,,,மொழிபெயர்ப்பு,
760,,760,சரசம் சல்லாபம் சாமியார்,சாரு நிவேதிதா ,உயிர்மை பதிப்பகம்,2010,85.00,கட்டுரைகள்,
761,,761,பொன்னி -ஒரு காட்டுப் பெண்ணின் காதல் கதை,சி.ஏ.பாலன் ,பூம்புகார் பதிப்பகம்,1978,10.90,மொழிபெயர்ப்பு,
762,,762,மாடவீடுகளின் தனிமை,என்.ஸ்ரீராம்,தோழமை பதிப்பகம்,2008,100.00,சிறுகதைகள்,
763,,763,47 நாட்கள் ,சிவசங்கரி,கங்கை புத்தகநிலையம்,2010,65.00,சமூக நாவல்,
764,,764,அணில்கள் ,சிவசங்கரி,வானதி பதிப்பகம்,1981,6.00,சமூக நாவல்,
766,,766,அவன்,சிவசங்கரி,திருமகள் நிலையம்,1995,55.00,சமூக நாவல்,
767,,767,ஆற்றில் ஒரு கால் சேற்றில் ஒரு கால் ,சிவசங்கரி,வானதி பதிப்பகம்,1990,22.00,சமூக நாவல்,
768,,768,இனி,சிவசங்கரி,வானதி பதிப்பகம்,2010,60.00,சமூக நாவல்,
769,,769,இனி,சிவசங்கரி,வானதி பதிப்பகம்,2002,60.00,சமூக நாவல்,
770,,770,ஒரு மனிதனின் கதை,சிவசங்கரி,கங்கை புத்தகநிலையம்,2008,85.00,சமூக நாவல்,
771,,771,காளான்,சிவசங்கரி,வானதி பதிப்பகம்,1981,8.50,சமூக நாவல்,
772,,772,சின்ன நூல்கண்டா நம்மைச் சிறைப்படுத்துவது ?,சிவசங்கரி,வானதி பதிப்பகம்,2001,60.00,கட்டுரைகள்,
773,,773,சின்ன நூல்கண்டா நம்மைச் சிறைப்படுத்துவது ?,சிவசங்கரி,வானதி பதிப்பகம்,2003,60.00,கட்டுரைகள்,
774,,774,தவம்,சிவசங்கரி,திருமகள் நிலையம்,1998,31.00,சமூக நாவல்,
775,,775,திரிசங்கு சொர்க்கம்,சிவசங்கரி,வானதி பதிப்பகம்,1983,12.00,சமூக நாவல்,
776,,776,திரிவேணி சங்கமம்,சிவசங்கரி,வானதி பதிப்பகம்,2003,36.00,சமூக நாவல்,
777,,777,நண்டு,சிவசங்கரி,கங்கை புத்தகநிலையம்,2002,50.00,சமூக நாவல்,
778,,778,நண்டு,சிவசங்கரி,கங்கை புத்தகநிலையம்,2002,50.00,சமூக நாவல்,
779,,779,நண்டு ,சிவசங்கரி,கங்கை புத்தகநிலையம்,2002,65.00,சமூக நாவல்,
780,,780,நெருஞ்சி முள்,சிவசங்கரி,கங்கை புத்தகநிலையம்,2010,,சமூக நாவல்,
781,,781,பாலங்கள்,சிவசங்கரி,வானதி பதிப்பகம்,2009,100.00,சமூக நாவல்,
782,,782,பாலங்கள்,சிவசங்கரி,வானதி பதிப்பகம்,2003,70.00,சமூக நாவல்,
783,,783,மலையின் அடுத்த பக்கம்,சிவசங்கரி,திருமகள் நிலையம்,2000,74.00,சமூக நாவல்,
785,,785,திரிவேணி சங்கமம்,சிவசங்கரி,வானதி பதிப்பகம்,2003,36.00,சமூக நாவல்,
786,,786,47 நாட்கள்,சிவசங்கரி,கங்கை புத்தகநிலையம்,1994,32.00,சமூக நாவல்,
788,,788,அளம் ,சு.தமிழ்செல்வி,மருதா பதிப்பகம்,2002,100.00,சமூக நாவல்,
790,,790,காவல் கோட்டம் (சாகித்ய அகாடமி),சு.வெங்கடேசன்,தமிழினி பதிப்பகம்,2011,650.00,சமூக நாவல்,
792,,792,உழைக்கும் கரங்கள்,சுகி.சுப்பிரமணியன்,தமிழ் எழுத்தாளர்,1969,4.20,சமூக நாவல்,
793,,793,வாக்கப்பட்ட  பூமி,சுசி.கணேசன்,கலைஞன் பதிப்பகம்,2004,130.00,சமூக நாவல்,
794,,794,"வேரும், விழுதும்",சுப்பிரமணியன்,வாசகர் வட்டம்,1970,5.00,சமூக நாவல்,
795,,795,ரகசியமாய்,சுப்ரஜா,பூம்புகார் பதிப்பகம்,2010,100.00,சமூக நாவல்,
796,,796,காக்க காக்க கனகவேல் காக்க ,சுப்ரஜா,பூம்புகார் பதிப்பகம்,2006,78.00,சமூக நாவல்,
797,,797,அருகே ஒரு ஆபத்து,சுபா,தேவி பதிப்பகம்,1991,22.00,சமூக நாவல்,
798,,798,ஆண்கள் அரசாங்கம் ,சுபா ,பூம்புகார் பதிப்பகம்,2008,30.00,சமூக நாவல்,
799,,799,கண்மணி சுகமா ?,சுபா,அருணோதயம் பதிப்பகம்,2001,70.00,சமூக நாவல்,
800,,800,கரையாத காதலுடன் ,சுபா ,பூம்புகார் பதிப்பகம்,2008,45.00,சமூக நாவல்,
801,,801,சின்னச் சின்னக் கனவுகள் ,சுபா ,பூம்புகார் பதிப்பகம்,2009,75.00,சமூக நாவல்,
802,,802,தங்கப் புதையல் ,சுபா,அறிவு நிலையம்,1996,35.00,சமூக நாவல்,
803,,803,துப்பாக்கி நாட்கள் ,சுபா ,பூம்புகார் பதிப்பகம்,2008,40.00,சமூக நாவல்,
804,,804,நதிக்கரை ஞாபகம் ,சுபா,விசாலம் பதிப்பகம்,1994,35.00,சமூக நாவல்,
805,,805,நீரில் மிதக்கும் நிலா,சுபா,பூம்புகார் பதிப்பகம்,2008,60.00,சமூக நாவல்,
806,,806,நீரில் மிதக்கும் நிலா ,சுபா,பூம்புகார் பதிப்பகம்,2008,60.00,சமூக நாவல்,
807,,807,நேசிப்பதைச் சொல்லிவிடு,சுபா,பூம்புகார் பதிப்பகம்,2008,50.00,சமூக நாவல்,
808,,808,நேசிப்பதைச் சொல்லிவிடு,சுபா,பூம்புகார் பதிப்பகம்,2008,50.00,சமூக நாவல்,
809,,809,மீண்டும் நரேந்திரன்,சுபா,அன்பு இல்லம்,1992,26.00,சமூக நாவல்,
810,,810,6961,சுஜாதா,விசா பப்ளிகேசன்,2006,60.00,சமூக நாவல்,
811,,811,24 ரூபாய் - தீவு,சுஜாதா ,விசா பப்ளிகேசன்,2004,56.00,சமூக நாவல்,
812,,812,அடுத்த நூற்றாண்டு,சுஜாதா,விசா பப்ளிகேசன்,,50.00,சமூக நாவல்,
813,,813,அடுத்த நூற்றாண்டு,சுஜாதா,விசா பப்ளிகேசன்,2009,65.00,சமூக நாவல்,
814,,814,அப்ஸரா ,சுஜாதா,விசா பப்ளிகேசன்,2006,70.00,சமூக நாவல்,
815,,815,ஆரியபட்டா,சுஜாதா,விசா பப்ளிகேசன்,2003,40.00,சமூக நாவல்,
816,,816,அனிதா - இளம் மனைவி,சுஜாதா,விசா பப்ளிகேசன்,2005,56.00,சமூக நாவல்,
817,,817,அனிதாவின் காதல்கள்,சுஜாதா,விசா பப்ளிகேசன்,2003,80.00,சமூக நாவல்,
818,,818,அனுமதி,சுஜாதா,விசா பப்ளிகேசன்,2014,100.00,சமூக நாவல்,
819,,819,அனுமதி ,சுஜாதா,விசா பப்ளிகேசன்,2008,75.00,சமூக நாவல்,
820,,820,ஆ...!,சுஜாதா ,விசா பப்ளிகேசன்,2002,70.00,சமூக நாவல்,
821,,821,ஆதலினால் காதல் செய்வீர் ,சுஜாதா,விசா பப்ளிகேசன்,2000,32.00,சமூக நாவல்,
823,,823,இரண்டாவது காதல் கதை,சுஜாதா,திருமகள் நிலையம்,2002,87.00,சமூக நாவல்,
824,,824,உள்ளம் துறந்தவன்,சுஜாதா,விசா பப்ளிகேசன்,2005,65.00,சமூக நாவல்,
825,,825,ஊஞ்சல் ,சுஜாதா,விசா பப்ளிகேசன்,2008,72.00,சமூக நாவல்,
826,,826,எதையும் ஒரு முறை ,சுஜாதா,விசா பப்ளிகேசன்,2000,35.00,சமூக நாவல்,
827,,827,என் இனிய இயந்திரா!,சுஜாதா,விசா பப்ளிகேசன்,2002,72.00,சமூக நாவல்,
828,,828,என் இனிய இயந்திரா!,சுஜாதா ,குமரி பதிப்பகம்,1992,30.00,சமூக நாவல்,
829,,829,என்றாவது ஒரு நாள்,சுஜாதா,விசா பப்ளிகேசன்,2000,30.00,சமூக நாவல்,
830,,830,என்றாவது ஒரு நாள்,சுஜாதா ,கிழக்கு பதிப்பகம்,2010,80.00,சமூக நாவல்,
831,,831,ஐந்தாவது அத்தியாயம்,சுஜாதா,விசா பப்ளிகேசன்,2002,35.00,சமூக நாவல்,
832,,832,ஒரு நடுப்பகல் மரணம் ,சுஜாதா,விசா பப்ளிகேசன்,2000,70.00,சமூக நாவல்,
833,,833,ஒரு பிராயணம் ஒரு கொலை,சுஜாதா,விசா பப்ளிகேசன்,2009,40.00,சமூக நாவல்,
834,,834,ஒருத்தி நினைக்கையிலே,சுஜாதா,பாரதி பதிப்பகம்,1992,24.00,சமூக நாவல்,
835,,835,ஓலைப் பட்டாசு,சுஜாதா,விசா பப்ளிகேசன்,2014,75.00,சமூக நாவல்,
836,,836,ஓடாதே ,சுஜாதா,விசா பப்ளிகேசன்,2004,60.00,சமூக நாவல்,
838,,838,கடவுள் வந்திருந்தார்,சுஜாதா,விசா பப்ளிகேசன்,2008,35.00,சமூக நாவல்,
839,,839,கடவுள்களின் பள்ளத்தாக்கு,சுஜாதா,உயிர்மை பதிப்பகம்,2008,120.00,சமூக நாவல்,
840,,840,கம்ப்யூட்டரே ஒரு கதை சொல்லு,சுஜாதா,விசா பப்ளிகேசன்,2002,52.00,சமூக நாவல்,
841,,841,கம்ப்யூட்டர் கிராமம் ,சுஜாதா,விசா பப்ளிகேசன்,2012,70.00,சமூக நாவல்,
842,,842,கருப்புக் குதிரை,சுஜாதா,விசா பப்ளிகேசன்,2003,44.00,சமூக நாவல்,
843,,843,கரையெல்லாம் செண்பகப்பூ ,சுஜாதா ,விசா பப்ளிகேசன்,2002,56.00,சமூக நாவல்,
844,,844,கற்றதும் பெற்றதும் பாகம்- 2,சுஜாதா,விகடன் பிரசுரம்,2004,80.00,சமூக நாவல்,
845,,845,கற்றதும் பெற்றதும் பாகம்- 3,சுஜாதா,விகடன் பிரசுரம்,2007,100.00,சமூக நாவல்,
847,,847,காயத்ரி,சுஜாதா,விசா பப்ளிகேசன்,2010,45.00,சமூக நாவல்,
848,,848,குருப்பிரசாத்தின் கடைசி தினம் ,சுஜாதா,விசா பப்ளிகேசன்,2009,55.00,சமூக நாவல்,
849,,849,கொலை அரங்கம்,சுஜாதா,விசா பப்ளிகேசன்,2007,55.00,சமூக நாவல்,
850,,850,கொலையுதிர் காலம்,சுஜாதா ,உயிர்மை பதிப்பகம்,2007,160.00,சமூக நாவல்,
851,,851,கமிஷனருக்குக் கடிதம்,சுஜாதா ,விசா பப்ளிகேசன்,2006,70.00,சமூக நாவல்,
853,,853,சுஜாதாவைக் கேளுங்கள்,சுஜாதா,குமுதம் பதிப்பகம்,2009,75.00,கட்டுரைகள்,
854,,854,தங்க முடிச்சு ,சுஜாதா,விசா பப்ளிகேசன்,2009,60.00,சமூக நாவல்,
855,,855,தீண்டும் இன்பம் ,சுஜாதா,விசா பப்ளிகேசன்,2000,56.00,சமூக நாவல்,
856,,856,தோரணத்து மாவிலைகள்,சுஜாதா,விசா பப்ளிகேசன்,2007,75.00,சமூக நாவல்,
857,,857,நிர்வாண நகரம்,சுஜாதா ,விசா பப்ளிகேசன்,2009,60.00,சமூக நாவல்,
858,,858,"நில். கவனி, தாக்கு",சுஜாதா ,விசா பப்ளிகேசன்,2002,32.00,சமூக நாவல்,
861,,861,நைலான் கயிறு ,சுஜாதா,விசா பப்ளிகேசன்,2000,36.00,சமூக நாவல்,
862,,862,பதவிக்காக,சுஜாதா ,உயிர்மை பதிப்பகம்,2003,200.00,சமூக நாவல்,
863,,863,பத்து செகண்ட் முத்தம்,சுஜாதா,விசா பப்ளிகேசன்,2007,50.00,சமூக நாவல்,
864,,864,பாதி ராஜ்யம்,சுஜாதா,விசா பப்ளிகேசன்,2008,65.00,சமூக நாவல்,
865,,865,பிரியா,சுஜாதா,விசா பப்ளிகேசன்,2001,68.00,சமூக நாவல்,
866,,866,பிரிவோம் சந்திப்போம் - 1,சுஜாதா,விசா பப்ளிகேசன்,2000,45.00,சமூக நாவல்,
867,,867,பிரிவோம் சந்திப்போம் - 2,சுஜாதா,விசா பப்ளிகேசன்,2000,66.00,சமூக நாவல்,
868,,868,பூக்குட்டி ,சுஜாதா,விசா பப்ளிகேசன்,2007,38.00,சமூக நாவல்,
869,,869,பேசும் பொம்மைகள்,சுஜாதா ,உயிர்மை பதிப்பகம்,2004,125.00,சமூக நாவல்,
870,,870,மர்மக் கதைகள்,சுஜாதா ,உயிர்மை பதிப்பகம்,2005,180.00,சமூக நாவல்,
872,,872,மறுபடியும் கணேஷ் ,சுஜாதா,விசா பப்ளிகேசன்,2000,45.00,சமூக நாவல்,
873,,873,மாயா,சுஜாதா,விசா பப்ளிகேசன்,2010,45.00,சமூக நாவல்,
874,,874,மாயா,சுஜாதா,விசா பப்ளிகேசன்,2004,32.00,சமூக நாவல்,
875,,875,மாயா ,சுஜாதா,விசா பப்ளிகேசன்,2001,32.00,சமூக நாவல்,
876,,876,மிஸ் தமிழ்த் தாயே நமஸ்காரம் ,சுஜாதா ,விசா பப்ளிகேசன்,1994,22.00,சமூக நாவல்,
877,,877,மீண்டும் ஜீனோ,சுஜாதா,விசா பப்ளிகேசன்,2009,115.00,சமூக நாவல்,
878,,878,மீண்டும் ஜீனோ,சுஜாதா,விசா பப்ளிகேசன்,2002,85.00,சமூக நாவல்,
880,,880,மூன்று குற்றங்கள்,சுஜாதா ,விசா பப்ளிகேசன்,2006,112.00,சமூக நாவல்,
881,,881,மூன்று நாள் சொர்க்கம்,சுஜாதா,விசா பப்ளிகேசன்,2006,55.00,சமூக நாவல்,
883,,883,வஸந்த காலக் குற்றங்கள் ,சுஜாதா,விசா பப்ளிகேசன்,1998,40.00,சமூக நாவல்,
884,,884,வாய்மையே சிலசமயம் வெல்லும்,சுஜாதா,விசா பப்ளிகேசன்,2009,80.00,சமூக நாவல்,
885,,885,வானத்தில் ஒரு மௌனத்தாரகை ,சுஜாதா,விசா பப்ளிகேசன்,2008,40.00,சமூக நாவல்,
887,,887,ஜன்னல் மலர்,சுஜாதா,விசா பப்ளிகேசன்,2012,75.00,சமூக நாவல்,
888,,888,ஜன்னல் மலர்,சுஜாதா ,விசா பப்ளிகேசன்,1997,28.00,சமூக நாவல்,
889,,889,ஜோதி,சுஜாதா ,கிழக்கு பதிப்பகம்,2010,30.00,சமூக நாவல்,
890,,890,ஸ்ரீரங்கத்துக் கதைகள்,சுஜாதா,உயிர்மை பதிப்பகம்,2003,175.00,சிறுகதைகள்,
891,,891,செள்ளு,செல்வராஜ்,பாரதி பதிப்பகம்,2012,60.00,சிறுகதைகள்,
892,,892,நான்கில் ஒன்று,சேனையின் மாதவன்,குமரன் பதிப்பகம்,1998,30.00,சமூக நாவல்,
893,,893,மரியாதையாக வீட்டுக்குப் போங்கள் மகாராஜாவே,சொக்கன்,கிழக்கு பதிப்பகம்,2006,90.00,வரலாறு,
894,,894,கொரில்லா,சோபா சக்தி ,அடையாளம்,2002,75.00,சமூக நாவல்,
896,,896,செய்திகளுக்கு அப்பால்,சோலை ,தணல் பதிப்பகம்,2005,60.00,கட்டுரைகள்,
897,,897,"ஆடும், மாடும்",டி.கே.ஸ்ரீனிவாசன்,டி.கே.என்.சரஸ்வதி,1971,5.00,சமூக நாவல்,
899,,899,செல்வத் திறவுகோல்,தம்மண்ண செட்டியார்,நர்மதா பதிப்பகம்,2003,30.00,ஆன்மீகம்,
900,,900,"சன்மார்க்க யோகம், தியான முறைகள் ",தம்மண்ண செட்டியார்,நர்மதா பதிப்பகம்,2000,35.00,ஆன்மீகம்,
901,,901,மனோவசியம் என்னும் மனோசக்தியின் இரகசியங்கள்,தம்மண்ண செட்டியார்,நர்மதா பதிப்பகம்,2001,30.00,ஆன்மீகம்,
902,,902,பிச்சைக்காரர்கள்,தகழி சிவசங்கரப்பிள்ளை ,சாருபிரபா பப்ளிகேஷன்,,50.00,மொழிபெயர்ப்பு,
903,,903,கரையோரப் பூவே,தஞ்சை செல்வன்,மணிமேகலை பதிப்பகம்,1995,70.00,சமூக நாவல்,
904,,904,காதல் + காமம் = கடவுள்,தம்மண்ண செட்டியார்,நர்மதா பதிப்பகம்,2005,60.00,ஆன்மீகம்,
906,,906,153,தமிழ்வாணன்,மணிமேகலை பதிப்பகம்,,,சமூக நாவல்,
907,,907,என்னுடன் பறந்து வா ,தமிழ்வாணன்,மணிமேகலை பதிப்பகம்,,,சமூக நாவல்,
908,,908,கடலில் தெரிந்த கை,தமிழ்வாணன்,மணிமேகலை பதிப்பகம்,1984,19.00,சமூக நாவல்,
909,,909,கதவு திறந்தது கை தெரிந்தது ,தமிழ்வாணன்,மணிமேகலை பதிப்பகம்,1984,20.75,சமூக நாவல்,
910,,910,கவிழ்ந்த கப்பல் ,தமிழ்வாணன்,மணிமேகலை பதிப்பகம்,1984,9.00,சமூக நாவல்,
912,,912,பிடி - 22,தமிழ்வாணன்,மணிமேகலை பதிப்பகம்,1983,11.00,சமூக நாவல்,
913,,913,மர்மத் தீவு ,தமிழ்வாணன்,தெய்ன்றல் பதிப்பகம்,1983,7.00,சமூக நாவல்,
914,,914,மறைந்த நகரம்,தமிழ்வாணன்,மணிமேகலை பதிப்பகம்,1983,10.90,சமூக நாவல்,
915,,915,மூடிக்கிடக்குதே உன் நெஞ்சம் ,தமிழ்வாணன்,மணிமேகலை பதிப்பகம்,1984,18.50,சமூக நாவல்,
917,,917,தோழர்,தனுஷ்கோடி ராமசாமி,பாரதி பதிப்பகம்,2005,130.00,சமூக நாவல்,
918,,918,விடியலை நோக்கி முடிவற்ற பயணம்,தா.ஜெ.பிரபு,மணி ஆப்செட்,2010,250.00,சமூக நாவல்,
919,,919,இடைவெளி,தாமரை மணாளன் ,வானதி பதிப்பகம்,1980,12.50,சமூக நாவல்,
920,,920,திரைக்கு பின்,தார்க் ஷியா,#,,,சிறுகதைகள்,
921,,921,விண் மட்டும் தெய்வமன்று ,தி.சா.ராஜி,வானதி பதிப்பகம்,1983,14.00,சமூக நாவல்,
922,,922,இன்று முதல் ,தேவபாரதி,வெற்றி பதிப்பகம்,,4.50,சமூக நாவல்,
924,,924,சீனுப்பயல்,தேவன்,அல்லயன்ஸ்,2007,80.00,சிறுவர் நூல்கள்,
925,,925,தலைவாழை,தேவாசிகமணி,அன்னம் பதிப்பகம்,1994,110.00,சிறுகதைகள்,
926,,926,ஆசை - ஆசை - ஆசை,தேவிபாலா,கற்பகம் பதிப்பகம்,1994,38.00,சமூக நாவல்,
927,,927,இதயத்தை தொடலாமா,தேவிபாலா,நர்மதா பதிப்பகம்,1996,40.00,சமூக நாவல்,
928,,928,நாளைக்கும் நிலவு வரும்,தேவிபாலா,கங்கை புத்தகநிலையம்,1995,40.00,சமூக நாவல்,
929,,929,நிலவே முகம் காட்டு ,தேவிபாலா,நர்மதா பதிப்பகம்,1997,64.00,சமூக நாவல்,
930,,930,நிழல் விழும் நேரம் ,தேவிபாலா,கங்கை புத்தகநிலையம்,2001,70.00,சமூக நாவல்,
931,,931,நிஜமான நிழல்கள்,தேவிபாலா,கங்கை புத்தகநிலையம்,1995,35.00,சமூக நாவல்,
932,,932,முடிந்துவிட்ட ஆசை,தேவிபாலா,மணிமேகலை பதிப்பகம்,1995,32.00,சமூக நாவல்,
933,,933,கவிதை அரங்கேறும் நேரம்,தேவிபாலா பாலசுப்பிரமணிய,கங்கை புத்தகநிலையம்,2001,40.00,சமூக நாவல்,
934,,934,அன்புக்கு முதுமை இல்லை ,தோப்பில்.முகம்மதுமீரான்,பூங்கொடி பதிப்பகம்,1993,20.00,சமூக நாவல்,
935,,935,சாய்வு நாற்காலி ,தோப்பில்.முகம்மதுமீரான்,பூங்கொடி பதிப்பகம்,1998,80.00,சமூக நாவல்,
936,,936,அணிலாடும் முன்றில்,நா.முத்துக்குமார்,விகடன் பிரசுரம்,2011,85.00,சமூக நாவல்,
938,,938,குறிஞ்சி மலர்,நா.பார்த்தசாரதி,திருமகள் நிலையம்,2009,115.00,சமூக நாவல்,
939,,939,சாயங்கால மேகங்கள் ,நா.பார்த்தசாரதி,பூம்புகார் பதிப்பகம்,2010,79.00,சமூக நாவல்,
940,,940,பொன்விலங்கு ,நா.பார்த்தசாரதி,கௌரா பதிப்பகம்,2007,200.00,சமூக நாவல்,
941,,941,நதியின் பிழையன்று நறும்புனல்  இன்மை ,நாஞ்சில் நாடன்,தமிழினி பதிப்பகம்,2009,200.00,கட்டுரைகள்,
942,,942,இதயதாகம்,நாதன்,குமரன் பதிப்பகம்,2001,50.00,சமூக நாவல்,
943,,943,தரங்கிணி,நாரண துரைக்கண்ணன் ,#,,,சமூக நாவல்,
944,,944,நினைவுகள் அழிவதில்லை ,நிரஞ்சனா,சிந்தன் புக்ஸ்,2008,100.00,சமூக நாவல்,
945,,945,வட்டத்தின் வெளியே ..,நீல.பத்மநாபன்,நர்மதா பதிப்பகம்,1980,11.00,சமூக நாவல்,
946,,946,அன்புச்செல்வி,நெல்லைச்செல்வம்,செல்லப்பாப்பா பதிப்பகம்,2002,30.00,சிறுவர் நூல்கள்,
948,,948,புத்திமுனைக் குற்றம் புத்திமுனை வித்தை,பட்டுக்கோட்டை பிரபாகரன்,பூம்புகார் பதிப்பகம்,2002,35.00,சமூக நாவல்,
949,,949,அறியும் பருவம்,பட்டுக்கோட்டை பிரபாகரன்,பூம்புகார் பதிப்பகம்,2005,50.00,சமூக நாவல்,
950,,950,அன்புள்ள… இப்படிக்கு,பட்டுக்கோட்டை பிரபாகரன்,பூம்புகார் பதிப்பகம்,2005,35.00,சமூக நாவல்,
951,,951,ஆகாயத்தில் ஆரம்பம் ,பட்டுக்கோட்டை பிரபாகரன்,பூம்புகார் பதிப்பகம்,1999,30.00,சமூக நாவல்,
952,,952,ஆகாயத்தில் ஆரம்பம் ,பட்டுக்கோட்டை பிரபாகரன்,பூம்புகார் பதிப்பகம்,1999,30.00,சமூக நாவல்,
954,,954,இமைக்காத இரவு,பட்டுக்கோட்டை பிரபாகரன்,பூம்புகார் பதிப்பகம்,1999,45.00,சமூக நாவல்,
956,,956,ஒரு வானம் பல பறவைகள் ,பட்டுக்கோட்டை பிரபாகரன்,பூம்புகார் பதிப்பகம்,2002,38.50,சமூக நாவல்,
957,,957,கனவுப் புதையல்,பட்டுக்கோட்டை பிரபாகரன்,பூம்புகார் பதிப்பகம்,2001,55.00,சமூக நாவல்,
958,,958,கனவுகள் ஆயிரம்,பட்டுக்கோட்டை பிரபாகரன்,தமிழன் நிலையம்,2004,50.00,சமூக நாவல்,
959,,959,கொஞ்சம் காதல் வேண்டும் ,பட்டுக்கோட்டை பிரபாகரன்,பூம்புகார் பதிப்பகம்,1999,40.00,சமூக நாவல்,
960,,960,தொட்டால் தொடரும்,பட்டுக்கோட்டை பிரபாகரன்,பூம்புகார் பதிப்பகம்,2002,65.00,சமூக நாவல்,
961,,961,நான் உன்னை சுவாசிக்கிறேன்,பட்டுக்கோட்டை பிரபாகரன்,பூம்புகார் பதிப்பகம்,1999,47.50,சமூக நாவல்,
963,,963,நீ மட்டும் நிழலோடு ,பட்டுக்கோட்டை பிரபாகரன்,பூம்புகார் பதிப்பகம்,2002,56.00,சமூக நாவல்,
964,,964,பாலங்கள் ,சிவசங்கரி,வானதி பதிப்பகம்,2000,65.00,சமூக நாவல்,
965,,965,புத்திமுனைக் குற்றம் புத்திமுனை வித்தை,பட்டுக்கோட்டை பிரபாகரன்,பூம்புகார் பதிப்பகம்,2002,35.00,சமூக நாவல்,
966,,966,பூ பூக்கும் ஓசை ,பட்டுக்கோட்டை பிரபாகரன்,பூம்புகார் பதிப்பகம்,2013,200.00,சமூக நாவல்,
967,,967,பென்சில் மீசை,பட்டுக்கோட்டை பிரபாகரன்,பூம்புகார் பதிப்பகம்,2005,50.00,சமூக நாவல்,
968,,968,மதில் மேல் மனசு ,பட்டுக்கோட்டை பிரபாகரன்,பூம்புகார் பதிப்பகம்,2001,62.50,சமூக நாவல்,
969,,969,மன்மதன் வந்தானடி,பட்டுக்கோட்டை பிரபாகரன்,பூம்புகார் பதிப்பகம்,2006,56.00,சமூக நாவல்,
970,,970,குற்றம் மேலும் குற்றம்,பட்டுக்கோட்டை பிரபாகரன்,பூம்புகார் பதிப்பகம்,2002,65.00,சமூக நாவல்,
971,,971,மௌனத்தால் பேசாதே ,பட்டுக்கோட்டை பிரபாகரன்,பூம்புகார் பதிப்பகம்,2001,49.00,சமூக நாவல்,
972,,972,வல்லமை தாராயோ?,பட்டுக்கோட்டை பிரபாகரன்,அலமு நிலையம்,1991,20.00,சமூக நாவல்,
973,,973,வில்லன் என்கிற கதாநாயகன்,பட்டுக்கோட்டை பிரபாகரன்,பூம்புகார் பதிப்பகம்,2002,38.50,சிறுகதைகள்,
975,,975,ஜன்னல் கைதிகள்,பட்டுக்கோட்டை பிரபாகரன்,பூம்புகார் பதிப்பகம்,2005,56.00,சமூக நாவல்,
976,,976,கிராமியக் கதைகள்,கி.ராஜநாராயணன்,அகரம் பதிப்பகம்,2005,70.00,சிறுகதைகள்,
977,,977,இரு புதினங்கள்,பண்ணன் ,பண்ணன் பதிப்பகம்,1999,35.00,சமூக நாவல்,
978,,978,செம்பவளம் ,பண்ணன் ,பண்ணன் பதிப்பகம்,1999,35.00,சமூக நாவல்,
979,,979,நாற்றங்கால் ,பண்ணன் ,பண்ணன் பதிப்பகம்,1999,28.00,சமூக நாவல்,
980,,980,பிராமணன் இங்கே!,பண்ணன்,பண்ணன் பதிப்பகம்,1998,32.00,சமூக நாவல்,
981,,981,ப்ளஸ் - 1,ப்ரியா கல்யாணராமன்,குமுதம் பதிப்பகம்,2008,75.00,சமூக நாவல்,
982,,982,காலம் கிழித்த கோடுகள்,பழ.கருப்பையா ,கற்பகம் பதிப்பகம்,2004,50.00,கட்டுரைகள்,
983,,983,புயலிலே ஒரு தோணி,ப.சிங்காரம்,தமிழினி பதிப்பகம்,2005,180.00,சமூக நாவல்,
984,,984,வெள்ளி மலை,பா.ராகவன்,ராணிமுத்து தொகுப்பு,,,சமூக நாவல்,
985,,985,டாலர் தேசம்,பா.ராகவன்,கிழக்கு பதிப்பகம்,2004,,சமூக நாவல்,
986,,986,கால் கிலோ காதல் அரை கிலோ கனவு,பா.ராகவன்,மதி நிலையம்,2014,80.00,சமூக நாவல்,
987,,987,சௌபர்னிகா,பா.விஜய்,குமரன் பதிப்பகம்,2012,1150.00,சமூக நாவல்,
988,,988,அப்புசாமி படம் எடுக்கிறார் ,பாக்கியம்.ராமசாமி ,பூம்புகார் பதிப்பகம்,2002,56.00,சமூக நாவல்,
989,,989,புத்தர் சிரித்தார் ,பாமரன்,செம்புலம் பதிப்பகம்,2003,25.00,கட்டுரைகள்,
990,,990,கருக்கு,பாமா,பாரதி பதிப்பகம்,2009,35.00,சமூக நாவல்,
992,,992,அப்பம் வடை தயிர்சாதம்,பாலகுமாரன்,விசா பப்ளிகேசன்,2001,95.00,சமூக நாவல்,
993,,993,ஆசை என்னும் வேதம் ,பாலகுமாரன்,விசா பப்ளிகேசன்,2000,70.00,சமூக நாவல்,
994,,994,ஆருயிரே மன்னவரே…,பாலகுமாரன்,விசா பப்ளிகேசன்,2011,110.00,சமூக நாவல்,
995,,995,ஆருயிரே மன்னவரே…,பாலகுமாரன்,நர்மதா பதிப்பகம்,1990,,சமூக நாவல்,
996,,996,ஆலமரம் ,பாலகுமாரன்,விசா பப்ளிகேசன்,2009,85.00,சமூக நாவல்,
997,,997,ஆனந்த வயல் ,பாலகுமாரன்,விசா பப்ளிகேசன்,1999,62.00,சமூக நாவல்,
998,,998,இதுதான் வயசு காதலிக்க,பாலகுமாரன்,விசா பப்ளிகேசன்,2003,68.00,சமூக நாவல்,
1000,,1000,இனிது இனிது காதல் இனிது - 1,பாலகுமாரன்,விசா பப்ளிகேசன்,2002,68.00,சமூக நாவல்,
1002,,1002,இனிய யட்சிணி,பாலகுமாரன்,விசா பப்ளிகேசன்,2000,90.00,சமூக நாவல்,
1003,,1003,உயிர்ச் சுருள்,பாலகுமாரன்,விசா பப்ளிகேசன்,2008,50.00,சமூக நாவல்,
1004,,1004,எட்ட நின்று சுட்ட நிலா ,பாலகுமாரன்,விசா பப்ளிகேசன்,2012,85.00,சமூக நாவல்,
1005,,1005,என் அன்பு காதலா,பாலகுமாரன்,விசா பப்ளிகேசன்,2001,92.00,சமூக நாவல்,
1006,,1006,என்மனது தாமரைப்பூ,பாலகுமாரன்,விசா பப்ளிகேசன்,1994,20.00,சமூக நாவல்,
1007,,1007,என்னுயிரும் நீயல்லவோ,பாலகுமாரன்,விசா பப்ளிகேசன்,2011,205.00,சமூக நாவல்,
1008,,1008,என்னுயிரும் நீயல்லவோ ,பாலகுமாரன்,விசா பப்ளிகேசன்,1997,50.00,சமூக நாவல்,
1010,,1010,ஏழாவது காதல் ,பாலகுமாரன்,விசா பப்ளிகேசன்,2002,64.00,சமூக நாவல்,
1011,,1011,எழில் ,பாலகுமாரன்,விசா பப்ளிகேசன்,2006,85.00,சமூக நாவல்,
1012,,1012,ஒரு காதல் நிவந்தம்,பாலகுமாரன்,விசா பப்ளிகேசன்,2011,110.00,சிறுகதைகள்,
1013,,1013,கடற்பாலம்,பாலகுமாரன்,விசா பப்ளிகேசன்,2000,48.00,சிறுகதைகள்,
1014,,1014,கடலோரக் குருவிகள்,பாலகுமாரன்,விசா பப்ளிகேசன்,2011,85.00,சமூக நாவல்,
1015,,1015,கண்ணாடி கோபுரங்கள்,பாலகுமாரன்,விசா பப்ளிகேசன்,2003,88.00,சமூக நாவல்,
1016,,1016,கண்ணால் கண்ட காதல் கதைகள்,பாலகுமாரன்,விசா பப்ளிகேசன்,2007,75.00,சமூக நாவல்,
1017,,1017,கண்ணே கலைமானே,பாலகுமாரன்,விசா பப்ளிகேசன்,1997,130.00,சமூக நாவல்,
1018,,1018,கண்ணே கலைமானே,பாலகுமாரன்,விசா பப்ளிகேசன்,2006,120.00,சமூக நாவல்,
1019,,1019,கர்ணனின் கதை,பாலகுமாரன்,விசா பப்ளிகேசன்,2011,65.00,சமூக நாவல்,
1020,,1020,கருணை மழை,பாலகுமாரன்,விசா பப்ளிகேசன்,2006,85.00,சமூக நாவல்,
1021,,1021,கரையோர முதலைகள் ,பாலகுமாரன்,விசா பப்ளிகேசன்,1997,57.00,சமூக நாவல்,
1022,,1022,கல்லூரி பூக்கள் ,பாலகுமாரன்,விசா பப்ளிகேசன்,2004,117.00,சமூக நாவல்,
1023,,1023,கற்றுக்கொண்டால் குற்றமில்லை ,பாலகுமாரன்,விசா பப்ளிகேசன்,2011,70.00,கட்டுரைகள்,
1024,,1024,கனவு கண்டேன் தோழி ,பாலகுமாரன்,விசா பப்ளிகேசன்,2011,90.00,சமூக நாவல்,
1025,,1025,கனவுக் குடித்தனம் ,பாலகுமாரன்,விசா பப்ளிகேசன்,1998,65.00,சமூக நாவல்,
1026,,1026,கனவுகள் விற்பவன்,பாலகுமாரன்,விசா பப்ளிகேசன்,2009,130.00,சமூக நாவல்,
1027,,1027,காசும் பிறப்பும்,பாலகுமாரன்,விசா பப்ளிகேசன்,2004,105.00,சமூக நாவல்,
1028,,1028,காதல் சிறகு,பாலகுமாரன்,விசா பப்ளிகேசன்,2003,108.00,சமூக நாவல்,
1030,,1030,காமதேனு,பாலகுமாரன்,விசா பப்ளிகேசன்,2004,65.00,சமூக நாவல்,
1031,,1031,கிருஷ்ண மந்திரம் ,பாலகுமாரன்,திருமகள் நிலையம்,2011,145.00,சமூக நாவல்,
1032,,1032,குரு,பாலகுமாரன்,திருமகள் நிலையம்,2007,65.00,சமூக நாவல்,
1034,,1034,குன்றிமணி,பாலகுமாரன்,விசா பப்ளிகேசன்,2004,60.00,சமூக நாவல்,
1035,,1035,சக்ரவாஹம்,பாலகுமாரன்,விசா பப்ளிகேசன்,2014,110.00,சமூக நாவல்,
1036,,1036,சரிகை வேட்டி,பாலகுமாரன்,விசா பப்ளிகேசன்,1997,43.00,சமூக நாவல்,
1037,,1037,சிம்மாசனம்,பாலகுமாரன்,விசா பப்ளிகேசன்,2009,85.00,சமூக நாவல்,
1038,,1038,சுந்தரி கண்ணால் ஒரு சேதி,பாலகுமாரன்,விசா பப்ளிகேசன்,2011,150.00,சிறுகதைகள்,
1040,,1040,செந்தூர சொந்தம்,பாலகுமாரன்,விசா பப்ளிகேசன்,2009,70.00,சமூக நாவல்,
1041,,1041,செப்பு பட்டயம் ,பாலகுமாரன்,விசா பப்ளிகேசன்,2003,85.00,சமூக நாவல்,
1042,,1042,சொர்க்கம் நடுவிலே ,பாலகுமாரன்,விசா பப்ளிகேசன்,2010,120.00,சமூக நாவல்,
1043,,1043,சொர்க்கம் நடுவிலே ,பாலகுமாரன்,திருமகள் நிலையம்,2012,140.00,சமூக நாவல்,
1044,,1044,தங்க சுருள் ,பாலகுமாரன்,விசா பப்ளிகேசன்,2004,60.00,சமூக நாவல்,
1045,,1045,தலையணை பூக்கள்,பாலகுமாரன்,விசா பப்ளிகேசன்,2012,125.00,சமூக நாவல்,
1046,,1046,திருமணமான என் தோழிக்கு,பாலகுமாரன்,விசா பப்ளிகேசன்,2002,56.00,சமூக நாவல்,
1047,,1047,தொப்புள் கொடி,பாலகுமாரன்,விசா பப்ளிகேசன்,2011,95.00,சமூக நாவல்,
1048,,1048,தோழன்,பாலகுமாரன்,விசா பப்ளிகேசன்,2009,115.00,சமூக நாவல்,
1049,,1049,நானே எனக்கொரு போதிமரம்,பாலகுமாரன்,விசா பப்ளிகேசன்,1993,33.00,சமூக நாவல்,
1050,,1050,நிழல் யுத்தம்,பாலகுமாரன்,விசா பப்ளிகேசன்,2009,85.00,சமூக நாவல்,
1051,,1051,நெல்லுச்சோறு,பாலகுமாரன்,விசா பப்ளிகேசன்,2010,110.00,சமூக நாவல்,
1053,,1053,பச்சை வயல் மனது,பாலகுமாரன்,விசா பப்ளிகேசன்,2011,155.00,சிறுகதைகள்,
1054,,1054,பவழ மல்லி ,பாலகுமாரன்,விசா பப்ளிகேசன்,2010,80.00,சமூக நாவல்,
1055,,1055,பழமுதிர் குன்றம் ,பாலகுமாரன்,விசா பப்ளிகேசன்,2008,75.00,சமூக நாவல்,
1056,,1056,பிரஹலாதன் ,பாலகுமாரன்,விசா பப்ளிகேசன்,2013,85.00,சமூக நாவல்,
1057,,1057,புருஷ வதம் ,பாலகுமாரன்,விசா பப்ளிகேசன்,2011,100.00,சமூக நாவல்,
1058,,1058,பொய் மான் ,பாலகுமாரன்,விசா பப்ளிகேசன்,2009,32.00,சமூக நாவல்,
1059,,1059,மண்ணில் தெரியுதுவானம்,பாலகுமாரன்,விசா பப்ளிகேசன்,2011,155.00,சமூக நாவல்,
1060,,1060,மணல் நதி,பாலகுமாரன்,விசா பப்ளிகேசன்,2013,75.00,சமூக நாவல்,
1061,,1061,மணல் நதி ,பாலகுமாரன்,விசா பப்ளிகேசன்,2009,55.00,சமூக நாவல்,
1062,,1062,மனக்கோயில் ,பாலகுமாரன்,விசா பப்ளிகேசன்,2012,160.00,சமூக நாவல்,
1065,,1065,மீட்டாத வீணை,பாலகுமாரன்,திருமகள் நிலையம்,2009,75.00,சமூக நாவல்,
1066,,1066,மௌனமே காதலாக ,பாலகுமாரன்,விசா பப்ளிகேசன்,2000,72.00,சமூக நாவல்,
1067,,1067,மௌனமே காதலாய்,பாலகுமாரன்,விசா பப்ளிகேசன்,2009,105.00,சமூக நாவல்,
1069,,1069,ரகசிய சிநேகிதியே ,பாலகுமாரன்,விசா பப்ளிகேசன்,2001,86.00,சமூக நாவல்,
1070,,1070,வன்னிமரத்தாலி,பாலகுமாரன்,விசா பப்ளிகேசன்,2009,75.00,சமூக நாவல்,
1071,,1071,வில்வமரம்,பாலகுமாரன்,விசா பப்ளிகேசன்,2011,55.00,சமூக நாவல்,
1072,,1072,வெள்ளைத்தாமரை,பாலகுமாரன்,விசா பப்ளிகேசன்,2008,110.00,சமூக நாவல்,
1074,,1074,சிநேகமுள்ள சிங்கம்,பாலகுமாரன்,விசா பப்ளிகேசன்,2012,130.00,சமூக நாவல்,
1076,,1076,வில்லாதி வில்லன் ,பாலாஜெயராமன் ,கிழக்கு பதிப்பகம்,2011,125.00,வாழ்க்கை வரலாறு,
1077,,1077,தோல்,டி.செல்வராஜ்,நியுசெஞ்சுரி புக் ஹவுஸ்,2012,400.00,சமூக நாவல்,
1078,,1078,மது மோகினி,பி.டி.சாமி,விஜயா பிரசுரம்,1973,2.00,சமூக நாவல்,
1079,,1079,ரத்த சுவடு,பி.டி.சாமி,பிரேமா பிரசுரம்,1982,3.00,சமூக நாவல்,
1080,,1080,குளிருக்கும் வெப்பமுண்டு,பி.வி.ஆர்,மாலைமதி தொகுப்பு,1982,,சமூக நாவல்,
1081,,1081,கோடு தாண்டாத குளங்கள் ,பிரதிபா ராஜகோபாலன் ,கலைஞன் பதிப்பகம்,1982,10.00,சமூக நாவல்,
1082,,1082,ஜாக்கிரதை வயது - 16,பிரியா கல்யாணராமன் ,குமுதம் பதிப்பகம்,2004,60.00,சமூக நாவல்,
1083,,1083,தேனிலவிற்கு வந்தவர்கள்,பீஷ்மன்,சூடாமணி பிரசுரம்,1994,25.00,சமூக நாவல்,
1085,,1085,தனி வீடு,புலவர்.நாகசண்முகம் ,அம்பாள் பதிப்பகம்,1891,7.00,சமூக நாவல்,
1086,,1086,ஜென் கதைகள்,கவிஞர்.புவியரசு ,கண்ணதாசன் பதிப்பகம்,2010,65.00,சிறுவர் நூல்கள்,
1087,,1087,மீண்டும் ஜென் கதைகள்,கவிஞர்.புவியரசு ,கண்ணதாசன் பதிப்பகம்,2010,60.00,சிறுவர் நூல்கள்,
1088,,1088,புதிய மனிதன் பிராங்கன் ஸ்டீ,புவியரசு,பார்வதி கண்ணதாசன் பதிப்பகம்,1998,36.00,மொழிபெயர்ப்பு,
1089,,1089,அமைதியில்லா என் மனமே,புஷ்பா தங்கதுரை,பூம்புகார் பதிப்பகம்,2006,45.00,சமூக நாவல்,
1091,,1091,ஒரு ஊதாப்பூ கண்சிமிட்டுகிறது,புஷ்பா தங்கதுரை,பூம்புகார் பதிப்பகம்,2002,55.00,சமூக நாவல்,
1092,,1092,கடலுக்குள் ஜூலி,புஷ்பா தங்கதுரை,பூம்புகார் பதிப்பகம்,2002,45.00,சமூக நாவல்,
1093,,1093,காணாமல் போன விமானம் ,புஷ்பா தங்கதுரை,பூம்புகார் பதிப்பகம்,2000,28.00,சமூக நாவல்,
1094,,1094,காதல் அல்ல காதலி ,புஷ்பா தங்கதுரை,பூம்புகார் பதிப்பகம்,2006,40.00,சமூக நாவல்,
1095,,1095,காதல் ஒரு கனவு ,புஷ்பா தங்கதுரை,பூம்புகார் பதிப்பகம்,2006,50.00,சமூக நாவல்,
1096,,1096,சரிதா + சரிதா ,புஷ்பா தங்கதுரை,பூம்புகார் பதிப்பகம்,2006,42.00,சமூக நாவல்,
1097,,1097,சிகப்பு ரோஜா கதைகள்,புஷ்பா தங்கதுரை,பூம்புகார் பதிப்பகம்,1999,99.00,சமூக நாவல்,
1099,,1099,காணி நிலம் வேண்டும் ,பூவை.எஸ்.ஆறுமுகம்,வானதி பதிப்பகம்,1978,10.00,சமூக நாவல்,
1100,,1100,பரபரப்பூட்டிய  பாலியல் படங்கள் ,பெரு துளசி பழனிவேல்,சாருபிரபா பதிப்பகம்,2007,40.00,பொது அறிவு,
1101,,1101,திருக்குறள் மெய்ப்பொருளுரை - 1,பெருஞ்சித்திரனார்,தேன்மொழி பதிப்பகம்,2006,100.00,இலக்கியம்,
1102,,1102,மறுபக்கம்,பொன்நீலன் ,நியுசெஞ்சுரி புக் ஹவுஸ்,2010,375.00,சமூக நாவல்,
1103,,1103,தேவதைகளின் தீட்டுத்துணி,போ.கண்ணன்,வடலி பதிப்பகம்,2010,60.00,சமூக நாவல்,
1104,,1104,தீர்ப்பு,மஞ்சை வசந்தன்,விஜயா பிரசுரம்,2011,65.00,கட்டுரைகள்,
1105,,1105,காதல் வாழ்க ,மதன்,விகடன் பிரசுரம்,2012,90.00,சமூக நாவல்,
1107,,1107,ஹாய் மதன் - 5,மதன்,விகடன் பிரசுரம்,2009,85.00,அறிவியல்,
1108,,1108,ஹாய் மதன் - 6,மதன்,விகடன் பிரசுரம்,209,100.00,அறிவியல்,
1109,,1109,நள்ளிரவில் சுதந்திரம்,வி.என்.ராகவன் ,அலைகள் வெளியீட்டகம்,2010,300.00,வரலாற்று நாவல்,
1110,,1110,அவர்கள் கிடக்கிறார்கள் ,ஜோதிர்லதா கிரிஜா,கலைஞன் பதிப்பகம்,1980,9.00,சமூக நாவல்,
1111,,1111,யூ.ஆர்.அப்பாயிண்டட்,மாஃபா பாண்டியராஜன் ,விகடன் பிரசுரம்,2005,70.00,சமூக நாவல்,
1112,,1112,தாய் ,மார்சிம் கார்க்கி ,நியுசெஞ்சுரி புக் ஹவுஸ்,2006,150.00,சமூக நாவல்,
1114,,1114,கயமை,மு.வரதராசனார்,பாரி நிலையம்,2006,100.00,சமூக நாவல்,
1115,,1115,கரித்துண்டு,மு.வரதராசனார்,பாரி நிலையம்,1983,15.00,சமூக நாவல்,
1117,,1117,வால்காவிலிருந்து கங்கை வரை,கண.முத்தையா ,தமிழ்ப் புத்தகாலயம்,1997,75.00,சிறுகதைகள்,
1118,,1118,கொலஸ்ட்ரால் குறைப்பது எப்படி,முத்து.செல்வக்குமார்,நலம் பதிப்பகம்,2008,75.00,மருத்துவம்,
1120,,1120,குமாரி அபாயம் ,மேதாவி,பிரேமா பிரசுரம்,1980,3.00,சமூக நாவல்,
1121,,1121,ஐந்து சிங்கமுகத் தாலி,மேதாவி,பிரேமா பிரசுரம்,1982,2.75,சமூக நாவல்,
1122,,1122,துப்பறியும் ராஜு,மேதாவி,பிரேமா பிரசுரம்,1979,1.00,சமூக நாவல்,
1123,,1123,தாய் நாடு திரும்பிய பூச்சாண்டிகள்,மேதாவி,பிரேமா பிரசுரம்,1980,3.00,சமூக நாவல்,
1124,,1124,மணப்பூ,மேலாண்மை பொன்னுசாமி,கங்கை புத்தகநிலையம்,2007,36.00,சிறுகதைகள்,
1125,,1125,ஊர் மண்,மேலாண்மை பொன்னுசாமி,கங்கை புத்தகநிலையம்,2002,70.00,சமூக நாவல்,
1126,,1126,மின்சாரப் பூ ,மேலாண்மை பொன்னுசாமி,கங்கை புத்தகநிலையம்,2004,70.00,சிறுகதைகள்,
1127,,1127,மானாவாரிப்பூ,மேலாண்மை.பொன்னுசாமி,வைகை வெளியீடு,2001,100.00,சிறுகதைகள்,
1128,,1128,மின்னுவதெல்லாம் பெண் ,என்.சி.மோகன்தாஸ்,மணிமேகலை பதிப்பகம்,1995,20.00,சமூக நாவல்,
1129,,1129,கனல் மணக்கும் பூக்கள் ,ரங்கநாயகி,கலைஞன் பதிப்பகம்,1980,8.00,சமூக நாவல்,
1130,,1130,நிலா காயும் நேரம்,ரமணிசந்திரன்,அருணோதயம் பதிப்பகம்,2005,55.00,சமூக நாவல்,
1131,,1131,உன் முகம் கண்டேனடி,ரமணிசந்திரன்,அருணோதயம் பதிப்பகம்,2005,60.00,சமூக நாவல்,
1132,,1132,பழைய வானத்தின் கீழே,சி.ஆர்.ரவீந்திரன்,கலைஞன் பதிப்பகம்,1980,3.00,சமூக நாவல்,
1133,,1133,இது சத்தியம்,ரா.கி.ரங்கராஜன்,கங்கை புத்தகநிலையம்,1995,90.00,சமூக நாவல்,
1134,,1134,ஒரு தற்கொலை நடக்கப்போகிறது ,ரா.கி.ரங்கராஜன்,மாலைமதி தொகுப்பு,1977,,சமூக நாவல்,
1135,,1135,காதல் மேல் ஆணை,ரா.கி.ரங்கராஜன்,கங்கை புத்தகநிலையம்,1995,80.00,சமூக நாவல்,
1137,,1137,மேடம் ,ரா.கி.ரங்கராஜன்,கங்கை புத்தகநிலையம்,2001,60.00,மொழிபெயர்ப்பு,
1138,,1138,லாரா,ரா.கி.ரங்கராஜன்,கங்கை புத்தகநிலையம்,2000,120.00,மொழிபெயர்ப்பு,
1139,,1139,ஹாஸ்யக் கதைகள்,ரா.கி.ரங்கராஜன்,அல்லயன்ஸ்,2007,75.00,சிறுவர் நூல்கள்,
1140,,1140,நம்பிக்கைகள் ,ரா.சு.நல்லபெருமாள்,கலைமகள் காரியாலயம்,1981,15.00,சமூக நாவல்,
1141,,1141,சிந்து முதல் கங்கை வரை ,ராகுலசாங்கிருத்தியாயன்,நியுசெஞ்சுரி புக் ஹவுஸ்,2009,140.00,சமூக நாவல்,
1143,,1143,வேருக்கு நீர் (சாகித்ய அகாடமி),ராஜம் கிருஷ்ணன்,நாம் தமிழர் பதிப்பகம்,2010,100.00,சமூக நாவல்,
1144,,1144,கரிப்பு மணிகள்,ராஜம் கிருஷ்ணன் ,பாரி புத்தக பண்ணை,1982,12.00,சமூக நாவல்,
1145,,1145,கமலம்மாள் சரித்திரம்,ராஜமைய்யார் ,ராம்நாத் பப்ளிகேசன்,1957,1.00,சமூக நாவல்,
1146,,1146,வட்டியும் முதலும் ,ராஜுமுருகன்,விகடன் பிரசுரம்,2012,215.00,சிறுகதைகள்,
1147,,1147,ஒரு நள்ளிரவின் மறுபக்கம்,ராஜேந்திரகுமார்,அபிராமி பதிப்பகம்,1979,26.00,சமூக நாவல்,
1148,,1148,கொலை அவள் சொன்னாள்,ராஜேந்திரகுமார்,அன்பு இல்லம்,1986,20.00,சமூக நாவல்,
1149,,1149,அந்தரங்கம் அலறுகிறது ,ராஜேந்திரகுமார்,அறிவு நிலையம்,1993,22.00,சமூக நாவல்,
1150,,1150,19  வயது சொர்க்கம் ,ராஜேஷ் குமார்,பூம்புகார் பதிப்பகம்,1999,45.00,சமூக நாவல்,
1152,,1152,அஞ்சாதே அஞ்சு ,ராஜேஷ் குமார்,பூம்புகார் பதிப்பகம்,2008,60.00,சமூக நாவல்,
1153,,1153,அபாயம் தொடு,ராஜேஷ் குமார்,அருணோதயம் பதிப்பகம்,1997,35.00,சமூக நாவல்,
1154,,1154,அமிர்தம் என்றால் விஷம்,ராஜேஷ் குமார்,பூம்புகார் பதிப்பகம்,2004,75.00,சமூக நாவல்,
1155,,1155,அவென்யூ மரங்கள்,ராஜேஷ் குமார்,அருண் பதிப்பகம்,2007,85.00,சமூக நாவல்,
1156,,1156,இரவு நேர வானவில்,ராஜேஷ் குமார்,பாரதி பதிப்பகம்,2001,50.00,சமூக நாவல்,
1158,,1158,இனிமேல் சாருமதி,ராஜேஷ் குமார்,பூம்புகார் பதிப்பகம்,2002,30.00,சமூக நாவல்,
1160,,1160,உயிர் திருடர்கள் ,ராஜேஷ் குமார்,பூம்புகார் பதிப்பகம்,2002,45.50,சமூக நாவல்,
1161,,1161,உன்னைவிட்டால் யாருமில்லை ,ராஜேஷ் குமார்,பூம்புகார் பதிப்பகம்,2009,45.00,சமூக நாவல்,
1162,,1162,உன்னைவிட்டால் யாருமில்லை ,ராஜேஷ் குமார்,பூம்புகார் பதிப்பகம்,2009,45.00,சமூக நாவல்,
1164,,1164,எட்டு வண்ண வானவில்,ராஜேஷ் குமார்,பழனி நிலையம்,2004,75.00,சமூக நாவல்,
1166,,1166,ஒருநாள் ஒரு கனவு,ராஜேஷ் குமார்,பழனி நிலையம்,2005,65.00,சமூக நாவல்,
1167,,1167,ஒன்றும் ஒன்றும் மூன்று,ராஜேஷ் குமார்,பூம்புகார் பதிப்பகம்,2000,55.00,சமூக நாவல்,
1168,,1168,கண்ணிலே நீர் எதற்கு...,ராஜேஷ் குமார்,பூம்புகார் பதிப்பகம்,2003,42.00,சமூக நாவல்,
1169,,1169,கண்ணெல்லாம் உன்னோடுதான்,ராஜேஷ் குமார்,பூம்புகார் பதிப்பகம்,2011,260.00,சமூக நாவல்,
1170,,1170,கருப்பு வானவில்,ராஜேஷ் குமார்,பாரதி நிலையம்,1998,40.00,சமூக நாவல்,
1171,,1171,கருப்பு வானவில்,ராஜேஷ் குமார்,பூம்புகார் பதிப்பகம்,2008,45.00,சமூக நாவல்,
1172,,1172,காகிதப் பூ தேன் ,ராஜேஷ் குமார்,பூம்புகார் பதிப்பகம்,2009,75.00,சமூக நாவல்,
1173,,1173,காதல் தேசத்திற்கு ஒரு விசா,ராஜேஷ் குமார்,பாரதி பதிப்பகம்,1990,12.50,சமூக நாவல்,
1174,,1174,காற்றின் நிறம் கருப்பு ,ராஜேஷ் குமார்,பூம்புகார் பதிப்பகம்,2006,70.00,சமூக நாவல்,
1175,,1175,கூடவே ஒரு நிழல் ,ராஜேஷ் குமார்,பூம்புகார் பதிப்பகம்,2008,70.00,சமூக நாவல்,
1176,,1176,"கொஞ்சம் மேகம், கொஞ்சம் நிலவு",ராஜேஷ் குமார்,அருணோதயம் பதிப்பகம்,2001,70.00,சமூக நாவல்,
1177,,1177,சத்தமில்லாத சமுத்திரம் ,ராஜேஷ் குமார்,பூம்புகார் பதிப்பகம்,2002,30.00,சமூக நாவல்,
1178,,1178,சிகப்பு தாஜ்மஹால்,ராஜேஷ் குமார்,பூம்புகார் பதிப்பகம்,2003,42.00,சமூக நாவல்,
1179,,1179,சிவப்பு வானவில் ,ராஜேஷ் குமார்,பூம்புகார் பதிப்பகம்,2006,35.00,சமூக நாவல்,
1180,,1180,டைனமைட் ,ராஜேஷ் குமார்,பாரதி பதிப்பகம்,2002,60.00,சமூக நாவல்,
1181,,1181,தனித்திரு விழித்திரு,ராஜேஷ் குமார்,விசாலம் பதிப்பகம்,2006,75.00,சமூக நாவல்,
1182,,1182,தூங்காத கண் ஒன்று ,ராஜேஷ் குமார்,விசாலம் பதிப்பகம்,2004,70.00,சமூக நாவல்,
1183,,1183,தென்றல் வரும் ஜன்னல்,ராஜேஷ் குமார்,ஸ்ரீ செல்வ நிலையம்,2001,60.00,சமூக நாவல்,
1185,,1185,நிறங்கள் இறந்தன ...,ராஜேஷ் குமார்,பழனி நிலையம்,2002,75.00,சமூக நாவல்,
1186,,1186,நீ எங்கே என் அன்பே,ராஜேஷ் குமார்,அருணோதயம் பதிப்பகம்,2007,,சமூக நாவல்,
1187,,1187,நீல நிற நிழல்கள் ,ராஜேஷ் குமார்,பூம்புகார் பதிப்பகம்,2009,,சமூக நாவல்,
1188,,1188,நெஞ்செல்லாம் நெருஞ்சி முள் ,ராஜேஷ் குமார்,பூம்புகார் பதிப்பகம்,2006,65.00,சமூக நாவல்,
1189,,1189,பகடை காய்கள்,ராஜேஷ் குமார்,அறிவு நிலையம்,2007,80.00,சமூக நாவல்,
1190,,1190,பம்பாய்க்கு பத்தாவது மைலில் ,ராஜேஷ் குமார்,பூம்புகார் பதிப்பகம்,2000,45.00,சமூக நாவல்,
1191,,1191,பிரியாதே பிரியா ,ராஜேஷ் குமார்,ஸ்ரீ செல்வ நிலையம்,2004,80.00,சமூக நாவல்,
1193,,1193,பெண்ணே அனிதா,ராஜேஷ் குமார்,தமிழன் நிலையம்,2007,80.00,சமூக நாவல்,
1194,,1194,பௌர்ணமி அலைகள் ,ராஜேஷ் குமார்,அருணோதயம் பதிப்பகம்,2004,50.00,சமூக நாவல்,
1195,,1195,மற்றவை நள்ளிரவு,ராஜேஷ் குமார்,பூம்புகார் பதிப்பகம்,2009,,சமூக நாவல்,
1196,,1196,மாண்டவன் கட்டளை ,ராஜேஷ் குமார்,பூம்புகார் பதிப்பகம்,2002,50.00,சமூக நாவல்,
1197,,1197,மின்சார நிலா ,ராஜேஷ் குமார்,அறிவு நிலையம்,2001,60.00,சமூக நாவல்,
1198,,1198,முதல் பகல் ,ராஜேஷ் குமார்,பூம்புகார் பதிப்பகம்,2005,,சமூக நாவல்,
1199,,1199,முதல் பகல் ,ராஜேஷ் குமார்,பூம்புகார் பதிப்பகம்,2005,60.00,சமூக நாவல்,
1200,,1200,முள் நிலவு,ராஜேஷ் குமார்,பாரதி பதிப்பகம்,2000,24.00,சமூக நாவல்,
1201,,1201,முள் கிரீடம் ,ராஜேஷ் குமார்,பூம்புகார் பதிப்பகம்,2006,45.00,சமூக நாவல்,
1202,,1202,மூன்று வினாடி முகம் ,ராஜேஷ் குமார்,அன்பு இல்லம்,2007,85.00,சமூக நாவல்,
1203,,1203,மொட்டுக்கள் பூக்கட்டும் ,ராஜேஷ் குமார்,ஸ்ரீ செல்வ நிலையம்,1996,,சமூக நாவல்,
1204,,1204,விலைக்கு ஒரு வானவில் ,ராஜேஷ் குமார்,பூம்புகார் பதிப்பகம்,2002,28.00,சமூக நாவல்,
1206,,1206,வெள்ளை நிறத்தில் ஒரு வானவில்,ராஜேஷ் குமார்,பூம்புகார் பதிப்பகம்,2000,45.00,சமூக நாவல்,
1207,,1207,ஜனவரி நிலவே,ராஜேஷ் குமார்,அறிவு நிலையம்,2007,80.00,சமூக நாவல்,
1208,,1208,அதோ அந்த பறவை,டாக்டர் ருத்ரன்,கவிதா பப்ளிகேசன்,2007,30.00,மருத்துவம்,
1209,,1209,அவள் ஒரு தென்றல்,லட்சுமி,பூங்கொடி பதிப்பகம்,2002,42.00,சமூக நாவல்,
1210,,1210,அழகின் ஆராதனை,லட்சுமி,பூங்கொடி பதிப்பகம்,2005,52.00,சமூக நாவல்,
1211,,1211,அழகு என்னும் தெய்வம்,லட்சுமி ,திருமகள் நிலையம்,2013,65.00,சமூக நாவல்,
1212,,1212,ஆப்பிரிக்கா கண்டத்தில் பல ஆண்டுகள்,லட்சுமி,திருமகள் நிலையம்,2009,50.00,கட்டுரைகள்,
1213,,1213,இனிய உணர்வே என்னை கொல்லாதே,லட்சுமி,பூங்கொடி பதிப்பகம்,2003,85.00,சமூக நாவல்,
1214,,1214,உரிமை உறங்குகிறது,லஷ்மி,மேகலா பிரசுரம்,1981,1.25,சமூக நாவல்,
1215,,1215,உனக்கு நான் எனக்கு நீ,லட்சுமி ,திருமகள் நிலையம்,2014,70.00,சமூக நாவல்,
1216,,1216,உனக்கு நான் எனக்கு நீ ,லட்சுமி,திருமகள் நிலையம்,2010,52.00,சமூக நாவல்,
1217,,1217,ஊன்றுகோல்,லஷ்மி,பூங்கொடி பதிப்பகம்,1986,14.00,சமூக நாவல்,
1219,,1219,காஞ்சனையின் கனவு,லட்சுமி,திருமகள் நிலையம்,2008,105.00,சமூக நாவல்,
1220,,1220,காஞ்சனையின் கனவு,லட்சுமி,திருமகள் நிலையம்,2008,105.00,சமூக நாவல்,
1221,,1221,கால முழுவதும் காத்திருப்பேன் ,லட்சுமி,திருமகள் நிலையம்,2010,80.00,சமூக நாவல்,
1222,,1222,கால முழுவதும் காத்திருப்பேன் ,லட்சுமி ,திருமகள் நிலையம்,2001,49.00,சமூக நாவல்,
1224,,1224,சாதாரண மனிதன்,லட்சுமி ,திருமகள் நிலையம்,2010,95.00,சமூக நாவல்,
1226,,1226,சூரிய காந்தம் ,லட்சுமி,திருமகள் நிலையம்,2011,230.00,சமூக நாவல்,
1227,,1227,சொர்க்கத்தின் கதவுகள் ,லஷ்மி,திருமகள் நிலையம்,1998,38.00,சமூக நாவல்,
1229,,1229,தேடிக்கொண்டே இருப்பேன்,லட்சுமி,திருமகள் நிலையம்,2003,96.00,சமூக நாவல்,
1230,,1230,தேடிக்கொண்டே இருப்பேன்,லட்சுமி,திருமகள் நிலையம்,2008,115.00,சமூக நாவல்,
1232,,1232,மங்களாவின் கணவன்,லட்சுமி ,திருமகள் நிலையம்,2012,150.00,சமூக நாவல்,
1233,,1233,மன்னிப்பின் மறுபக்கம்,லட்சுமி ,திருமகள் நிலையம்,2014,75.00,சிறுகதைகள்,
1234,,1234,மிதிலா விலாஸ்,லட்சுமி,திருமகள் நிலையம்,2002,115.00,சமூக நாவல்,
1235,,1235,மீண்டும் வசந்தம்,லட்சுமி,பூங்கொடி பதிப்பகம்,2003,80.00,சமூக நாவல்,
1236,,1236,லட்சியவாதி,லட்சுமி ,திருமகள் நிலையம்,2012,200.00,சமூக நாவல்,
1238,,1238,வானம்பாடிக்கு ஒரு விலங்கு,லட்சுமி,திருமகள் நிலையம்,2000,67.00,சமூக நாவல்,
1239,,1239,வீணா ஒரு வீணை,லட்சுமி,திருமகள் நிலையம்,2010,70.00,சமூக நாவல்,
1240,,1240,வெள்ளை உறை (சாகித்ய அகாடமி),லட்சுமிநாராயணன்,சாகித்ய அக்காதெமி,2000,65.00,மொழிபெயர்ப்பு,
1241,,1241,வைர மூக்குத்தி,லட்சுமி ,திருமகள் நிலையம்,2012,65.00,சமூக நாவல்,
1242,,1242,கொலை எக்ஸ்பிரஸ் ,லேனா தமிழ்வாணன் ,மணிமேகலை பதிப்பகம்,1984,,சமூக நாவல்,
1243,,1243,பொய்யில் பூத்த நிஜம் ,வாஸந்தி ,கங்கை புத்தகநிலையம்,2002,70.00,சமூக நாவல்,
1244,,1244,ஆகாச வீடுகள்,வாஸந்தி ,திருவரசு புத்தகநிலையம்,2003,60.00,சமூக நாவல்,
1245,,1245,கடல் புரத்தில் ,வண்ண நிலவன்,கிழக்கு பதிப்பகம்,2008,75.00,சமூக நாவல்,
1246,,1246,புயலாய் ஒரு புன்னகை,ஆர்னிகா நாசர்,கங்கை புத்தகநிலையம்,1997,38.00,சமூக நாவல்,
1247,,1247,சித்திர லேகா,வீழிநாதன்,பாரி நிலையம்,1960,5.00,மொழிபெயர்ப்பு,
1248,,1248,கண்ணுக்குள் தீ வளர்த்தேன்,வனிதா ராஜேந்திரன் ,சாரதா பதிப்பகம்,2002,40.00,சிறுகதைகள்,
1249,,1249,"கருங்கடலும், கலைக்கடலும்",தி.ஜானகிராமன்,யுனைடெட் பிரிண்டர்ஸ்,1974,10.50,சமூக நாவல்,
1250,,1250,பேட்டி- 1,ஆ.நா வாய்மை,நவமி பதிப்பகம்,2002,45.00,சமூக நாவல்,
1252,,1252,ராகிங் புதினம்,ஆ.நா வாய்மை,நவமி பதிப்பகம்,2002,60.00,சமூக நாவல்,
1253,,1253,கருப்பு அடிமைகளின் கதைகள்,வான்.முகிலன்,அலைகள் வெளியீட்டகம்,2003,200.00,மொழிபெயர்ப்பு,
1254,,1254,அந்தி நேரத்து உதயங்கள்,வாஸந்தி,கலைஞன் பதிப்பகம்,1981,8.00,சமூக நாவல்,
1255,,1255,ஆகாச வீடுகள்,வாஸந்தி,திருவரசு புத்தகநிலையம்,2008,60.00,சமூக நாவல்,
1256,,1256,காரணமில்லாக் காரியங்கள்,வாஸந்தி,கவிதா பப்ளிகேசன்,2008,90.00,சமூக நாவல்,
1257,,1257,கேட்க கூடாத காரணங்கள்,வாஸந்தி,கலைஞன் பதிப்பகம்,1982,9.00,சமூக நாவல்,
1258,,1258,சந்தனக் காடுகள் ,வாஸந்தி,கலைஞன் பதிப்பகம்,1983,12.00,சமூக நாவல்,
1259,,1259,சிறை,வாஸந்தி,கவிதா பப்ளிகேசன்,2009,80.00,சமூக நாவல்,
1260,,1260,சிறை,வாஸந்தி,கவிதா பப்ளிகேசன்,2009,80.00,சமூக நாவல்,
1261,,1261,துரத்தும் நினைவுகள் அழைக்கும் கனவுகள் ,வாஸந்தி,வானதி பதிப்பகம்,2000,50.00,சமூக நாவல்,
1262,,1262,நழுவும் நேரங்கள் - 1,வாஸந்தி,வானதி பதிப்பகம்,2004,65.00,சமூக நாவல்,
1263,,1263,நழுவும் நேரங்கள் - 2,வாஸந்தி,வானதி பதிப்பகம்,1984,14.00,சமூக நாவல்,
1264,,1264,பறவைகள் பறக்கின்றன,வாஸந்தி,வானதி பதிப்பகம்,,,சமூக நாவல்,
1265,,1265,பிளம் மரங்கள் பூத்து விட்டன ,வாஸந்தி,கங்கை புத்தகநிலையம்,1994,16.00,சமூக நாவல்,
1266,,1266,ஜெய்ப்பூரில் நெக்லெஸ்,வாஸந்தி,கலைஞன் பதிப்பகம்,1983,11.00,சமூக நாவல்,
1267,,1267,ஜென்வழி,வி.பத்மா,மதி நிலையம்,2011,150.00,சிறுவர் நூல்கள்,
1268,,1268,கங்காபுரி காவலன் பாகம் - 3,விக்ரமன்,வனிதா பதிப்பகம்,2006,120.00,வரலாற்று நாவல்,
1269,,1269,மீண்டும் சாவித்திரி ,விசு ,வானதி பதிப்பகம்,1995,35.00,சமூக நாவல்,
1270,,1270,தூறல்,விட்டல் ராவ்,கலைஞன் பதிப்பகம்,1980,10.00,மொழிபெயர்ப்பு,
1271,,1271,கண் தெரியாத இளைஞன் ,விளதீமிர் கோரலேன்கோ,தோழமை வெளியீடு,2010,90.00,சமூக நாவல்,
1273,,1273,மீதமிருக்கும் சொற்கள்,வெண்ணிலா ,நியுசெஞ்சுரி புக் ஹவுஸ்,2007,275.00,சிறுகதைகள்,
1274,,1274,மற்றபடி மனிதர்கள் ,வே.த.புகழேந்தி,அம்பாள் பதிப்பகம்,1988,25.50,சமூக நாவல்,
1275,,1275,செங்காளத்தம்மன் குப்பம்,வேக்காடு தேவகிரிஷ்,லட்சுமி பதிப்பகம்,2002,75.00,சமூக நாவல்,
1276,,1276,கன்பூசியஸ்,வேணு சீனிவாசன்,வானவில் பதிப்பகம்,2008,200.00,வாழ்க்கை வரலாறு,
1277,,1277,பிரதாப முதலியார் சரித்திரம் ,வேதநாயகம் பிள்ளை ,நியுசெஞ்சுரி புக் ஹவுஸ்,2009,100.00,சமூக நாவல்,
1278,,1278,கமகநிலா ,வேலழகன்,இளவழகன்,1997,25.00,சிறுகதைகள்,
1279,,1279,ஒரு கிராமத்து பறவையும். சில கடல்களும்,வைரமுத்து,திருமகள் நிலையம்,2007,60.00,சமூக நாவல்,
1280,,1280,ஒரு கிராமத்து பறவையும். சில கடல்களும்,வைரமுத்து,திருமகள் நிலையம்,2005,50.00,கட்டுரைகள்,
1281,,1281,கருவாச்சி காவியம்   ,வைரமுத்து,திருமகள் நிலையம்,2006,350.00,சமூக நாவல்,
1282,,1282,கள்ளிக்காட்டு இதிகாசம்,வைரமுத்து,திருமகள் நிலையம்,2008,130.00,சமூக நாவல்,
1283,,1283,மூன்றாம் உலகப்போர்,வைரமுத்து,திருமகள் நிலையம்,2012,300.00,சமூக நாவல்,
1284,,1284,மூன்றாம் உலகப்போர் ,வைரமுத்து,திருமகள் நிலையம்,2012,300.00,சமூக நாவல்,
1285,,1285,வானம் தொட்டுவிடும் தூரம்தான் ,வைரமுத்து ,கலைஞன் பதிப்பகம்,1983,7.50,சமூக நாவல்,
1286,,1286,ஷெர்லாக் ஹோம்ஸ் துப்பறியும் கதைகள்,ஜமேசாலன்,கண்ணதாசன் பதிப்பகம்,1995,,சமூக நாவல்,
1287,,1287,மலர் மஞ்சம்,ஜானகிராமன்,ஐந்திணை பதிப்பகம்,1999,135.00,சமூக நாவல்,
1289,,1289,மரப்பசு,ஜானகிராமன்,,,,சமூக நாவல்,
1290,,1290,பிரச்சனை பூமிகள்,ஜி.எஸ்.எஸ்,விகடன் பிரசுரம்,2005,75.00,வரலாறு,
1291,,1291,தீண்டாத வசந்தம் ,ஜி.கல்யாணராவ்,சவுத் விஷன்,2009,100.00,மொழிபெயர்ப்பு,
1292,,1292,நவீன ஜப்பானிய சிறுகதைகள்,ஜி.குப்புசாமி,வம்சி பதிப்பகம்,2006,80.00,சிறுகதைகள்,
1293,,1293,தூக்கு மேடை குறிப்பு ,ஜுலியஸ் பூசிக்,தமிழ்ப் புத்தகாலயம்,2002,45.00,மொழிபெயர்ப்பு,
1294,,1294,ஹலோ இன்ஸ்பெக்டர்,ஜெ.டி.ஆர்,மணிமேகலை பதிப்பகம்,1993,23.00,சமூக நாவல்,
1295,,1295,ஆறாவது தாகம் ,ஜெகசிற்பியன்,வானதி பதிப்பகம்,1977,3.00,சமூக நாவல்,
1296,,1296,ஜீவ கீதம்,ஜெகசிற்பியன்,வானதி பதிப்பகம்,2010,210.00,சமூக நாவல்,
1298,,1298,கங்கை எங்கே போகிறாள்,ஜெயகாந்தன்,மீனாட்சி புத்தக நிலையம்,1984,12.50,சமூக நாவல்,
1299,,1299,குரு பீடம் ,ஜெயகாந்தன்,மீனாட்சி புத்தக நிலையம்,2003,45.00,சிறுகதைகள்,
1300,,1300,சில நேரங்களில் சிலமனிதர்கள்,ஜெயகாந்தன்,மீனாட்சி புத்தக நிலையம்,2002,90.00,சமூக நாவல்,
1302,,1302,வான மழை நீ எனக்கு,ஜெய்சக்தி,விசா பப்ளிகேசன்,2010,80.00,சமூக நாவல்,
1303,,1303,பின் தொடரும் நிழலின் குரல் ,ஜெயமோகன்,தமிழினி பதிப்பகம்,1999,290.00,சமூக நாவல்,
1304,,1304,விஷ்ணுபுரம் ,ஜெயமோகன்,கவிதா பப்ளிகேசன்,2006,400.00,சமூக நாவல்,
1305,,1305,வெள்ளையானை ,ஜெயமோகன்,எழுத்து பதிப்பகம்,2013,400.00,சமூக நாவல்,
1306,,1306,ஆழிசூழ் உலகு ,ஜோ.டி.குருஸ்,தமிழினி பதிப்பகம்,2006,320.00,சமூக நாவல்,
1307,,1307,ஆழிசூழ் உலகு ,ஜோடி குருஸ்,தமிழினி பதிப்பகம்,2010,450.00,சமூக நாவல்,
1308,,1308,கொற்கை (சாகித்ய அகாடமி),ஜோ.டி.குருஸ்,காலச்சுவடு பதிப்பகம்,2013,925.00,சமூக நாவல்,
1309,,1309,கலைவாணி: ஒரு பாலியல் தொழிலாளியின் கதை ,ஜோதி நரசிம்மன்,கிழக்கு பதிப்பகம்,2009,80.00,சமூக நாவல்,
1311,,1311,அகால மனிதன்,ஸ்டெல்லா புரூஸ்,கலைஞன் பதிப்பகம்,2003,65.00,சிறுகதைகள்,
1312,,1312,சிவப்பு விளக்கு எரிகிறது ,ஸ்ரீ வேணுகோபாலன் ,பூம்புகார் பதிப்பகம்,2001,75.00,சமூக நாவல்,
1313,,1313,நிழல் மனிதர்கள் ,ஸ்ரீதர் சாமா,கலைஞன் பதிப்பகம்,1980,4.00,சிறுகதைகள்,
1314,,1314,வடக்கந்தறயில் அம்மாவின் பரம்பரை வீடு,ஷாராஜ்,கிழக்கு பதிப்பகம்,2004,60.00,சிறுகதைகள்,
1315,,1315,ம்...,ஷோபா சக்தி ,கருப்பு பிரதிகள்,2004,80.00,சமூக நாவல்,
1316,,1316,இரக்கமற்ற இரவுகள் ,ஹேமா ஆனந்த் தீர்த்தன் ,வானதி பதிப்பகம்,1983,9.00,சமூக நாவல்,
1317,,1317,காற்றாய் மாறிவிடு,இந்திரா சௌந்தர்ராஜன்,திருமகள் நிலையம்,2003,50.00,சமூக நாவல்,
1318,,1318,நதியை தாண்டிய படகுகள்,வாசவன்,வானதி பதிப்பகம்,1979,,சமூக நாவல்,
1319,,1319,குல்சாரி ,ரா.கிருஷ்ணையா,ராதுகா பதிப்பகம்,1985,,சமூக நாவல்,
1320,,1320,தீ தித்திக்கும் தீ ,ஆர்னிகா நாசர்,சாரதா பதிப்பகம்,2001,35.00,சமூக நாவல்,
1321,,1321,முள் நிலவு,ராஜேஷ்குமார்,பாரதி பதிப்பகம்,2000,24.00,சமூக நாவல்,
1322,,1322,ஒரு அழகான விபரீதம் ,ராஜேஷ்குமார்,பாரதி பதிப்பகம்,1988,13.00,சமூக நாவல்,
1323,,1323,கவிதா நகர் கடைசி தெரு ,ராஜேஷ்குமார்,பூம்புகார் பதிப்பகம்,2005,50.00,சமூக நாவல்,
1324,,1324,இதுதான் இந்தியா ,ராஜேஷ்குமார்,பூம்புகார் பதிப்பகம்,2005,50.00,சமூக நாவல்,
1325,,1325,கல் மரம் (சாகித்ய அகாடமி),திலகவதி,அம்ருதா பதிப்பகம்,2005,90.00,சமூக நாவல்,
1326,,1326,ஒரு புளியமரத்தின் கதை ,சுந்தரராமசாமி,காலச்சுவடு பதிப்பகம்,2005,125.00,சமூக நாவல்,
1327,,1327,"சாத்தான், தேவதை ",ஆர்னிகா நாசர்,நக்கீரன் பதிப்பகம்,2005,60.00,சமூக நாவல்,
1328,,1328,அனலாய் காயும் அம்புலிகள்,இந்திரா சௌந்தர்ராஜன்,திருமகள் நிலையம்,2005,70.00,சமூக நாவல்,
1329,,1329,திவ்யரோஜா தோட்டம் ,இந்தரா சௌந்தர்ராஜன்,திருமகள் நிலையம்,2005,54.00,சமூக நாவல்,
1330,,1330,மரகத லிங்கம் ,இந்தரா சௌந்தர்ராஜன்,திருமகள் நிலையம்,2005,45.00,சமூக நாவல்,
1332,,1332,மந்திர விரல்,இந்திரா சௌந்தர்ராஜன்,திருமகள் நிலையம்,2001,45.00,சமூக நாவல்,
1333,,1333,மேலே உயரே உச்சியிலே ,இந்திரா சௌந்தர்ராஜன்,திருமகள் நிலையம்,1999,100.00,சமூக நாவல்,
1334,,1334,விட்டு விடு கருப்பா ,இந்திரா சௌந்தர்ராஜன்,திருமகள் நிலையம்,2003,96.00,சமூக நாவல்,
1335,,1335,சுற்றி சுற்றி வருவேன்,இந்திரா சௌந்தர்ராஜன்,திருமகள் நிலையம்,2001,77.00,சமூக நாவல்,
1336,,1336,நந்தினி என் நந்தினி ,இந்திரா சௌந்தர்ராஜன்,திருமகள் நிலையம்,2005,55.00,சமூக நாவல்,
1337,,1337,நான் என்னைத் தேடுகிறேன்  ,இந்திரா சௌந்தர்ராஜன்,திருமகள் நிலையம்,2002,48.00,சமூக நாவல்,
1338,,1338,விக்ரமா! விக்ரமா!  - பாகம் 2,இந்திரா சௌந்தர்ராஜன்,திருமகள் நிலையம்,2005,200.00,சமூக நாவல்,
1339,,1339,மாயமான் மலை ,இந்திரா சௌந்தர்ராஜன்,வானதி பதிப்பகம்,2002,75.00,சமூக நாவல்,
1340,,1340,மாயமாக போகிறார்கள்,இந்திரா சௌந்தர்ராஜன்,திருமகள் நிலையம்,2003,86.00,சமூக நாவல்,
1341,,1341,நெருஞ்சி முள்,சிவசங்கரி,கங்கை புத்தகநிலையம்,2003,40.00,சமூக நாவல்,
1342,,1342,இருள் வரும் நேரம் ,சுஜாதா,விசா பப்ளிகேசன்,2005,55.00,சமூக நாவல்,
1343,,1343,படகு வீடு ,ரா.கி.ரங்கராஜன்,வானதி பதிப்பகம்,2004,200.00,சமூக நாவல்,
1344,,1344,நினைவுகள் நெஞ்சோடுதான்,இந்துமதி,கலைஞன் பதிப்பகம்,1981,11.50,சமூக நாவல்,
1345,,1345,ஜெர்மனிய இலக்கியத்தின் சிறப்பு பகுதிகள்,மொழிபெயர்ப்பு,தென்மொழிகள்,1971,15.00,வரலாறு,
1346,,1346,பிச்சிப்பூ வச்சக்கிளி ,தேவிபாலா,கார்த்திகா பதிப்பகம்,1994,36.00,சமூக நாவல்,
1347,,1347,விரும்பி சொன்ன பொய்கள் நிஜத்தைத் தேடி,சுஜாதா,விசா பப்ளிகேசன்,2004,38.00,சமூக நாவல்,
1348,,1348,அஞ்ஞாடி ,பூமணி,சூர்யா பதிப்பகம்,2012,,சமூக நாவல்,
1349,,1349,கண் தெரியாத இசைஞன் ,விளதீமிர் கோரலேன்கோ,விகடன் பிரசுரம்,2014,115.00,மொழிபெயர்ப்பு,
1352,,1352,கமலா கமலா ,அமுதாகணேசன்,தமிழன் நிலையம்,1994,30.00,சமூக நாவல்,
1353,,1353,அவள் ஒரு கன்னி,அமுதாகணேசன்,அருணோதயம் பதிப்பகம்,1994,40.00,சமூக நாவல்,
1354,,1354,குண்டு மல்லிகை,அரு.ராமநாதன்,பிரேமா பிரசுரம்,1990,48.00,சமூக நாவல்,
1356,,1356,நாயனம் சௌந்தரவடிவு,அரு.ராமநாதன்,பிரேமா பிரசுரம்,2000,20.00,சமூக நாவல்,
1360,,1360,பவழ பஸ்பம்,அறிஞர் அண்ணா,பூம்புகார் பதிப்பகம்,1986,6.90,சமூக நாவல்,
1364,,1364,நான் விட்டிலல்ல,அனுராதா ரமணன்,கங்கை புத்தகநிலையம்,1992,16.00,சமூக நாவல்,
1366,,1366,வழிகாட்டி வழி தவறுகிறது,அனுராதா ரமணன்,திருமகள் நிலையம்,1992,20.00,சமூக நாவல்,
1367,,1367,வானம் வரை ஆசை,அனுராதா ரமணன்,கங்கை புத்தகநிலையம்,1995,40.00,சமூக நாவல்,
1368,,1368,விளக்கில்லா சத்திரங்கள்,அனுராதா ரமணன்,திருமகள் நிலையம்,1994,14.00,சமூக நாவல்,
1369,,1369,பரிதாப எழுத்தாளர்,அஸ்வகோஷ்,மங்கை பதிப்பகம்,1997,50.00,சமூக நாவல்,
1370,,1370,தேன் பலா ,ஆசி(பாப்புரத்து),குயிலன் பதிப்பகம்,1967,3.00,சமூக நாவல்,
1371,,1371,பதேர் பாஞ்சாலி ,ஆர்.சண்முகசுந்தரம்,மெர்க்குரி பதிப்பகம்,,6.00,சமூக நாவல்,
1374,,1374,ஐந்து வழி மூன்று வாசல்,இந்தரா சௌந்தர்ராஜன்,வானதி பதிப்பகம்,2001,75.00,சமூக நாவல்,
1378,,1378,தொடத்தொட  தங்கம்,இந்தரா சௌந்தர்ராஜன்,திருமகள் நிலையம்,1999,85.00,சமூக நாவல்,
1379,,1379,பொற்காசுத் தோட்டம்,இந்தரா சௌந்தர்ராஜன்,திருமகள் நிலையம்,2000,46.00,சமூக நாவல்,
1380,,1380,என்று புதிதாய் பிறப்போம்,இந்துமதி,பூஞ்சோலை பதிப்பகம்,1994,21.00,சமூக நாவல்,
1381,,1381,ஒரு நிமிடம் தா,இந்துமதி,பூஞ்சோலை பதிப்பகம்,1992,26.00,சமூக நாவல்,
1384,,1384,கீதமடி நீ எனக்கு,இந்துமதி,கலைஞன் பதிப்பகம்,1983,8.00,சமூக நாவல்,
1385,,1385,தொலைதூரத்தண்டவாளங்கள்,இந்துமதி,குமரி பதிப்பகம்,1990,14.00,சமூக நாவல்,
1386,,1386,யார் ?,இந்துமதி,வர்மா பதிப்பகம்,1991,12.00,சமூக நாவல்,
1387,,1387,கோவேறு கழுதைகள் ,இமையம் ,க்ரியா பதிப்பகம்,1994,,சமூக நாவல்,
1391,,1391,ஊன்றுகோல்,உமாசந்திரன்,கங்கை புத்தகநிலையம்,1991,27.00,சமூக நாவல்,
1392,,1392,என்கண்ணில் பாவையன்றோ,உமாசந்திரன்,கங்கை புத்தகநிலையம்,1991,20.00,சமூக நாவல்,
1393,,1393,இன்பக் கனவுகள்,எண்டமூரி வீரேந்திரநாத்,திருமகள் நிலையம்,1992,17.00,சமூக நாவல்,
1394,,1394,எல்லைக்கோடு,எண்டமூரி வீரேந்திரநாத்,பூங்கொடி பதிப்பகம்,1993,35.00,சமூக நாவல்,
1395,,1395,ஒரு ராதாவும் இரண்டு கிருஷ்ணர்களும்,எண்டமூரி வீரேந்திரநாத்,நர்மதா பதிப்பகம்,1995,40.00,சமூக நாவல்,
1397,,1397,தர்மாத்மா,எண்டமூரி வீரேந்திரநாத்,நர்மதா பதிப்பகம்,1992,55.00,சமூக நாவல்,
1398,,1398,நாகரத்தினம்,எண்டமூரி வீரேந்திரநாத்,நர்மதா பதிப்பகம்,1992,18.00,சமூக நாவல்,
1399,,1399,பகல் நட்சத்திரம்,எண்டமூரி வீரேந்திரநாத்,நர்மதா பதிப்பகம்,1994,55.00,சமூக நாவல்,
1400,,1400,ப்ரொபஷனல் கில்லர்,எண்டமூரி வீரேந்திரநாத்,கற்பகம் பதிப்பகம்,1995,25.00,சமூக நாவல்,
1401,,1401,பிரியாத நிழல்,எண்டமூரி வீரேந்திரநாத்,பூங்கொடி பதிப்பகம்,1992,36.00,சமூக நாவல்,
1402,,1402,பெயர் பலம்,எண்டமூரி வீரேந்திரநாத்,நர்மதா பதிப்பகம்,1995,50.00,சமூக நாவல்,
1403,,1403,மணல் வீடு,எண்டமூரி வீரேந்திரநாத்,நர்மதா பதிப்பகம்,1996,42.00,சமூக நாவல்,
1405,,1405,ராதையும் குந்திதேவியும்,எண்டமூரி வீரேந்திரநாத்,பூங்கொடி பதிப்பகம்,1993,20.00,சமூக நாவல்,
1408,,1408,காதுகள் (சாகித்ய அகாடமி),எம்.வி.வெங்கட்ராம்,அகரம் பதிப்பகம்,1997,40.00,சமூக நாவல்,
1409,,1409,கருணைக்கு அழிவில்லை,எஸ்.எஸ்.தென்னரசு,வானதி பதிப்பகம்,1975,2.50,சமூக நாவல்,
1411,,1411,மிஸஸ் ராதா,எஸ்.எஸ்.தென்னரசு,வானதி பதிப்பகம்,1982,4.50,சமூக நாவல்,
1412,,1412,செம்மாதுளை,எஸ்.எஸ்.தென்னரசு,வானதி பதிப்பகம்,1975,2.50,சமூக நாவல்,
1413,,1413,கெட்டது யாராலே?,எஸ்.ஏ.பி,மணிமேகலை பதிப்பகம்,1994,11.00,சமூக நாவல்,
1414,,1414,பிரம்மச்சாரி,எஸ்.ஏ.பி,மணிமேகலை பதிப்பகம்,1994,30.00,சமூக நாவல்,
1415,,1415,இன்றிரவு?,எஸ்.ஏ.பி,மணிமேகலை பதிப்பகம்,1994,22.00,சமூக நாவல்,
1417,,1417,இங்கும் சில மணிப்புறாக்கள்,எஸ்.குலசேகரன்,அமிழ்தம் பதிப்பகம்,1994,24.00,சமூக நாவல்,
1418,,1418,ஏழைமை சாபமல்ல,எஸ்.குலசேகரன்,அமிழ்தம் பதிப்பகம்,1980,6.00,சமூக நாவல்,
1421,,1421,நல்ல கதி ,ஏ.பி.சண்முகம்,கவிதா பப்ளிகேசன்,1975,2.50,சமூக நாவல்,
1425,,1425,ஒரு தொலைந்த உலகு,கங்காதரன்,கலைவாணி பதிப்பகம்,2009,60.00,அரசியல்,
1426,,1426,ரத்த புஷ்பங்கள் ,கண்ணதாசன்,கண்ணதாசன் பதிப்பகம்,1997,15.00,சமூக நாவல்,
1428,,1428,கதவு,கமலாசடகோபன்,கங்கை புத்தகநிலையம்,1998,70.00,சமூக நாவல்,
1429,,1429,அமரவாழ்வு,கல்கி,வானதி பதிப்பகம்,1980,5.50,சிறுகதைகள்,
1430,,1430,அலை ஓசை,கல்கி,வானதி பதிப்பகம்,1998,200.00,சமூக நாவல்,
1432,,1432,மகுடபதி,கல்கி,வானதி பதிப்பகம்,1991,14.00,சமூக நாவல்,
1437,,1437,அப்பா பிள்ளை,கி.ராஜநாராயணன்,அன்னம் பதிப்பகம்,1989,12.00,சிறுகதைகள்,
1438,,1438,கரிசல்காட்டுக் கடுதாசி,கி.ராஜநாராயணன்,அன்னம் பதிப்பகம்,2012,150.00,சமூக நாவல்,
1439,,1439,"கிடைக் குறுநாவலும் 
12 சிறுகதைகளும்",கி.ராஜநாராயணன்,அன்னம் பதிப்பகம்,1991,25.00,சிறுகதைகள்,
1440,,1440,கோபல்ல கிராமம்,கி.ராஜநாராயணன்,அன்னம் பதிப்பகம்,1991,25.00,சமூக நாவல்,
1443,,1443,கோடையில் ஒரு மின்னல் ,கிருஷ்ணமணி,திருமகள் நிலையம்,1988,25.00,சமூக நாவல்,
1446,,1446,கைகளைத் தேடுகிறேன்,குருவிக்கரம்பை.சண்முகம்,பாண்டியம் பதிப்பகம்,1975,2.50,சமூக நாவல்,
1447,,1447,ஓவியன் ,கே.ஏ.அப்பாஸ்,ஸ்ரீ மகள் கம்பெனி,1956,,சமூக நாவல்,
1448,,1448,அடிமைகள்,கே.டானியல்,அலைகள் வெளியீட்டகம்,1995,40.00,சமூக நாவல்,
1451,,1451,ஜன்ம பூமிகள் ,கோதண்டம்,நர்மதா பதிப்பகம்,1984,14.00,சமூக நாவல்,
1455,,1455,ஒரு தீபம் ஐந்து திரிகள்,கோவி.மணிசேகரன்,கங்கை புத்தகநிலையம்,1997,95.00,சமூக நாவல்,
1456,,1456,சொல்லித் தெரிவதில்லை,கோவி.மணிசேகரன்,திருமகள் நிலையம்,1986,10.50,சமூக நாவல்,
1458,,1458,காலமற்ற காலம் ,ச.ராஜநாயகம்,தராசு வெளியீடு,1998,48.00,சமூக நாவல்,
1465,,1465,கிழக்கு பார்த்த வீடு,சா.கந்தசாமி,கலைஞன் பதிப்பகம்,,11.50,சமூக நாவல்,
1466,,1466,சாயாவனம்,சா.கந்தசாமி,கலைஞன் பதிப்பகம்,,,சமூக நாவல்,
1467,,1467,விசாரணைக் கமிஷன்,சா.கந்தசாமி,அன்னம் பதிப்பகம்,1994,55.00,சமூக நாவல்,
1469,,1469,செண்பகத்தோட்டம்,சாண்டில்யன்,வானதி பதிப்பகம்,2001,55.00,சமூக நாவல்,
1470,,1470,பிரேமா துடிப்பு ,சாயிநாத்,மல்லிகை பதிப்பகம்,1967,1.50,சமூக நாவல்,
1471,,1471,பழைய வானத்தின் கீழே,சி.ஆர்.ரவீந்திரன்,கலைஞன் பதிப்பகம்,1980,3.00,சமூக நாவல்,
1473,,1473,குடிசையும் கோபுரமும் ,சி.இராமக்கிருஷ்ணன்,கரிகாலன் பதிப்பகம்,2000,60.00,சமூக நாவல்,
1475,,1475,ப க ஆ கு ,சிவகாமி ,தமிழ்ப் புத்தகாலயம்,1997,20.00,சமூக நாவல்,
1476,,1476,அடிமாடுகள்,சிவசங்கரி,கங்கை புத்தகநிலையம்,1987,16.00,சமூக நாவல்,
1477,,1477,அம்மா ப்ளீஸ் எனக்காக,சிவசங்கரி,வானதி பதிப்பகம்,1989,20.00,சமூக நாவல்,
1478,,1478,அம்மாபிள்ளை,சிவசங்கரி,கங்கை புத்தகநிலையம்,1993,27.00,சமூக நாவல்,
1479,,1479,அரவிந்தர் சொல்லுகிறார்,சிவசங்கரி,திருமகள் நிலையம்,1986,10.00,சமூக நாவல்,
1481,,1481,என் செல்லங்கள்,சிவசங்கரி,வானதி பதிப்பகம்,1979,27.00,சமூக நாவல்,
1482,,1482,ஏன் ?,சிவசங்கரி,கங்கை புத்தகநிலையம்,1994,34.00,சமூக நாவல்,
1485,,1485,குட்டி,சிவசங்கரி,விசா பப்ளிகேசன்,1991,12.00,சமூக நாவல்,
1486,,1486,சுட்டமண்,சிவசங்கரி,திருமகள் நிலையம்,1991,36.00,சமூக நாவல்,
1488,,1488,திரிசங்கு சொர்க்கம்,சிவசங்கரி,கங்கை புத்தகநிலையம்,1996,40.00,சமூக நாவல்,
1491,,1491,சத்தியத்துக்குக் கட்டுப்பட்டால் ...,சு.சமுத்திரம்,கங்கை புத்தகநிலையம்,1992,26.00,சமூக நாவல்,
1493,,1493,பாலைப்புறா,சு.சமுத்திரம்,ஏகலைவன் பதிப்பகம்,1998,75.00,சமூக நாவல்,
1494,,1494,ஆராரோ ,சுந்தரபாண்டியன்,காவ்யா பதிப்பகம்,1992,18.00,சமூக நாவல்,
1495,,1495,ஜே.ஜே. சில குறிப்புகள்,சுந்தரராமசாமி,காலச்சுவடு பதிப்பகம்,1999,75.00,சமூக நாவல்,
1496,,1496,ஒரு புளியமரத்தின் கதை ,சுந்தரராமசாமி,காலச்சுவடு பதிப்பகம்,1996,,சமூக நாவல்,
1497,,1497,அப்பா,சுப்பிரபாரதிமணியன்,நர்மதா பதிப்பகம்,1987,16.00,சிறுகதைகள்,
1498,,1498,மற்றும் சிலர்,சுப்பிரபாரதிமணியன்,நர்மதா பதிப்பகம்,1987,24.00,சமூக நாவல்,
1499,,1499,சுடுமணல்,சுப்பிரபாரதிமணியன்,காவ்யா பதிப்பகம்,1992,15.00,சமூக நாவல்,
1500,,1500,கோபுரச் செடி,சுப்பு ஆறுமுகம்,கலைஞன் பதிப்பகம்,1993,20.00,சமூக நாவல்,
1501,,1501,ஆண்கள் அரசாங்கம்,சுபா,குமரி பதிப்பகம்,1990,10.00,சமூக நாவல்,
1503,,1503,துப்பாக்கி நாட்கள்,சுபா,சிறுவர் நூற்பதிப்புக் கழகம்,1987,15.00,சமூக நாவல்,
1504,,1504,நனைந்த இரவு,சுபா,தேவி வெளியீடு,1991,23.00,சமூக நாவல்,
1505,,1505,மடிமீது தலைவைத்து,சுபா,அருணோதயம் பதிப்பகம்,1995,30.00,சமூக நாவல்,
1506,,1506,இருள் வரும் நேரம்,சுஜாதா,குமரி பதிப்பகம்,1993,24.00,சமூக நாவல்,
1507,,1507,என்றாவது ஒரு நாள்,சுஜாதா,விசா பப்ளிகேசன்,1982,19.00,சமூக நாவல்,
1508,,1508,காந்தளூர் வசந்த குமாரன் கதை,சுஜாதா,பாரதி பதிப்பகம்,1995,50.00,வரலாற்று நாவல்,
1509,,1509,சின்னக்குயிலி,சுஜாதா,பாரதி பதிப்பகம்,1995,40.00,சமூக நாவல்,
1510,,1510,தங்க முடுச்சு,சுஜாதா,பாரதி பதிப்பகம்,1993,23.00,சமூக நாவல்,
1511,,1511,நிதர்சனம்,சுஜாதா,பாரதி பதிப்பகம்,1986,4.50,சமூக நாவல்,
1512,,1512,மாறுதல் வரும்,சுஜாதா,குமரி பதிப்பகம்,1984,12.00,சமூக நாவல்,
1513,,1513,மெரினா,சுஜாதா,விசா பப்ளிகேசன்,2000,35.00,சமூக நாவல்,
1514,,1514,மேகத்தை துரத்தினவன்,சுஜாதா,பாரதி பதிப்பகம்,1991,9.00,சமூக நாவல்,
1519,,1519,விடுதலை ,த.நா.குமாரஸ்வாமி,அமுத நிலையம்,1951,1.80,சமூக நாவல்,
1520,,1520,ஒன்பது ரூபாய் நோட்டு,தங்கர்பச்சான்,செம்புலம் பதிப்பகம்,1996,70.00,சமூக நாவல்,
1521,,1521,கரமுண்டார் வூடு,தஞ்சை.பிரகாஷ்,குமரி பதிப்பகம்,1998,70.00,சமூக நாவல்,
1522,,1522,ஜி.கே.எழுதிய மர்ம நாவல் ,தமிழவன் ,பல்கலை பதிப்பகம்,1999,85.00,சமூக நாவல்,
1525,,1525,இடைவெளி,தாமரைமணாளன்,கற்பகம் பதிப்பகம்,1994,55.00,சமூக நாவல்,
1526,,1526,கதம்பச்சரம்,தாமல் கண்ணன்,Yes Art Prints,1985,6.00,கவிதைகள்,
1529,,1529,விண்மட்டும் தெய்வமன்று,தி.சா.ராஜு,வானதி பதிப்பகம்,1983,14.00,சமூக நாவல்,
1530,,1530,இன்பம்,தி.நா.அறிவுஒளி,தி.நா.அறிவுஒளி,1996,40.00,கவிதைகள்,
1532,,1532,கயல்விழி,தி.நா.அறிவுஒளி,தி.நா.அறிவுஒளி,1992,15.00,சமூக நாவல்,
1533,,1533,கனிமொழி,தி.நா.அறிவுஒளி,தி.நா.அறிவுஒளி,1994,20.00,சமூக நாவல்,
1534,,1534,புதுவிடியல்,தி.நா.அறிவுஒளி,தமிழ் ஆய்வரங்கம்,1995,40.00,சமூக நாவல்,
1535,,1535,வாழ்வு,தி.நா.அறிவுஒளி,தி.நா.அறிவுஒளி,1994,50.00,சமூக நாவல்,
1537,,1537,கொட்டுமேளம்,தி.ஜானகிராமன்,வயல் பதிப்பகம்,1989,22.00,சமூக நாவல்,
1538,,1538,நளபாகம்,தி.ஜானகிராமன்,ஐந்திணை பதிப்பகம்,1990,39.00,சமூக நாவல்,
1539,,1539,பிடி கருணை,தி.ஜானகிராமன்,ஐந்திணை பதிப்பகம்,1993,18.00,சிறுகதைகள்,
1540,,1540,மரப்பசு,தி.ஜானகிராமன்,ஐந்திணை பதிப்பகம்,1991,30.00,சமூக நாவல்,
1541,,1541,மலர் மஞ்சம்,தி.ஜானகிராமன்,ஐந்திணை பதிப்பகம்,,,சமூக நாவல்,
1542,,1542,கந்தர்வ கானம்,திருலோக சீதாராம்,கலைஞன் பதிப்பகம்,1967,3.00,கவிதைகள்,
1543,,1543,அந்த 3 விரல்கள்,தேவிபாலா,கற்பகம் பதிப்பகம்,1994,30.00,சமூக நாவல்,
1544,,1544,மாவிலைத்தோரணம்,தேவிபாலா,கங்கை புத்தகநிலையம்,2000,30.00,சமூக நாவல்,
1546,,1546,துறைமுகம்,தோப்பில்.முகம்மதுமீரான்,பூங்கொடி பதிப்பகம்,1994,52.00,சமூக நாவல்,
1547,,1547,இவர்கள்,நகுலன்,நர்மதா பதிப்பகம்,1983,9.00,சமூக நாவல்,
1552,,1552,தேவதைகளும் சொற்களும்,நா.பார்த்தசாரதி,நவபாரதி,1969,3.00,சிறுகதைகள்,
1554,,1554,தனி வீடு,நாக.சண்முகம்,அம்பாள் பதிப்பகம்,1891,7.00,சமூக நாவல்,
1556,,1556,மாமிசப் படைப்பு ,நாஞ்சில்நாடன்,விஜயா பதிப்பகம்,1981,45.00,சமூக நாவல்,
1561,,1561,நேற்றுபோல் இல்லாமல் ,ப.வா.சமத்துவன்,செஞ்சூர்யா பதிப்பகம்,1995,20.00,சிறுகதைகள்,
1563,,1563,என் இனிய எதிரி,பட்டுக்கோட்டைப்பிரபாகரன்,அருணோதயம் பதிப்பகம்,1992,26.00,சமூக நாவல்,
1564,,1564,சட்டப்படி குற்றமில்லை,பட்டுக்கோட்டைப்பிரபாகரன்,அருணோதயம் பதிப்பகம்,1994,20.00,சமூக நாவல்,
1565,,1565,சொல்லித்தெரிவதில்லை,பட்டுக்கோட்டைப்பிரபாகரன்,அருணோதயம் பதிப்பகம்,1994,40.00,சமூக நாவல்,
1566,,1566,தொட்டு வா தென்றலே,பட்டுக்கோட்டைப்பிரபாகரன்,அருணோதயம் பதிப்பகம்,1992,20.00,சமூக நாவல்,
1567,,1567,நடமாடும் சொர்க்கம்,பட்டுக்கோட்டைப்பிரபாகரன்,அருணோதயம் பதிப்பகம்,1992,25.00,சமூக நாவல்,
1568,,1568,பசித்தாலும்புலி,பட்டுக்கோட்டைப்பிரபாகரன்,அருணோதயம் பதிப்பகம்,1994,40.00,சமூக நாவல்,
1569,,1569,பாதை எல்லாம் பூக்களிட்டு ...,பட்டுக்கோட்டைப்பிரபாகரன்,கற்பகம் பதிப்பகம்,1994,25.00,சமூக நாவல்,
1570,,1570,இரு புதினங்கள் ,பண்ணன் ,திருமலை பதிப்பகம்,1994,12.50,சமூக நாவல்,
1575,,1575,தழும்புகள் காயங்களாகி ,பாமா,விடியல் பதிப்பகம்,2001,80.00,சமூக நாவல்,
1576,,1576,என்றும் தங்கள் ,பாரதிப் பிரியன் ,நர்மதா பதிப்பகம்,1984,8.00,சமூக நாவல்,
1578,,1578,ஆருயிரே மன்னவரே,பாலகுமாரன்,சமர்ப்பணம்,1990,,சமூக நாவல்,
1579,,1579,இரும்புக் குதிரைகள்,பாலகுமாரன்,விசா பப்ளிகேசன்,2001,86.00,சமூக நாவல்,
1580,,1580,இனி என்முறை,பாலகுமாரன்,விசா பப்ளிகேசன்,1998,52.00,சமூக நாவல்,
1581,,1581,உள்ளம் கவர் கள்வன்,பாலகுமாரன்,விசா பப்ளிகேசன்,1998,40.00,சமூக நாவல்,
1583,,1583,எதோ ஒரு நதியில்,பாலகுமாரன்,நர்மதா பதிப்பகம்,1993,24.00,சமூக நாவல்,
1584,,1584,என்மனது தாமரைப்பூ,பாலகுமாரன்,விசா பப்ளிகேசன்,1994,20.00,சமூக நாவல்,
1585,,1585,கதை கதையாம் காரணமாம்,பாலகுமாரன்,விசா பப்ளிகேசன்,2001,60.00,சமூக நாவல்,
1586,,1586,காதர்பெருமான்,பாலகுமாரன்,விசா பப்ளிகேசன்,2000,60.00,சமூக நாவல்,
1588,,1588,திருப்பூந்துருத்தி,பாலகுமாரன்,விசா பப்ளிகேசன்,1996,75.00,சமூக நாவல்,
1590,,1590,தோழன்,பாலகுமாரன்,விசா பப்ளிகேசன்,2001,88.00,சமூக நாவல்,
1592,,1592,பந்தயப் புறா,பாலகுமாரன்,விசா பப்ளிகேசன்,1993,45.00,சமூக நாவல்,
1593,,1593,பயணிகள் கவனிக்கவும்,பாலகுமாரன்,விசா பப்ளிகேசன்,1999,90.00,சமூக நாவல்,
1595,,1595,போராடும் பெண்மணிகள்,பாலகுமாரன்,விசா பப்ளிகேசன்,1993,22.00,சமூக நாவல்,
1596,,1596,மஞ்சக்காணி,பாலகுமாரன்,விசா பப்ளிகேசன்,1997,40.00,சமூக நாவல்,
1598,,1598,மெர்க்குரிப் பூக்கள்,பாலகுமாரன்,விசா பப்ளிகேசன்,1999,73.00,சமூக நாவல்,
1600,,1600,பாய்மரக்கப்பல் ,பாவண்ணன்,பாவண்ணன் பதிப்பகம்,1995,50.00,சமூக நாவல்,
1601,,1601,மாலை சூடவா,பாஸ்கர் ,பாமா பதிப்பகம்,1994,16.00,சிறுகதைகள்,
1608,,1608,புதிய மனப்பிரதேசங்கள்,பி.ரங்கநாயகி,கலைஞன் பதிப்பகம்,1984,10.00,சமூக நாவல்,
1610,,1610,ஆடாத ஊஞ்சல்  ,பி.வி.ஆர்,கங்கை புத்தகநிலையம்,1994,30.00,சமூக நாவல்,
1611,,1611,குப்பத்து சாஸ்திரிகள்,பி.வி.ஆர்,கங்கை புத்தகநிலையம்,1995,40.00,சமூக நாவல்,
1613,,1613,முற்றத்து முல்லைகள்,பி.வி.ஆர்,கங்கை புத்தகநிலையம்,1992,30.00,சமூக நாவல்,
1616,,1616,இன்பக்கேணி,பிரபஞ்சன்,கவிதா பப்ளிகேசன்,2001,50.00,சமூக நாவல்,
1617,,1617,காதலெனும் ஏணியிலே,பிரபஞ்சன்,கங்கை புத்தகநிலையம்,1997,40.00,சமூக நாவல்,
1618,,1618,நேற்று வந்த நிலா,பிரபஞ்சன்,கங்கை புத்தகநிலையம்,1996,25.00,சமூக நாவல்,
1619,,1619,பதவி,பிரபஞ்சன்,கங்கை புத்தகநிலையம்,1995,22.00,சிறுகதைகள்,
1620,,1620,பூக்கள் நாளையும்மலரும்,பிரபஞ்சன்,கவிதா பப்ளிகேசன்,1998,45.00,சமூக நாவல்,
1621,,1621,மனிதர்களைத் தேடி,பிரபஞ்சன்,கங்கை புத்தகநிலையம்,1995,27.00,சிறுகதைகள்,
1623,,1623,முதல் மழைத்துளி,பிரபஞ்சன்,கவிதா பப்ளிகேசன்,2001,45.00,சமூக நாவல்,
1628,,1628,காவிய கீதங்கள் ,பே.கோவிந்தராஜ்,நர்மதா பதிப்பகம்,1983,14.00,சமூக நாவல்,
1630,,1630,அவளுக்கு மேலே ஒரு வானம்,பொன்மணி,சூர்யா பதிப்பகம்,1994,,சமூக நாவல்,
1631,,1631,அவளுக்கு மேலே ஒரு வானம்,பொன்மணி,சூர்யா பதிப்பகம்,1994,40.00,சமூக நாவல்,
1634,,1634,புதிய தரிசனங்கள் -1,பொன்னீலன்,நியுசெஞ்சுரி புக் ஹவுஸ்,1995,300.00,சமூக நாவல்,
1635,,1635,கனவு பூமி,ம.ந.ராமசாமி,நர்மதா பதிப்பகம்,1993,42.00,சமூக நாவல்,
1637,,1637,கடலோரப் பூக்கள்,மகரிஷி,ஐந்திணை பதிப்பகம்,1984,16.50,சமூக நாவல்,
1644,,1644,அந்த உலகத்தில் இந்த மனிதர்கள் ,மாத்தளை.சோமு,நர்மதா பதிப்பகம்,1984,17.00,சமூக நாவல்,
1645,,1645,வேலியோரத்துப் பூக்கள்,மாரி-அறவாழி,அறிவு நிலையம்,1984,24.00,சமூக நாவல்,
1647,,1647,யாத்திரை ,மாற்கு,சமுதாய சிந்தனை செயல் ஆய்வு மையம்,1993,30.00,சமூக நாவல்,
1648,,1648,ஒரே இரத்தம்,மு.கருணாநிதி,பாரதி பதிப்பகம்,1989,16.00,சமூக நாவல்,
1649,,1649,சுருளிமலை  ,மு.கருணாநிதி,பாரதி பதிப்பகம்,1986,13.50,சமூக நாவல்,
1650,,1650,வெள்ளிக்கிழமை,மு.கருணாநிதி,பாரதி பதிப்பகம்,1987,11.50,சமூக நாவல்,
1651,,1651,கிழித்த கோடு,மு.மேத்தா,பாரதி பதிப்பகம்,1992,15.00,சமூக நாவல்,
1653,,1653,அந்தநாள்,மு.வரதராசன்,பாரி நிலையம்,1988,16.00,சமூக நாவல்,
1657,,1657,விடுதலையா ?,மு.வரதராசன்,பாரி நிலையம்,1981,5.00,சமூக நாவல்,
1661,,1661,பஞ்சும் பசியும் ,ரகுநாதன்,நியுசெஞ்சுரி புக் ஹவுஸ்,1999,40.00,சமூக நாவல்,
1664,,1664,கானமழை நீ எனக்கு,ரமணிச்சந்திரன்,அருணோதயம் பதிப்பகம்,1994,12.00,சமூக நாவல்,
1665,,1665,கிழக்கு வெளுத்ததம்மா,ரமணிச்சந்திரன்,அருணோதயம் பதிப்பகம்,1994,,சமூக நாவல்,
1666,,1666,கொஞ்சம் நிலவு கொஞ்சம் நெருப்பு,ரமணிச்சந்திரன்,அருணோதயம் பதிப்பகம்,1994,12.00,சமூக நாவல்,
1668,,1668,நந்தினி,ரமணிச்சந்திரன்,அருணோதயம் பதிப்பகம்,1995,15.00,சமூக நாவல்,
1670,,1670,நெஞ்சோடு நெஞ்சம்,ரமணிச்சந்திரன்,அருணோதயம் பதிப்பகம்,1995,18.00,சமூக நாவல்,
1671,,1671,நேசம் மறக்கவில்லை நெஞ்சம்,ரமணிச்சந்திரன்,அருணோதயம் பதிப்பகம்,1994,18.00,சமூக நாவல்,
1672,,1672,பானுமதி,ரமணிச்சந்திரன்,அருணோதயம் பதிப்பகம்,1995,18.00,சமூக நாவல்,
1673,,1673,பூங்காற்று,ரமணிச்சந்திரன்,அருணோதயம் பதிப்பகம்,1993,22.00,சமூக நாவல்,
1674,,1674,ரோஜா முள்,ரமணிச்சந்திரன்,ஸ்ரீ செல்வ நிலையம்,1993,23.00,சமூக நாவல்,
1675,,1675,வாணி,ரமணிச்சந்திரன்,அருணோதயம் பதிப்பகம்,1993,13.00,சமூக நாவல்,
1677,,1677,ஜோடி புறாக்கள்,ரமணிச்சந்திரன்,ஸ்ரீ செல்வ நிலையம்,1994,28.00,சமூக நாவல்,
1685,,1685,அலுமினியப்பறவைகள்,ராஜேஷ்குமார்,தேவி வெளியீடு,1992,22.00,சமூக நாவல்,
1686,,1686,எங்கிருந்தோ ஆசைகள்,ராஜேஷ்குமார்,பாரதி நிலையம்,1996,26.00,சமூக நாவல்,
1690,,1690,மனசுக்குள்ளே மழை,ராஜேஷ்குமார்,பழனி நிலையம்,1994,38.00,சமூக நாவல்,
1691,,1691,வினோத் ஒருகேள்வி,ராஜேஷ்குமார்,ராமு நிலையம்,1993,22.00,சமூக நாவல்,
1692,,1692,பெண்ணும் பொன்னும்,ரிச்சர்ட்,வானதி பதிப்பகம்,1959,2.75,சமூக நாவல்,
1694,,1694,ஒரு காவிரியைப் போல,லட்சுமி,பூங்கொடி பதிப்பகம்,1996,75.00,சமூக நாவல்,
1695,,1695,துணை,லட்சுமி,பூங்கொடி பதிப்பகம்,1994,20.00,சமூக நாவல்,
1696,,1696,தொடுவானம் வரையில்...,லட்சுமி,திருமகள் நிலையம்,1992,15.00,சமூக நாவல்,
1698,,1698,நீதிக்கு கைகள்நீளம்,லட்சுமி,பூங்கொடி பதிப்பகம்,1991,30.00,சமூக நாவல்,
1703,,1703,வசந்திக்கு வந்த ஆசை,லட்சுமி,பூங்கொடி பதிப்பகம்,1993,26.00,சமூக நாவல்,
1706,,1706,சிந்தா நதி (சாகித்ய அகாடமி),லா.ச.ராமாமிர்தம்,ஐந்திணை பதிப்பகம்,1990,25.00,சமூக நாவல்,
1708,,1708,புற்று,லா.ச.ராமாமிர்தம்,ஐந்திணை பதிப்பகம்,1989,18.50,சிறுகதைகள்,
1710,,1710,சமவெளி,வண்ணதாசன்,விஜயா பதிப்பகம்,1983,9.00,சிறுகதைகள்,
1711,,1711,தோட்டத்திற்கு வெளியிலும் சில பூக்கள்,வண்ணதாசன்,விஜயா பதிப்பகம்,1984,9.00,சமூக நாவல்,
1712,,1712,தாமிரபரணி கதைகள்,வண்ணநிலவன்,நர்மதா பதிப்பகம்,1992,22.00,சிறுகதைகள்,
1713,,1713,ரெயினீஸ் ஐயர் தெரு,வண்ணநிலவன்,நர்மதா பதிப்பகம்,1981,5.00,சமூக நாவல்,
1714,,1714,சிவப்பு இதயங்கள்,வாசவன்,கங்கை புத்தகநிலையம்,1993,26.00,சமூக நாவல்,
1718,,1718,நிழலாட்டம்,வாஸந்தி,நர்மதா பதிப்பகம்,1992,27.00,சிறுகதைகள்,
1719,,1719,நிற்க நிழல் வேண்டும்,வாஸந்தி,கங்கை புத்தகநிலையம்,1996,45.00,சமூக நாவல்,
1720,,1720,ப்ளம் மரங்கள் பூத்துவிட்டன (2),வாஸந்தி,கங்கை புத்தகநிலையம்,1994,16.00,சமூக நாவல்,
1723,,1723,மூங்கில் பூக்கள்,வாஸந்தி,கங்கை புத்தகநிலையம்,1994,15.00,சமூக நாவல்,
1725,,1725,ஜனனம்,வாஸந்தி,கவிதா பப்ளிகேசன்,2001,70.00,சமூக நாவல்,
1726,,1726,தருணம்,விட்டல்ராவ்,கலைஞன் பதிப்பகம்,1985,9.00,சமூக நாவல்,
1727,,1727,நெருக்கமான இடைவெளி,விட்டல்ராவ்,கலைஞன் பதிப்பகம்,1984,,சிறுகதைகள்,
1728,,1728,வண்ணமுகங்கள்,விட்டல்ராவ்,நர்மதா பதிப்பகம்,1994,32.00,சமூக நாவல்,
1729,,1729,வெளிமனிதன்,விட்டல்ராவ்,கலைஞன் பதிப்பகம்,1984,12.00,சமூக நாவல்,
1730,,1730,நான் வித்யா ,வித்யா(லீவில் ஸ்மைல்),கிழக்கு பதிப்பகம்,2007,100.00,சிறுகதைகள்,
1732,,1732,பிரதாப முதலியார் சரித்திரம்,வேதநாயகம்பிள்ளை,நியுசெஞ்சுரி புக் ஹவுஸ்,2001,60.00,சமூக நாவல்,
1733,,1733,மணிப்பல்லத்து மதலை,வேலவன் ,வானதி பதிப்பகம்,1966,2.00,சமூக நாவல்,
1735,,1735,தண்ணீர் தேசம்,வைரமுத்து,சூர்யா பதிப்பகம்,1998,50.00,சமூக நாவல்,
1736,,1736,நாளை மற்றொரு நாளே ,ஜி.நாகராசன்,க்ரியா பதிப்பகம்,1983,10.00,சமூக நாவல்,
1737,,1737,நாளை மற்றொரு நாளே ,ஜி.நாகராசன்,காலச்சுவடு பதிப்பகம்,2001,50.00,சமூக நாவல்,
1739,,1739,தண்ணீர்,அசோகமித்திரன்,கிழக்கு பதிப்பகம்,2005,60.00,சமூக நாவல்,
1741,,1741,இனியநெஞ்சம்,ஜெகசிற்பியன்,வானதி பதிப்பகம்,1978,7.00,சமூக நாவல்,
1754,,1754,கன்னியாகுமரி,ஜெயமோகன்,தமிழினி பதிப்பகம்,2000,50.00,சமூக நாவல்,
1756,,1756,என் வீட்டுப் பூக்கள்,ஸ்டெல்லா புரூஸ்,கலைஞன் பதிப்பகம்,1992,20.00,சமூக நாவல்,
1757,,1757,ஒரு முறைதான் பூக்கும்,ஸ்டெல்லா புரூஸ்,பூஞ்சோலை பதிப்பகம்,1994,33.00,சமூக நாவல்,
1758,,1758,பனங்காட்டு அண்ணாச்சி,ஸ்டெல்லா புரூஸ்,கலைஞன் பதிப்பகம்,1993,30.00,சமூக நாவல்,
1759,,1759,வித்யாசமான காலம்,ஸ்டெல்லா புரூஸ்,கலைஞன் பதிப்பகம்,1992,18.00,சமூக நாவல்,
1762,,1762,வாழ்வாங்கு வாழ்தல் ,ஷிவ் கெரா,MAC MILLION,2006,245.00,பொது அறிவு,
1763,,1763,ஒளியின் நிழலில்,ஹம்சா தனகோபால்,ஐந்திணை பதிப்பகம்,1990,21.00,சமூக நாவல்,
1764,,1764,சாதிகள் இல்லையடி பாப்பா,ஹம்சா தனகோபால்,ஐந்திணை பதிப்பகம்,1989,30.00,சமூக நாவல்,
1765,,1765,சொல்லடி சிவசக்தி,ஹம்சா தனகோபால்,ஐந்திணை பதிப்பகம்,1990,39.00,சமூக நாவல்,
1766,,1766,நடன நிலா  ,ஹம்சா தனகோபால்,தமிழ்ச்சோலை பதிப்பகம்,1986,15.00,சமூக நாவல்,
1767,,1767,ஒரு இரவின் சிலநிமிடங்கள்,ஹேமா ஆனந்த தீர்த்தன் ,தமிழ்மணி பதிப்பகம்,1985,10.00,சமூக நாவல்,
1768,,1768,மாய விழிகள்,இந்தரா சௌந்தர்ராஜன்,திருமகள் நிலையம்,2005,75.00,சமூக நாவல்,
1769,,1769,கன்னிகள் ஏழுபேர் ,இந்தரா சௌந்தர்ராஜன்,திருமகள் நிலையம்,2005,135.00,சமூக நாவல்,
1770,,1770,மதகுரு (மொழிபெயர்ப்பு),கா.நா.சுப்ரமண்யம்,அகரம் வெளியீடு,2016,460.00,மொழிபெயர்ப்பு,
1771,,1771,நிலவளம் (மொழிபெயர்ப்பு),க.நா.சுப்ரமணியம்,அன்னம் பதிப்பகம்,2014,330.00,மொழிபெயர்ப்பு,
1772,,1772,குறுகிய வழி (மொழிபெயர்ப்பு),க.நா.சுப்ரமணியம்,அன்னம் பதிப்பகம்,2015,155.00,மொழிபெயர்ப்பு,
1773,,1773,பாரபாஸ் (மொழிபெயர்ப்பு),க.நா.சுப்ரமணியம்,அன்னம் பதிப்பகம்,2015,110.00,மொழிபெயர்ப்பு,
1775,,1775,நறுமணம் ,இமையம்,க்ரியா பதிப்பகம்,2016,195.00,சமூக நாவல்,
1776,,1776,கொலைச் சேவல்,இமையம்,க்ரியா பதிப்பகம்,2014,180.00,சமூக நாவல்,
1777,,1777,மண் பாரம்,இமையம்,க்ரியா பதிப்பகம்,2015,270.00,சமூக நாவல்,
1778,,1778,சாவு சோறு ,இமையம்,க்ரியா பதிப்பகம்,2016,190.00,சமூக நாவல்,
1780,,1780,நாட்டுப்புறக் கதைக் களஞ்சியம் (சாகித்ய அகாடமி),கி.ராஜநாராயணன்,சாகித்ய அக்காதெமி,2015,500.00,சிறுவர் நூல்கள்,
1781,,1781,தாத்தா சொன்ன கதைகள்,கி.ராஜநாராயணன்,,,,சிறுவர் நூல்கள்,
1782,,1782,கோபல்லபுரத்து மக்கள் (சாகித்ய அகாடமி),கி.ராஜநாராயணன்,அன்னம் பதிப்பகம்,2016,200.00,சமூக நாவல்,
1785,,1785,கோபல்ல கிராமம் ,கி.ராஜநாராயணன்,அன்னம் பதிப்பகம்,2016,170.00,சமூக நாவல்,
1786,,1786,வெண்ணிற இரவுகள் (மொழிபெயர்ப்பு),இரா.கிருஷ்ணய்யா,அகரம் பதிப்பகம்,2014,75.00,மொழிபெயர்ப்பு,
1787,,1787,ஜமீலா,பூ.சோமசுந்தரம்,அன்னம் பதிப்பகம்,2015,75.00,மொழிபெயர்ப்பு,
1790,,1790,டான் குயிக்ஸாட் - 1 (மொழிபெயர்ப்பு),சிவ.முருகேசன்,சந்தியா பதிப்பகம்,2012,380.00,மொழிபெயர்ப்பு,
1791,,1791,டான் குயிக்ஸாட் - 2 (மொழிபெயர்ப்பு),சிவ.முருகேசன்,சந்தியா பதிப்பகம்,2013,470.00,மொழிபெயர்ப்பு,
1793,,1793,ஆலமர விழுதுகள்,பி.வி.ஆர்,வானதி பதிப்பகம்,2017,200.00,சமூக நாவல்,
1794,,1794,மணக் கோலம்,பி.வி.ஆர்,கங்கை புத்தகநிலையம்,2017,220.00,சமூக நாவல்,
1795,,1795,வன நாயகன்,ஆரூர்.பாஸ்கர்,கிழக்கு பதிப்பகம்,2016,275.00,சமூக நாவல்,
1796,,1796,சிவன் சொத்து,கோவி.லெனின்,நக்கீரன் பதிப்பகம்,2016,120.00,சமூக நாவல்,
1797,,1797,அபிதா,லா.ச.ராமாமிருதம்,அன்னம் பதிப்பகம்,2015,95.00,சமூக நாவல்,
1798,,1798,உயிரே ஓடிவா,லக்ஷ்மி,திருமகள் நிலையம்,2017,75.00,சமூக நாவல்,
1799,,1799,வசந்த கால மேகம்,லக்ஷ்மி,திருமகள் நிலையம்,2014,65.00,சமூக நாவல்,
1800,,1800,தேவதைப் பெண்ணே,ஆதி பிரபா,திருமகள் நிலையம்,2014,150.00,சமூக நாவல்,
1801,,1801,காதலும் காமமும் - 1,வலம்புரி ஜான்,நக்கீரன் பதிப்பகம்,2010,180.00,சமூக நாவல்,
1802,,1802,காதலும் காமமும் - 2,வலம்புரி ஜான்,நக்கீரன் பதிப்பகம்,2010,190.00,சமூக நாவல்,
1803,,1803,ஜரிகை மேடை,பட்டுக்கோட்டை பிரபாகர்,பூம்புகார் பதிப்பகம்,2015,60.00,சமூக நாவல்,
1804,,1804,முத்துக்களோ பெண்கள்,பாலகுமாரன்,விசா பப்ளிகேசன்,2013,140.00,சமூக நாவல்,
1805,,1805,என்னவளே அடி என்னவளே,பாலகுமாரன்,விசா பப்ளிகேசன்,2011,60.00,சமூக நாவல்,
1806,,1806,அத்திப்பூ,பாலகுமாரன்,விசா பப்ளிகேசன்,2011,65.00,சமூக நாவல்,
1807,,1807,சரிகைவேட்டி,பாலகுமாரன்,விசா பப்ளிகேசன்,2010,75.00,சமூக நாவல்,
1808,,1808,குயிலே குயிலே,பாலகுமாரன்,விசா பப்ளிகேசன்,2010,115.00,சமூக நாவல்,
1810,,1810,உச்சித்திலகம்,பாலகுமாரன்,விசா பப்ளிகேசன்,2015,165.00,சமூக நாவல்,
1811,,1811,கண்ணே வண்ணப் பசுங்கிளியே,பாலகுமாரன்,விசா பப்ளிகேசன்,2017,300.00,சமூக நாவல்,
1812,,1812,உள்ளம் துறந்தவன்,சுஜாதா,கிழக்கு பதிப்பகம்,2010,115.00,சமூக நாவல்,
1813,,1813,இரயில் புன்னகை,சுஜாதா,விசா பப்ளிகேசன்,2017,50.00,சிறுகதைகள்,
1814,,1814,பாதி ராஜ்ஜியம்,சுஜாதா,விசா பப்ளிகேசன்,2010,75.00,சிறுகதைகள்,
1815,,1815,நிஜத்தைத் தேடி,சுஜாதா,விசா பப்ளிகேசன்,2014,70.00,சிறுகதைகள்,
1816,,1816,பத்து செகண்ட் முத்தம்,சுஜாதா,கிழக்கு பதிப்பகம்,2010,125.00,சமூக நாவல்,
1817,,1817,கேள்விக்குறி,எஸ்.இராமகிருஷ்ணன்,விகடன் பிரசுரம்,2016,110.00,சமூக நாவல்,
1818,,1818,குற்றம் புரிந்தவர்,சுபா,விகடன் பிரசுரம்,2015,225.00,பொது அறிவு,
1819,,1819,வேடிக்கைப் பார்ப்பவன்,நா.முத்துக்குமார்,விகடன் பிரசுரம்,2017,185.00,சமூக நாவல்,
1821,,1821,முன்சுவடுகள்,ஜெயமோகன்,கிழக்கு பதிப்பகம்,2009,120.00,வாழ்க்கை வரலாறு,
1822,,1822,புல்வெளி தேசம்,ஜெயமோகன்,கிழக்கு பதிப்பகம்,2009,170.00,கட்டுரைகள்,
1823,,1823,ஊமைச் செந்நாய்,ஜெயமோகன்,கிழக்கு பதிப்பகம்,2016,160.00,சிறுகதைகள்,
1824,,1824,காகித பூத்தேன்,ராஜேஷ்குமார்,பூம்புகார் பதிப்பகம்,2009,75.00,சமூக நாவல்,
1825,,1825,இரண்டாவது சீதை,ராஜேஷ்குமார்,பூம்புகார் பதிப்பகம்,2011,220.00,சமூக நாவல்,
1827,,1827,ஒரு கிராம் துரோகம்,ராஜேஷ்குமார்,பூம்புகார் பதிப்பகம்,2011,190.00,சமூக நாவல்,
1828,,1828,திக்.. திக்.. திலகா,ராஜேஷ்குமார்,பூம்புகார் பதிப்பகம்,2011,290.00,சமூக நாவல்,
1829,,1829,கோடி கோடி மின்னல்கள்,ராஜேஷ்குமார்,பூம்புகார் பதிப்பகம்,2011,300.00,சமூக நாவல்,
1830,,1830,நந்தினி என் நந்தினி,இந்திராசௌந்தரராஜன்,திருமகள் நிலையம்,2007,60.00,சமூக நாவல்,
1831,,1831,பிராயச்சித்தம்,இந்திராசௌந்தரராஜன்,திருமகள் நிலையம்,2015,100.00,சமூக நாவல்,
1832,,1832,யாழினி என்றொரு தேனருவி,இந்திராசௌந்தரராஜன்,திருமகள் நிலையம்,2015,180.00,சமூக நாவல்,
1833,,1833,சரணாகதி,இந்திராசௌந்தரராஜன்,திருமகள் நிலையம்,2016,170.00,சமூக நாவல்,
1834,,1834,ஆனந்தத் தாண்டவம்,இந்திராசௌந்தரராஜன்,திருமகள் நிலையம்,2016,190.00,சமூக நாவல்,
1835,,1835,அபாய வனம்,இந்திராசௌந்தரராஜன்,திருமகள் நிலையம்,2014,180.00,சமூக நாவல்,
1836,,1836,ஒரு ஸ்ரீரங்கத்து தேவதை,இந்திராசௌந்தரராஜன்,திருமகள் நிலையம்,2017,200.00,சமூக நாவல்,
1837,,1837,இந்திரா சௌந்தரராஜன் சிறுகதைகள்,இந்திராசௌந்தரராஜன்,திருமகள் நிலையம்,2018,120.00,சிறுகதைகள்,
1838,,1838,மனம் ஒரு மர்மதேசம்,இந்திராசௌந்தரராஜன்,திருமகள் நிலையம்,2013,90.00,ஆன்மீகம்,
1839,,1839,மகா பெரியவர் - 1,இந்திராசௌந்தரராஜன்,திருமகள் நிலையம்,2017,105.00,ஆன்மீகம்,
1840,,1840,மகா பெரியவர் - 2,இந்திராசௌந்தரராஜன்,திருமகள் நிலையம்,2017,,ஆன்மீகம்,
1843,,1843,கள்வனின் காதலி,கல்கி,திருமகள் நிலையம்,2017,90.00,சமூக நாவல்,
1844,,1844,அலை ஓசை,கல்கி,திருமகள் நிலையம்,2014,250.00,சமூக நாவல்,
1845,,1845,ஜிப்ஸி,ராஜூ முருகன்,விகிடன் பிரசுரம்,2015,115.00,கட்டுரைகள்,
1846,,1846,333.அம்மையப்பன் தெரு,பாலகுமாரன்,விசா பப்ளிகேசன்,2016,485.00,சமூக நாவல்,
1847,,1847,சஞ்சாரம்,எஸ்.ராமகிருஷ்ணன்,தேசாந்திரி பதிப்பகம் பதிப்பகம்,2018,340.00,சமூக நாவல்,
1848,,1848,புனலும் மணலும்,ஆ.மாதவன்,காலச்சுவடு பதிப்பகம்,2016,150.00,சமூக நாவல்,
1849,,1849,கருக்கு,பாமா,காலச்சுவடு பதிப்பகம்,2018,125.00,சமூக நாவல்,
1850,,1850,உண்மைக்கு முன்பும் பின்பும்,சிவகாமி,உயிர்மை பதிப்பகம்,2018,270.00,சமூக நாவல்,
1851,,1851,தேவி ஸ்ரீதேவி,இந்திரா சௌந்தரராஜன்,திருமகள் நிலையம்,2018,220.00,சமூக நாவல்,
1852,,1852,உயிரோடு விளையாடு,இந்திரா சௌந்தரராஜன்,திருமகள் நிலையம்,2018,160.00,சமூக நாவல்,
1853,,1853,ஜே.ஜே.சில குறிப்புகள்,சுந்தர ராமசாமி,காலச்சுவடு பதிப்பகம்,2018,225.00,சமூக நாவல்,
1854,,1854,கிழவனும் கடலும் (மொழிபெயர்ப்பு),எர்னெஸ்ட் ஹெமிங்வே,காலச்சுவடு பதிப்பகம்,2018,125.00,மொழிபெயர்ப்பு,
1855,,1855,புத்தம் வீடு (மொழிபெயர்ப்பு),ஹெப்சிபா ஜேசுதாசன்,காலச்சுவடு பதிப்பகம்,2018,175.00,மொழிபெயர்ப்பு,
1856,,1856,பாத்துமாவின் ஆடு,வைக்கம் முகம்மது பஷீர்,காலச்சுவடு பதிப்பகம்,2017,100.00,மொழிபெயர்ப்பு,
1857,,1857,அர்த்தநாரி,பெருமாள்முருகன்,காலச்சுவடு பதிப்பகம்,2014,225.00,சமூக நாவல்,
1858,,1858,மாதொரு பாகன்,பெருமாள் முருகன்,காலச்சுவடு பதிப்பகம்,2016,145.00,சமூக நாவல்,
1859,,1859,பூக்குழி,பெருமாள் முருகன்,காலச்சுவடு பதிப்பகம்,2018,175.00,சமூக நாவல்,
1860,,1860,பூனாச்சி அல்லது ஒரு வெள்ளாட்டின் கதை,பெருமாள் முருகன்,காலச்சுவடு பதிப்பகம்,2018,175.00,சமூக நாவல்,
1861,,1861,கூளமாதாரி,பெருமாள் முருகன்,காலச்சுவடு பதிப்பகம்,2018,325.00,சமூக நாவல்,
1862,,1862,நிழல் முற்றம்,பெருமாள் முருகன்,காலச்சுவடு பதிப்பகம்,2017,150.00,சமூக நாவல்,
1863,,1863,ஆளண்டா பட்சி,பெருமாள் முருகன்,காலச்சுவடு பதிப்பகம்,2017,275.00,சமூக நாவல்,
1864,,1864,கங்கணம்,பெருமாள் முருகன்,காலச்சுவடு பதிப்பகம்,2017,375.00,சமூக நாவல்,
1865,,1865,ஏறு வெயில்,பெருமாள் முருகன்,காலச்சுவடு பதிப்பகம்,2018,250.00,சமூக நாவல்,
1867,,1867,உப பாண்டவம்,எஸ்.ராமகிருஷ்ணன்,தேசாந்திரி பதிப்பகம்,2018,,சமூக நாவல்,
1868,,1868,உனக்காகவே வாழ்கிறேன்  ,அருணா நந்தினி,அறிவாலயம் ,2008,80.00,சமூக நாவல்,
1869,,1869,நான் உன்னோடு நீ யாரோடு ?,ராஜேஷ்குமார்,பூம்புகார் பதிப்பகம்,2006,55.00,சமூக நாவல்,
1871,,1871,புதிய தரிசனங்கள் - 2 (சாகித்ய அகாடமி),பொன்னீலன்,நியுசெஞ்சுரி புக் ஹவுஸ்,1995,,சமூக நாவல்,
1872,,1872,புதிய தரிசனங்கள் -3 (சாகித்ய அகாடமி),பொன்னீலன்,நியுசெஞ்சுரி புக் ஹவுஸ்,1995,,சமூக நாவல்,
1874,,1874,குற்றப் பரம்பரை,வேல.ராமமூர்த்தி,டிஸ்கவரி புக் பேலஸ்,2018,400.00,சமூக நாவல்,
1875,,1875,மழை விடும் நேரம்,பட்டுக்கோட்டை பிரபாகர்,பூம்புகார் பதிப்பகம்,2008,120.00,சமூக நாவல்,
1876,,1876,பூ பூக்கும் ஓசை,பட்டுக்கோட்டை பிரபாகர்,பூம்புகார் பதிப்பகம்,2013,200.00,சமூக நாவல்,
1877,,1877,ரம்மி and ஜோக்கர்,பட்டுக்கோட்டை பிரபாகர்,பூம்புகார் பதிப்பகம்,,,சமூக நாவல்,
1878,,1878,ராஜ கர்ஜனை ,கோவி.மணிசேகரன் ,பூம்புகார் பதிப்பகம்,2011,250.00,வரலாற்று நாவல்,
1879,,1879,திரும்பி வா! திர்ப்பைத் தா!,பட்டுக்கோட்டை பிரபாகர்,பூம்புகார் பதிப்பகம்,2009,225.00,சமூக நாவல்,
1880,,1880,கூட்டுப் புழுக்கள்,அனுராதாரமணன்,பூம்புகார் பதிப்பகம்,,,சமூக நாவல்,
1881,,1881,கண்ணே காத்திரு!,அனுராதாரமணன்,பூம்புகார் பதிப்பகம்,2012,180.00,சமூக நாவல்,
1882,,1882,அப்புசாமியும் ஆப்பிரிக்க அழகியும்,பாக்கியம் ராமசாமி,பூம்புகார் பதிப்பகம்,2014,150.00,சமூக நாவல்,
1883,,1883,இம்சைகள் (மூன்று நாவல்கள்),அனுராதாரமணன்,பூம்புகார் பதிப்பகம்,2015,240.00,சமூக நாவல்,
1884,,1884,பட்டுக்கோட்டை பிரபாகர் குறுநாவல்கள் -1,பட்டுக்கோட்டை பிரபாகர்,பூம்புகார் பதிப்பகம்,2002,110.00,சிறுகதைகள்,
1885,,1885,பட்டுக்கோட்டை பிரபாகர் குறுநாவல்கள் -2,பட்டுக்கோட்டை பிரபாகர்,பூம்புகார் பதிப்பகம்,2002,110.00,சிறுகதைகள்,
1886,,1886,தென்னங்கீற்று,கோவி.மணிசேகரன் ,பூம்புகார் பதிப்பகம்,2012,250.00,சமூக நாவல்,
1887,,1887,பூசு மஞ்சள்,பாலகுமாரன்,விசா பப்ளிகேஷன்ஸ்,2011,95.00,சமூக நாவல்,
1888,,1888,ஒரு முள் ஒரு மலர்,இந்திரா சௌந்தர்ராஜன்,திருமகள் நிலையம்,2019,215.00,சமூக நாவல்,
1889,,1889,ரகசியம் பரமன் ரகசியம்,இந்திரா சௌந்தர்ராஜன்,திருமகள் நிலையம்,2019,280.00,சமூக நாவல்,
1890,,1890,ஸ்வர்ண வேட்கை,பாலகுமாரன்,விசா பப்ளிகேஷன்ஸ்,2019,160.00,சமூக நாவல்,
1891,,1891,ஐந்தும் மூன்றும் ஒன்பது,இந்திரா சௌந்தர்ராஜன்,திருமகள் நிலையம்,2020,320.00,சமூக நாவல்,
1892,,1892,மண்ணும் பெண்ணும்,லஷ்மி,திருமகள் நிலையம்,2019,45.00,சமூக நாவல்,
1893,,1893,தேடிக்கொண்டே இருப்பேன்,லஷ்மி,திருமகள் நிலையம்,2017,180.00,சமூக நாவல்,
1894,,1894,கால முழுவதும் காத்திருப்பேன்,லஷ்மி,திருமகள் நிலையம்,2018,115.00,சமூக நாவல்,
1895,,1895,கையில் அள்ளிய மலர்கள்,லஷ்மி,விசா பப்ளிகேஷன்ஸ்,2018,36.00,சமூக நாவல்,
1896,,1896,இதோஓர்இதயம்,லஷ்மி,திருமகள் நிலையம்,2016,115.00,சமூக நாவல்,
1897,,1897,மன்னிப்பின் மறுபக்கம்,லஷ்மி,திருமகள் நிலையம்,2018,80.00,சமூக நாவல்,
1898,,1898,வசந்தகால மேகம்,லஷ்மி,திருமகள் நிலையம்,2017,70.00,சமூக நாவல்,
1899,,1899,வைரமுக்குத்தி,லஷ்மி,திருமகள் நிலையம்,2017,70.00,சமூக நாவல்,
1900,,1900,அண்ணாவின் கவிதைகள் ,அறிஞர் அண்ணா,பூம்புகார் பதிப்பகம்,2000,30.00,கவிதைகள்,
1901,,1901,ஆரிய மாயை,அறிஞர் அண்ணா,திராவிட பண்ணை,,,அரசியல்,
1903,,1903,ஆலாபனை ,அப்துல்ரகுமான்,கவிக்கோ பதிப்பகம்,1999,40.00,கவிதைகள்,
1904,,1904,பால் வீதி ,அப்துல்ரகுமான்,கவிக்கோ பதிப்பகம்,2002,25.00,கவிதைகள்,
1906,,1906,முட்டைவாசிகள் ,அப்துல்ரகுமான்,மலர்விழி பதிப்பகம்,1986,7.00,கவிதைகள்,
1907,,1907,உதய காலங்கள் ,அமுதபாரதி ,நர்மதா பதிப்பகம்,1982,10.00,கவிதைகள்,
1909,,1909,கவிஞர் நெஞ்சில் காமராசர்,அரங்கபாண்டியன்,பனிமலர்ப் பதிப்பகம்,1966,4.00,கவிதைகள்,
1910,,1910,7 நீதி நூல்கள் ,அரசு ,கங்கை புத்தகாலயம்,1996,20.00,இலக்கியம்,
1911,,1911,யதார்த்தங்கள்,அ.ஸ்டாலின்,ஸ்ரீ முருகன் பிரிண்டர்ஸ்,,,கவிதைகள்,
1913,,1913,கவிதைக் காடு,அரிமா ,திலகவதி பதிப்பகம்,1990,15.00,கவிதைகள்,
1914,,1914,"முல்லை பெரியார் நீர்த்தேக்கம் 
உடன்படும் - உண்மைப்படும்",அருகோ,தமிழ்நிலம் பதிப்பகம்,2007,75.00,வரலாறு,
1915,,1915,கவிதை தோணியிலே,அருவிமைந்தன்,பாரதி பதிப்பகம்,1981,2.75,கவிதைகள்,
1916,,1916,பலூன் காரன் வராத தெரு,அழகு நிலா,குமரன் பதிப்பகம்,2002,40.00,கவிதைகள்,
1917,,1917,அரைக்கம்பத்தில் தொப்பிள்கொடி,அறிவுமதி,சாரல் பதிப்பகம்,2009,160.00,கவிதைகள்,
1918,,1918,கடைசி மழைத்துளி ,அறிவுமதி ,சாரல் பதிப்பகம்,2002,40.00,கவிதைகள்,
1919,,1919,நட்புக் காலம் ,அறிவுமதி ,செம்பருத்தி,2000,75.00,கவிதைகள்,
1920,,1920,வலி,அறிவுமதி,தமிழ்மலர் பதிப்பகம்,2006,70.00,கவிதைகள்,
1921,,1921,நெருப்பில் காய்ச்சிய பறை,அன்பாதவன் ,காவ்யா பதிப்பகம்,2003,45.00,கவிதைகள்,
1922,,1922,வழியவழிய நட்சத்திரங்கள்,அனலேந்தி ,கல்யாணி பதிப்பகம்,1991,10.00,கவிதைகள்,
1924,,1924,அன்னையின் புன்னகை ,ஆ.பழனியப்பா ,பாட்டாளி பழனியப்பன் பதிப்பகம்,1990,20.00,கவிதைகள்,
1925,,1925,பாவையின் பாடல் ,ஆ.வே.முல்லை நிலவடிகள்,வானளாவிய தமிழ்ப் பேரவை,2013,60.00,கவிதைகள்,
1928,,1928,நாடோடிப்பாடல்கள்,ஆர்.அய்யாசாமி ,அருணோதயம் பதிப்பகம்,1959,,கவிதைகள்,
1929,,1929,இணை தேடும் இதயம்,அமுதபாரதி,நர்மதா பதிப்பகம்,1983,5.00,கவிதைகள்,
1930,,1930,தாயுமானுவன்,இ. முத்துராமலிங்கம்,பூம்புகார் பதிப்பகம்,1999,2.50,கவிதைகள்,
1932,,1932,கனவுகள் வேண்டும் ,இக்பால் ,எழில் பதிப்பகம்,2000,30.00,கவிதைகள்,
1933,,1933,இன்னும் வரும் ,இதயகீதம் ராமானுஜம்,உரத்த சிந்தனை,1999,15.00,கவிதைகள்,
1934,,1934,வைரவரிகள் ,இதயகீதம் ராமானுஜம்,சுதா பதிப்பகம்,1992,15.00,கவிதைகள்,
1935,,1935,தமிழ்த் தாயின் மடியில் ,இரா.புனிதன்,வானவில் பதிப்பகம்,1998,30.00,கவிதைகள்,
1936,,1936,இப்படித்தான் காதல்,இராசி.அழகப்பன் ,குமரன் பதிப்பகம்,2003,50.00,கவிதைகள்,
1937,,1937,நாமக்கல் கவிஞர் பாடல்கள்,இராமலிங்க பிள்ளை,நியுசெஞ்சுரி புக் ஹவுஸ்,2014,195.00,கவிதைகள்,
1938,,1938,சிறைத்தூரிகை ,இரும்பொறை,தடா அமுதன் நட்புறவு பதிப்பகம்,2000,25.00,கவிதைகள்,
1939,,1939,கோவை இளஞ்சேரன் கவிதைகள்,இளஞ்சேரன்,கலலைக்குயில் பதிப்பகம்,1987,40.00,கவிதைகள்,
1940,,1940,முன்னும் பின்னும் ,இளந்தளபதி,இளவேந்தன் பதிப்பகம்,1992,10.00,கவிதைகள்,
1941,,1941,சுடர் விழிகள் ,இளமாறன் ,மலர்க்கொடி பதிப்பகம்,1992,15.00,கவிதைகள்,
1942,,1942,தொடுவானம் தூரமில்லை,இளையகம்பன்,கற்பகம் புத்தகாலயம்,1998,25.00,கவிதைகள்,
1943,,1943,தொடுவானம் தூரமில்லை,இளையகம்பன் ,கற்பகம் புத்தகாலயம்,2000,25.00,கவிதைகள்,
1944,,1944,முகத்தில் தெளித்த சாரல் ,இறையன்பு ,தாகம் பதிப்பகம்,2001,45.00,கவிதைகள்,
1945,,1945,இன்குலாப் கவிதைகள்,இன்குலாப்,கார்க்கி வெளியீடு,1972,1.50,கவிதைகள்,
1946,,1946,ஒவ்வொரு புல்லையும் ,இன்குலாப் ,கார்க்கி வெளியீடு,1999,100.00,கவிதைகள்,
1947,,1947,உன் வீட்டிற்கு நான் வந்திருந்தேன்,ஈரோடு தமிழன்பன்,பாப்லோ பாரதி,1999,30.00,கவிதைகள்,
1948,,1948,ஒரு வண்டி சென்ரியு ,ஈரோடு தமிழன்பன்,மருதா பதிப்பகம்,2001,40.00,கவிதைகள்,
1949,,1949,மின்மினிக்காடு,ஈரோடு தமிழன்பன்,பூம்புகார் பதிப்பகம்,2006,25.00,கவிதைகள்,
1950,,1950,மக்சீம் கார்க்கி,எம்.ஏ.பழனியப்பன்,நியுசெஞ்சுரி புக் ஹவுஸ்,2006,35.00,பொது அறிவு,
1951,,1951,எழிலன் கவிதைகள்,எழிலன்,பாரி நிலையம்,1957,1.00,கவிதைகள்,
1952,,1952,பொன்மாலைப் பொழுது,என்.சுரேஷ்,திருமகள் நிலையம்,2008,90.00,கவிதைகள்,
1953,,1953,பட்டுக்கோட்டையார் பாடல்கள்,எஸ்.ஈ.பெருமாள்,கற்பகம் புத்தகாலயம்,2007,40.00,கவிதைகள்,
1955,,1955,கதாவிலாசம் ,எஸ்.ராமகிருஷ்ணன்,விகடன் பதிப்பகம்,2006,150.00,சிறுகதைகள்,
1956,,1956,தமிழ் இலக்கியத்தின் நாட்டார் பண்பாடு ,ஏ.எஸ்.சாமி,வானதி பதிப்பகம்,1983,8.00,சிறுவர் நூல்கள்,
1957,,1957,தமிழீழம்: நான் கண்டதும் என்னை கண்டதும்,ஓவியர் புகழேந்தி,தோழமை வெளியீடு,2008,150.00,வரலாறு,
1958,,1958,உள்மனப் பூக்கள் ,க.அ.பிரகாசம் ,பைந்தமிழ் பதிப்பகம்,1992,20.00,கவிதைகள்,
1959,,1959,சங்கத்தமிழ் கவிதைகள் ,க.ச.கலையரசன்,கவிஞர் குரல்,2010,200.00,கவிதைகள்,
1960,,1960,இரவைத் தேடும் நிலவுகள் ,க.மு.இரவிதாசன் ,அறிவுலகம்,1992,6.50,கவிதைகள்,
1961,,1961,ஆசிரியர்,கவிதாசன்,அகத்தெளிவு,1991,6.50,கவிதைகள்,
1963,,1963,கண்ணதாசன் கவிதைகள் - 1 & 2,கண்ணதாசன்,வானதி பதிப்பகம்,2000,50.00,கவிதைகள்,
1964,,1964,"கண்ணதாசன் கவிதைகள் - 1,2",கண்ணதாசன்,வானதி பதிப்பகம்,1971,4.50,கவிதைகள்,
1965,,1965,கண்ணதாசன் கவிதைகள் - 2,கண்ணதாசன்,காவவிய கழகம்,1960,2.50,கவிதைகள்,
1966,,1966,கண்ணதாசன் கவிதைகள் - 3,கண்ணதாசன்,வானதி பதிப்பகம்,2000,52.00,கவிதைகள்,
1967,,1967,கண்ணதாசன் கவிதைகள் - 3,கண்ணதாசன்,வானதி பதிப்பகம்,1971,4.50,கவிதைகள்,
1969,,1969,கண்ணதாசன் கவிதைகள் - 5,கண்ணதாசன்,வானதி பதிப்பகம்,1999,48.00,கவிதைகள்,
1970,,1970,கண்ணதாசன் கவிதைகள் - 6,கண்ணதாசன்,வானதி பதிப்பகம்,1999,50.00,கவிதைகள்,
1971,,1971,காலத்தின் பதிவுகள் ,கண்ணதாசன் ,கவியரசு கண்ணதாசன் தமிழ்ச்சங்கம்,2006,70.00,கவிதைகள்,
1972,,1972,சுருதி சேராத ராகங்கள்,கண்ணதாசன் ,கண்ணதாசன் பதிப்பகம்,1996,16.00,சமூக நாவல்,
1973,,1973,தைப்பாவை ,கண்ணதாசன்,வானதி பதிப்பகம்,1978,1.00,கவிதைகள்,
1974,,1974,மாங்கனி,கண்ணதாசன்,வானதி பதிப்பகம்,1970,2.00,கவிதைகள்,
1976,,1976,மழைக்கு ஒதுங்கிய கவிதைகள்,கபிலன் ,சக்தி பிரிண்டெக்,2005,75.00,கவிதைகள்,
1977,,1977,.... என்றான் கவிஞன் ,கபிலன்வைரமுத்து ,சூர்யா பதிப்பகம்,2002,40.00,கவிதைகள்,
1978,,1978,கம்பதாசன் கவிதைத் திரட்டு ,கம்பதாசன்,அல்லயன்ஸ்,1987,25.00,கவிதைகள்,
1979,,1979,முப்பால் மூவாயிரம் என்றும் புதுக்குறள்,கருணைதாசன்,கருணைதாசன் பதிப்பகம்,2000,90.00,கவிதைகள்,
1980,,1980,முப்பால் மூவாயிரம் என்றும் புதுக்குறள்,கருணைதாசன் ,கருணைதாசன் பதிப்பகம்,2000,90.00,கவிதைகள்,
1981,,1981,பாடும் பறவை ,கருமலை,மணிமேகலைப் பிரசுரம்,1999,18.00,கவிதைகள்,
1982,,1982,கலாப்ரியா கவிதைகள்,கலாப்ரியா,தமிழினி பதிப்பகம்,2000,120.00,கவிதைகள்,
1983,,1983,ஞானக் களஞ்சியம்,கலீல்ஜிப்ரான்,கண்ணதாசன் பதிப்பகம்,1998,30.00,கவிதைகள்,
1986,,1986,குறளோவியம்,கலைஞர் கருணாநிதி,பாரதி பதிப்பகம்,2009,,கவிதைகள்,
1987,,1987,மீசை முளைத்த வயதில்,கலைஞர் கருணாநிதி,தமிழ்க்கனி பதிப்பகம்,2002,60.00,அரசியல்,
1989,,1989,முச்சும் பேச்சும் ,கவிஞர் இளந்தளபதி,இளவேந்தன் பதிப்பகம்,1994,18.00,கவிதைகள்,
1990,,1990,மூச்சும் பேச்சும்,கவிஞர் இளந்தளபதி,இளவேந்தன் பதிப்பகம்,1994,18.00,கவிதைகள்,
1992,,1992,இராமானுஜ காவியம்,கவிஞர் வாலி,வானதி பதிப்பகம்,2003,150.00,ஆன்மீகம்,
1993,,1993,கலைஞர்  காவியம் ,கவிஞர் வாலி,குமரன் பதிப்பகம்,2006,120.00,கவிதைகள்,
1994,,1994,முக்கூடல்,கவிஞர்.புவியரசு,வசுந்தரா பதிப்பகம்,2004,80.00,கவிதைகள்,
1996,,1996,உரையாடலில் ஒளியும் சொற்கள் ,கவித்துவம்,மஜெம பதிப்பகம்,2004,25.00,கவிதைகள்,
1997,,1997,என் தோட்டத்து மலர்கள் ,கவிதாசன் ,வீரம்பாக்கம் கவிதாசன்,1994,18.00,கவிதைகள்,
1998,,1998,கருவில் ஒரு தேசம்,கவிபாஸ்கர்,பன்மை வெளி பதிப்பகம்,2008,40.00,கவிதைகள்,
1999,,1999,சூரியனை கொளுத்திய தீக்குச்சி,கவிபாஸ்கர்,அய்யா நிலையம்,2007,40.00,கவிதைகள்,
2000,,2000,துண்டறிக்கை,கவிபாஸ்கர்,பன்மை வெளி பதிப்பகம்,2009,40.00,கவிதைகள்,
2001,,2001,தொட்டில் கனவு,கவிபாஸ்கர்,அய்யா நிலையம்,2006,40.00,கவிதைகள்,
2002,,2002,பாதை தொலைந்த மாட்டுவண்டிகள்,கவிபாஸ்கர்,அய்யா நிலையம்,2008,50.00,கவிதைகள்,
2003,,2003,குழந்தைச் செல்வம் ,கவிமணி தேசிகவிநாயகம்,பாரி நிலையம்,1967,0.75,கவிதைகள்,
2004,,2004,நாமக்கல் கவிஞர் பாடல்கள்,கவிமணி தேசிகவிநாயகம்,பூம்புகார் பதிப்பகம்,2001,100.00,கவிதைகள்,
2005,,2005,என் தெருவிலே போறவரே,கவிமதி ,தமிழ் அலை பதிப்பகம்,2008,50.00,கவிதைகள்,
2006,,2006,கருவறை வாசனை ,கனிமொழி.கருணாநிதி ,திருமகள் நிலையம்,1998,35.00,கவிதைகள்,
2007,,2007,கருவறை வாசனை ,கனிமொழி.கருணாநிதி ,திருமகள் நிலையம்,1998,35.00,கவிதைகள்,
2008,,2008,காசி ஆனந்தன் கவிதைகள் - 2,காசி ஆனந்தன்,காசி ஆனந்தன் குடில்,2006,100.00,கவிதைகள்,
2009,,2009,காசி ஆனந்தன் கவிதைகள் - 1,காசி ஆனந்தன்,நா.அருணாசலம்,1982,50.00,கவிதைகள்,
2010,,2010,காசி ஆனந்தன் நறுக்குகள்,காசி ஆனந்தன்,காசி ஆனந்தன் குடில்,2003,50.00,கவிதைகள்,
2011,,2011,நீதிநெறிவிளக்கம்,காசிமடம்,#,,,இலக்கியம்,
2012,,2012,கல்லூரிக்கனவுகள்,காண்டீபன்,நர்மதா பதிப்பகம்,1999,20.00,கவிதைகள்,
2013,,2013,ஈரோட்டு பூகம்பம்,காந்தன் ,வெண்ணிலா பதிப்பகம்,1994,10.00,கவிதைகள்,
2014,,2014,கந்தகத் துளிகள் ,காந்தன் ,வெண்ணிலா பதிப்பகம்,1993,10.00,கவிதைகள்,
2015,,2015,மீண்டும் நெருப்புக்கனைகள் ,காரய்.தமிழ்முடி,புரட்சி பதிப்பகம்,1988,7.00,கவிதைகள்,
2017,,2017,தமிழமுதன் கவிதைகள் ,கி.தமிழமுதன்,இசையமுது பதிப்பகம்,1989,10.00,கவிதைகள்,
2018,,2018,காதல் நதி ,கி.தமிழமுதன் ,இசையமுது பதிப்பகம்,1994,14.00,கவிதைகள்,
2019,,2019,போர்வாளும் பீரங்கியும்,கிருஷ்ணமூர்த்தி,நாயகி பதிப்பகம்,1999,60.00,கவிதைகள்,
2020,,2020,கடைசியாய் பூமிக்கு வந்தேன் ,குகை மா.புகழேந்தி,குமரன் பதிப்பகம்,2007,50.00,கவிதைகள்,
2021,,2021,கவிதை நடையில் நடக்கிறாய்,குகை மா.புகழேந்தி,குமரன் பதிப்பகம்,2004,40.00,கவிதைகள்,
2022,,2022,முளைகள் ,குட்டிரேவதி,தமிழினி பதிப்பகம்,2002,35.00,கவிதைகள்,
2023,,2023,வேர்ப்பலா,குடந்தை.புகழேந்தி,மங்கலத்தேவன் பதிப்பகம்,1994,16.00,கவிதைகள்,
2024,,2024,சின்ன உளிகள்,கவிமுகில் ,கவியரசன் பதிப்பகம்,2001,50.00,கவிதைகள்,
2025,,2025,குலோத்துங்கன் கவிதைகள்,பொன்னினியன்,கலைவாணி புத்தகநிலையம்,1920,,கவிதைகள்,
2026,,2026,எலிகடித்த பூனை ,குழ.கதிரேசன் ,ஐந்திணை பதி்ப்பகம்,1988,5.00,கவிதைகள்,
2027,,2027,காகிதப் கப்பல்  ,குழ.கதிரேசன் ,ஐந்திணை பதி்ப்பகம்,1992,8.00,கவிதைகள்,
2028,,2028,பள்ளிக்கூட வெள்ளாடு,குழ.கதிரேசன் ,ஐந்திணை பதி்ப்பகம்,1991,10.00,கவிதைகள்,
2029,,2029,விடுதலைக் கிளி ,குழ.கதிரேசன் ,ஐந்திணை பதி்ப்பகம்,1991,8.00,கவிதைகள்,
2030,,2030,காமஞ்சரி,குழந்தை,பாரி நிலையம்,1972,3.50,கவிதைகள்,
2031,,2031,ஓர் இனிய மலர் ,கே.பி.சனார்த்தனம்,ஜெம் பிரஸ்,1991,15.00,கவிதைகள்,
2032,,2032,பசப்பல்,கே.ராஜகோபால்,எழுத்து பிரசுரம்,1974,5.00,கவிதைகள்,
2033,,2033,கவிஞர்கள் நெஞ்சில் மக்கள் கவிஞர் ,கே.ஜீவபாரதி ,கற்பகம் புத்தகாலயம்,1998,15.00,கவிதைகள்,
2035,,2035,என் கடவுளும் என்னை போல் கறுப்பு,கோகின்ற,குமரன் பதிப்பகம்,2005,50.00,கவிதைகள்,
2036,,2036,இதய ஓடை,வ.கோவிந்தராஜன்,நன்செய் பதிப்பகம்,1967,2.00,கவிதைகள்,
2037,,2037,சுழிக்காற்று ,கௌசிகன் ,வானதி பதிப்பகம்,1985,24.00,கவிதைகள்,
2038,,2038,ராவணன் மாட்சியும் விழ்ச்சியும்,அ.ச.ஞானசம்பந்தன்,கங்கை புத்தகாலயம்,1995,45.00,இலக்கியம்,
2039,,2039,தீரன் சின்னமலை ,சக்தி கனல்,அம்மன் புத்தக நிலையம்,2000,25.00,கவிதைகள்,
2040,,2040,சச்சிதானந்தன் கவிதைகள் ,சிற்பி,காவியா பதிப்பகம்,1998,40.00,கவிதைகள்,
2041,,2041,காலை மாலை சிந்தனைகள்,சந்திரன்,கண்ணதாசன் பதிப்பகம்,1995,24.00,கவிதைகள்,
2042,,2042,கவிஞர் நெஞ்சில் பேராசிரியர்,சா.கணேசன்,அழகிரி பதிப்பகம்,1975,6.00,கவிதைகள்,
2044,,2044,காதல் மணம்,சாத்தூர்சேகரன்,வள்ளுவர் கணினியகம்,1995,40.00,கவிதைகள்,
2045,,2045,மலர்கள்,சாமி. பழனியப்பன்,வைரம் பதிப்பகம்,1969,2.25,கவிதைகள்,
2046,,2046,என்னோடு நான் ,சி.கே.ராஜசந்திரசேகர்,நதி பதிப்பகம்,2000,50.00,கவிதைகள்,
2047,,2047,இப்படியும் இருக்கலாம்,சினேகன்,செல்வம் பதிப்பகம்,2003,50.00,கவிதைகள்,
2048,,2048,இன்னும் பெண்கள் அழகாய் இருக்கிறார்கள்,சினேகன்,செல்வம் பதிப்பகம்,2003,35.00,கவிதைகள்,
2049,,2049,பு்த்தகம்,சினேகன்,செல்வம் பதிப்பகம்,2003,55.00,கவிதைகள்,
2050,,2050,முதல் அத்தியாயம் ,சினேகன்,செல்வம் பதிப்பகம்,2003,25.00,கவிதைகள்,
2052,,2052,ஈழத்துக் கவிதை விமர்சனம் ,சிலோன் விஜயேந்திரன் ,பிரகாஷ் பிரசுரம்,1992,18.00,கவிதைகள்,
2054,,2054,சிரித்த முத்துகள்,சிற்பி,மணிவாசகர் பதிப்பகம்,1968,3.00,கவிதைகள்,
2055,,2055,அவளை மொழிபெயர்த்தால்,சுக்கித்தரணி,காலச்சுவடு பதிப்பகம்,2012,55.00,கவிதைகள்,
2056,,2056,காமத்தி பூ,சுக்கித்தரணி,காலச்சுவடு பதிப்பகம்,2013,50.00,கவிதைகள்,
2057,,2057,தீண்டப்படாத முத்தம்,சுக்கித்தரணி,காலச்சுவடு பதிப்பகம்,2012,55.00,கவிதைகள்,
2059,,2059,எச்சில் இரவு,சுரதா,சீதை பதிப்பகம்,2008,35.00,சிறுகதைகள்,
2060,,2060,சோஷலிச கவிதைகள்,சூரிய தீபன்,அலைகள் வெளியீட்டகம்,2000,40.00,கவிதைகள்,
2061,,2061,எப்படியிருப்பாய் ,சூரியபாரதி,ஜோதி எண்டர்பிரைசஸ்,2006,20.00,கவிதைகள்,
2062,,2062,காதலன்றி வேறில்லை ,சூரியபாரதி,விஜயா பதிப்பகம்,2006,25.00,கவிதைகள்,
2066,,2066,ஒரு கோடி இரு மலர்கள் ,செம்மை சேவியர்,மருதோன்றி அச்சகம்,2016,60.00,கவிதைகள்,
2067,,2067,புலவர் கீரன் பிள்ளைத் தமிழ் ,செல்லப்பா கீரன் ,மனோன்மணி பதிப்பகம்,1991,15.00,கவிதைகள்,
2068,,2068,பனிப்பூக்கள்,செல்வபாரதி,கலைஞன் பதிப்பகம்,1967,2.00,கவிதைகள்,
2069,,2069,மயில் இறகுகள் ,செல்வபாரதி,பூங்கொடி பதிப்பகம்,1975,7.50,கவிதைகள்,
2070,,2070,தமிழ் ஒளியின் கவிதைகள் ,சே.து.சஞ்சீவி,பாவாணர் பதிப்பகம்,1966,3.00,கவிதைகள்,
2071,,2071,தென்பாங்கு பூந்தமிழ் ,சேதுராமலிங்கம் ,கண்ணதாசன் பதிப்பகம்,2000,96.00,கவிதைகள்,
2072,,2072,நீ இப்போது இறங்கும் ஆறு ,சேரன் ,காலச்சுவடு பதிப்பகம்,2000,90.00,கவிதைகள்,
2073,,2073,எரிந்துகொண்டிருக்கும் நேரம்,சேரன் கவிதைகள்,ஆசியா பதிப்பகம்,1993,10.00,கவிதைகள்,
2075,,2075,மன விளிம்புகளில்,சேவியர்,சபரி பப்ளிகேசன்ஸ்,2003,38.00,கவிதைகள்,
2076,,2076,வாழ்வு மலரட்டும்,சொ.மணிவாசகம்,சிலம்பரசன் பதிப்பகம்,1985,8.00,கவிதைகள்,
2077,,2077,கல்விவள்ளல் கலசலிங்கம் ,சோ.கருப்பசாமி,தொல்காப்பியனார்,1989,,கவிதைகள்,
2078,,2078,கவிஞர்களின் பார்வையில் பாரதி ,சோலை தமிழினியன்,சோலை பதிப்பகம்,2012,40.00,கவிதைகள்,
2080,,2080,பிச்சமூர்த்தியின் கவிதைகள் ,ஞானக்கூத்தன் ,சாகித்திய அக்காதெமி,2000,65.00,கவிதைகள்,
2083,,2083,பூவுக்குள் பூபாளன்,டி.முருகேசபாண்டியன்,அமிழ்தம் பதிப்பகம்,1994,15.00,கவிதைகள்,
2084,,2084,சிவப்புக் குயில்கள்,த.கோ.வேந்தன் ,கலைஞன் பதிப்பகம்,1975,4.00,கவிதைகள்,
2085,,2085,குருபக்தி என்பது என்ன ?,தங்கவயல் லோகிதாசன்,ஓரி நிலையம்,1985,10.00,கவிதைகள்,
2087,,2087,கொஞ்சம் ஹைக்கூ கொஞ்சம் சென்ரியு,தண்டபாணி,விஜயா பதிப்பகம்,2011,45.00,கவிதைகள்,
2089,,2089,உன் பேச்சு கா... தல்,தபூ சங்கர்,விஜயா பதிப்பகம்,2011,40.00,கவிதைகள்,
2090,,2090,எனது கருப்புப் பெட்டி,தபூ சங்கர்,விஜயா பதிப்பகம்,2003,20.00,கவிதைகள்,
2091,,2091,எனது கருப்புப் பெட்டி,தபூ சங்கர்,விஜயா பதிப்பகம்,2006,30.00,கவிதைகள்,
2092,,2092,கண்மையால் எழுதிய கவிதைகள் ,தபூ சங்கர்,விஜயா பதிப்பகம்,2011,80.00,கவிதைகள்,
2093,,2093,காதல் ஆத்திச் சூடி ,தபூ சங்கர்,விஜயா பதிப்பகம்,2011,40.00,கவிதைகள்,
2095,,2095,சேலையோர பூங்கா ,தபூ சங்கர்,விஜயா பதிப்பகம்,2006,70.00,கவிதைகள்,
2096,,2096,திமிருக்கும் அழகென்று பெயர் ,தபூ சங்கர்,விஜயா பதிப்பகம்,2009,30.00,கவிதைகள்,
2097,,2097,திமிருக்கும் அழகென்று பெயர் ,தபூ சங்கர்,விஜயா பதிப்பகம்,2003,30.00,கவிதைகள்,
2098,,2098,நெஞ்சவர்ணக்கிளி,தபூ சங்கர்,விஜயா பதிப்பகம்,2007,75.00,கவிதைகள்,
2101,,2101,மழையானவள்,தபூ சங்கர்,விஜயா பதிப்பகம்,2007,25.00,சிறுகதைகள்,
2105,,2105,கண்ணப்பன் கிளிகள்,தமிழ் ஒளி,பாவாணர் பதிப்பகம்,1960,1.00,கவிதைகள்,
2107,,2107,இதயப் பறவை,தமிழ் ஓவியன்,தமிழருவி பதிப்பகம்,1964,1.75,கவிதைகள்,
2108,,2108,கன்னிப்பூ,தமிழ் பித்தன்,மாருதி பதிப்பகம்,1962,2.00,கவிதைகள்,
2110,,2110,தாலாட்டு ,தமிழண்ணல்,செல்வி பதிப்பகம்,1963,2.00,கவிதைகள்,
2111,,2111,ஈரவிழிகள்,தமிழ்தாசன்,சியாமளா பதிப்பகம்,1999,15.00,கவிதைகள்,
2112,,2112,புரட்சி நெஞ்சங்களே ,தமிழ்ப்பிரதி ,செயலக்குமி பதிப்பகம்,1975,2.50,கவிதைகள்,
2113,,2113,இரவுப் பாடகன்,ஈரோடு தமிழன்பன்,பூம்புகார் பதிப்பகம்,2003,60.00,கவிதைகள்,
2114,,2114,உமர்கயாம் கவிதை நயங்கள் ,தமிழ்வாணன் ,மணிமேகலைப் பிரசுரம்,1998,13.00,கவிதைகள்,
2115,,2115,பாரதியும் பெண்மையும் ,தமிழ்வாணன் ,மணிமேகலைப் பிரசுரம்,1985,10.50,கவிதைகள்,
2116,,2116,ஊர் சுற்றி வந்த ஓசை ,ஈரோடு தமிழன்பன்,பூம்புகார் பதிப்பகம்,20002,32.50,கவிதைகள்,
2117,,2117,என் வீட்டு எதிரே ஒரு எருக்கஞ்செடி ,தமிழன்பன்,பூம்புகார் பதிப்பகம்,2004,30.00,கவிதைகள்,
2118,,2118,சிகரங்கள் மேல் விரியும் சிறகுகள்,தமிழன்பன்,திருமகள் நிலையம்,1995,23.00,கவிதைகள்,
2119,,2119,சிகரங்கள் மேல் விரியும் சிறகுகள்,தமிழன்பன்,பூம்புகார் பதிப்பகம்,2004,31.50,கவிதைகள்,
2120,,2120,தமிழோவியம் ,தமிழன்பன்,பூம்புகார் பதிப்பகம்,2002,70.00,கவிதைகள்,
2121,,2121,தோணி வருகிறது,தமிழன்பன் ,பூம்புகார் பதிப்பகம்,2002,25.00,கவிதைகள்,
2122,,2122,அந்த நந்தனை எரித்த நெருப்பின் மிச்சம்,தமிழன்பன் ,பூம்புகார் பதிப்பகம்,1994,12.50,கவிதைகள்,
2123,,2123,மின்மினிக்காடு,தமிழன்பன் ,பூம்புகார் பதிப்பகம்,2006,25.00,கவிதைகள்,
2124,,2124,உள்ளேவா...  உன்னை கவினராக்குகிறேன்...,தா.சந்திரசேகரன்,விஜயா பதிப்பகம்,2005,40.00,கவிதைகள்,
2125,,2125,கீதாஞ்சலி,தாகூர்,ஸ்டார் பிரசுரம்,1950,2.00,கவிதைகள்,
2126,,2126,தாகூரின் புதிய கவிதைகள்,தாகூர்,அழகு பதிப்பகம்,1965,,கவிதைகள்,
2127,,2127,ஒருகதவும் கொஞ்சம் கள்ளிப்பாலும் ,தாமரை  ,குமரன் பதிப்பகம்,2002,40.00,கவிதைகள்,
2129,,2129,தமிழ்மயில்,தி.ந.அறிவுஒளி,தி.ந.அறிவு ஒளி,1993,40.00,கவிதைகள்,
2130,,2130,தமிழ்மயில்,தி.ந.அறிவுஒளி,தி.ந.அறிவு ஒளி,1993,40.00,கவிதைகள்,
2131,,2131,காலி (தவிக்க வைக்கும் தண்ணீர்  கதை),தி.முருகன்,கிழக்கு பதிப்பகம்,2007,50.00,சிறுகதைகள்,
2132,,2132,பொதுமை வேட்டல்,திரு.வி.க,சாது அச்சுக்கூடம்,1947,,கவிதைகள்,
2133,,2133,பொதுமை வேட்டல்,திரு.வி.க,பூம்புகார் பதிப்பகம்,1994,25.00,கவிதைகள்,
2134,,2134,கருப்பு வெளிச்சம் ,துரை.வசந்தராசன் ,அப்பல்லோ பதிப்பகம்,1991,,கவிதைகள்,
2135,,2135,முதற்காதல்,துரைசாமி,பழனி பிரசுரம்,1950,,கவிதைகள்,
2136,,2136,புதுதமிழ் கவிமலர்கள்,தென்மொழி,#,,,கவிதைகள்,
2137,,2137,தமிழுக்குதலை,தொல்காப்பியன்,எத்திராஜ் பதிப்பகம்,2002,40.00,கவிதைகள்,
2138,,2138,மனிதம் எனது மதம் ,நவகவி,நவயுகம்,2001,55.00,கவிதைகள்,
2139,,2139,திருமலை பூவை,நவரசன்,நாவரசன் பதிப்பகம்,1973,2.00,கவிதைகள்,
2140,,2140,தமிழ்வாணன் வரலாறு,நவீன்,நால்வர் நூலகம்,1977,,கவிதைகள்,
2141,,2141,மழையும் ஜீவநதியும்,நா.காமராசன்,தமிழ்ப் புத்தகாலயம்,1980,6.00,கவிதைகள்,
2142,,2142,கருப்பு மலர்கள் ,நா.காமராசன் ,திருமகள் நிலையம்,1999,22.00,கவிதைகள்,
2143,,2143,எண்ணத்தில் பூத்த எழில் மலர்கள் ,நா.சீ.வரதராசன் ,லோகேஷ் பதிப்பகம்,1990,10.00,கவிதைகள்,
2144,,2144,சந்தைக்கு வராத சங்கதிகள் ,நா.நந்தகோபால்,ஜோதி பதிப்பகம்,1992,,கவிதைகள்,
2146,,2146,குழந்தைகள் நிறைந்த வீடு,நா.முத்துக்குமார்,மதி நிலையம்,2000,30.00,கவிதைகள்,
2147,,2147,நியூட்டனின் மூன்றாம் விதி,நா.முத்துக்குமார்,தாமரைச் செல்வி பதிப்பகம்,1999,25.00,கவிதைகள்,
2148,,2148,நியூட்டனின் மூன்றாம் விதி,நா.முத்துக்குமார்,குமரன் பதிப்பகம்,1999,30.00,கவிதைகள்,
2149,,2149,பட்டாம்பூச்சி விற்பவன் ,நா.முத்துக்குமார்,பட்டாம்பூச்சி பதிப்பகம்,2016,60.00,கவிதைகள்,
2150,,2150,நெருப்பிலே குளிக்காத நிலவு,நாகநந்தி ,பிரமிளா பதிப்பகம்,1994,25.00,கவிதைகள்,
2151,,2151,சிலுவையில் மகாத்மா ,நாதமுனி,நாதம் வெளியீடு,1999,25.00,கவிதைகள்,
2152,,2152,சிலுவையில் மகாத்மா ,நாதமுனி ,நாதம் வெளியீடு,1999,25.00,கவிதைகள்,
2153,,2153,கல்வெட்டுக்கள் (கவிதைகள்),நாவழகன் ,பூவரசன் வெளியீடு,1976,2.00,கவிதைகள்,
2154,,2154,அரபிக் கவிதைக்கு ஆரத்தி,நிர்மலா சுரேஷ்,பூம்புகார் பதிப்பகம்,1999,32.00,கவிதைகள்,
2155,,2155,எப்போதும் உதயம்,நிர்மலா சுரேஷ்,பூம்புகார் பதிப்பகம்,1999,25.00,கவிதைகள்,
2156,,2156,பாலைவனப் பௌரணமிகள்,நிர்மலா சுரேஷ்,பூம்புகார் பதிப்பகம்,1999,25.00,கவிதைகள்,
2157,,2157,பௌர்ணமி பொழுதுகள்,நீலமணி,நீலமணி பதிப்பகம்,1990,,கவிதைகள்,
2159,,2159,தினை மயக்கம் ,நெல்லை ஜெயந்தா,குமரன் பதிப்பகம்,2004,40.00,கவிதைகள்,
2160,,2160,தென்றலோடு சில தினங்கள்,நெல்லை ஜெயந்தா,குமரன் பதிப்பகம்,2005,40.00,கவிதைகள்,
2161,,2161,புயலும் பூபாளமும் ,ப.ஜோதிவளவன்,குமாரி பதிப்பகம்,1992,30.00,கவிதைகள்,
2162,,2162,பட்டுக்கோட்டை பாடல்கள் ,பட்டு கோட்டையூர்,நியுசெஞ்சுரி புக் ஹவுஸ்,1965,3.00,கவிதைகள்,
2163,,2163,காதலின் பின்கதவு ,பழநிபாரதி,குமரன் பதிப்பகம்,2001,60.00,கவிதைகள்,
2164,,2164,புறாக்கள் மறைந்த இரவு,பழநிபாரதி,குமரன் பதிப்பகம்,2005,30.00,கவிதைகள்,
2165,,2165,புறாக்கள் மறைந்த இரவு ,பழநிபாரதி,குமரன் பதிப்பகம்,2005,30.00,கவிதைகள்,
2166,,2166,மழைப் பெண்,பழநிபாரதி,குமரன் பதிப்பகம்,2003,40.00,கவிதைகள்,
2167,,2167,முத்தங்கள் பழக்கடை,பழநிபாரதி,குமரன் பதிப்பகம்,2005,60.00,கவிதைகள்,
2168,,2168,வெளிநடப்பு,பழநிபாரதி,குமரன் பதிப்பகம்,2004,40.00,கவிதைகள்,
2169,,2169,விடியலை தேடி ,பற்குணன் ,விகோ எண்டர்பிரைசஸ்,2001,20.00,கவிதைகள்,
2170,,2170,பாரதி வழி,பா. ஜீவானந்தம்,நியுசெஞ்சுரி புக் ஹவுஸ்,1969,1.50,கவிதைகள்,
2171,,2171,கவிதை பாடும் பறவைகள் ,பா.கவியழகன் ,அனிதா பதிப்பகம்,1987,7.00,கவிதைகள்,
2172,,2172,நீயே இவ்வளவு அழகென்றால் உன் காதல்...,பா.சதீஸ்,விஜயா பதிப்பகம்,2009,30.00,கவிதைகள்,
2174,,2174,18 - வயசுல,பா.விஜய்,குமரன் பதிப்பகம்,2005,70.00,கவிதைகள்,
2176,,2176,இந்தச் சிப்பிக்குள்,பா.விஜய்,குமரன் பதிப்பகம்,2005,70.00,கவிதைகள்,
2177,,2177,இந்தச் சிப்பிக்குள்,பா.விஜய்,குமரன் பதிப்பகம்,2005,70.00,கவிதைகள்,
2178,,2178,இரண்டுக்கு ஆகாயம்,பா.விஜய்,குமரன் பதிப்பகம்,2008,90.00,கவிதைகள்,
2179,,2179,ஐஸ்கட்டி அழகி ,பா.விஜய்,குமரன் பதிப்பகம்,2007,90.00,கவிதைகள்,
2180,,2180,உடைந்த நிலாக்கள் பாகம் - 1,பா.விஜய்,குமரன் பதிப்பகம்,2001,100.00,கவிதைகள்,
2181,,2181,உடைந்த நிலாக்கள் பாகம் - 2,பா.விஜய்,குமரன் பதிப்பகம்,2003,120.00,கவிதைகள்,
2182,,2182,உடைந்த நிலாக்கள் பாகம் - 3,பா.விஜய்,குமரன் பதிப்பகம்,2004,120.00,கவிதைகள்,
2183,,2183,உடைந்த நிலாக்கள் பாகம் - 3,பா.விஜய்,குமரன் பதிப்பகம்,2004,120.00,கவிதைகள்,
2184,,2184,கண்ணாடி கல்வெட்டுகள்,பா.விஜய்,குமரன் பதிப்பகம்,2005,80.00,கவிதைகள்,
2185,,2185,காகித மரங்கள் ,பா.விஜய்,குமரன் பதிப்பகம்,2007,70.00,கவிதைகள்,
2186,,2186,காகித மரங்கள் ,பா.விஜய்,குமரன் பதிப்பகம்,2005,70.00,கவிதைகள்,
2188,,2188,தூரிகை துப்பாக்கியாகிறது,பா.விஜய்,குமரன் பதிப்பகம்,2005,50.00,கவிதைகள்,
2189,,2189,தூரிகை துப்பாக்கியாகிறது,பா.விஜய்,குமரன் பதிப்பகம்,2005,50.00,கவிதைகள்,
2191,,2191,நம்பிக்கையுடன் ,பா.விஜய்,கற்பகம் புத்தகாலயம்,2005,200.00,கவிதைகள்,
2192,,2192,நிழலில் கிடைத்த நிம்மதி,பா.விஜய்,குமரன் பதிப்பகம்,2005,50.00,கவிதைகள்,
2193,,2193,நிழலில் கிடைத்த நிம்மதி,பா.விஜய்,குமரன் பதிப்பகம்,2008,60.00,கவிதைகள்,
2194,,2194,போர்ப்புறா,பா.விஜய் ,குமரன் பதிப்பகம்,2007,,சமூக நாவல்,
2195,,2195,பெண்கள் பண்டிகை,பா.விஜய்,குமரன் பதிப்பகம்,2007,90.00,கவிதைகள்,
2196,,2196,போற்புறா,பா.விஜய்,குமரன் பதிப்பகம்,2007,150.00,கவிதைகள்,
2197,,2197,வள்ளுவர் தோட்டம் ,பா.விஜய்,குமரன் பதிப்பகம்,2010,350.00,கவிதைகள்,
2198,,2198,வானவில் பூங்கா,பா.விஜய்,குமரன் பதிப்பகம்,2002,90.00,கவிதைகள்,
2199,,2199,சில பொய்களும் சில உண்மைகளும்,பாபாரதி,வம்சி புக்ஸ்,2005,50.00,கவிதைகள்,
2200,,2200,ஆரிய உதடுகள் உன்னது,பாமரன்,அம்ருதா பதிப்பகம்,2005,40.00,அரசியல்,
2203,,2203,அழகின் சிரிப்பு ,பாரதிதாசன்,கங்கை புத்தகாலயம்,1996,5.00,கவிதைகள்,
2204,,2204,இசையமுது,பாரதிதாசன்,பாரி நிலையம்,,0.75,கவிதைகள்,
2205,,2205,இளைஞர் இலக்கியம்,பாரதிதாசன்,பாரி நிலையம்,1987,10.00,கவிதைகள்,
2206,,2206,இளைஞர் இலக்கியம்,பாரதிதாசன்,பாரி நிலையம்,1974,4.00,கவிதைகள்,
2207,,2207,கண்ணகி புரட்சி காப்பியம்,பாரதிதாசன்,அன்பு நூலகம்,1962,2.50,கவிதைகள்,
2208,,2208,காதலா கடமையா ?,பாரதிதாசன்,பாரி நிலையம்,1980,4.50,கவிதைகள்,
2209,,2209,குடும்ப விளக்கு,பாரதிதாசன்,பாரி நிலையம்,1989,10.00,கவிதைகள்,
2211,,2211,குடும்ப விளக்கு,பாரதிதாசன்,மணிவாசகர் பதிப்பகம்,1998,18.00,கவிதைகள்,
2213,,2213,சமுதாயம்,பாரதிதாசன்,பூம்புகார் பதிப்பகம்,1992,38.50,கவிதைகள்,
2214,,2214,சிறுகாப்பியங்கள்,பாரதிதாசன்,பூம்புகார் பதிப்பகம்,1992,19.00,கவிதைகள்,
2215,,2215,தமிழ்,பாரதிதாசன்,பூம்புகார் பதிப்பகம்,2004,55.00,கவிதைகள்,
2216,,2216,தமிழ் உணர்ச்சி,பாரதிதாசன்,பாரி ஆப்செட் பிரிண்டர்,1993,,கவிதைகள்,
2217,,2217,தமிழ் உணர்ச்சி,பாரதிதாசன்,மணிவாசகர் பதிப்பகம்,1993,4.00,கவிதைகள்,
2218,,2218,பண்மணித் திரள்,பாரதிதாசன்,முத்தமிழ்ச் செல்வி அச்சகம்,1995,4.00,கவிதைகள்,
2219,,2219,பாண்டியன் பரிசு,பாரதிதாசன்,கங்கை புத்தகாலயம்,1992,12.00,கவிதைகள்,
2220,,2220,பாண்டியன் பரிசு,பாரதிதாசன்,பூம்புகார் பதிப்பகம்,1992,30.00,கவிதைகள்,
2221,,2221,பாரதிதாசன் கவிதைகள்,பாரதிதாசன்,ஸ்ரீ இந்து பப்ளிகேசன்,1993,35.00,கவிதைகள்,
2222,,2222,பாரதிதாசன் கவிதைகள் ,பாரதிதாசன்,ஸ்ரீ செண்பகா பதிப்பகம்,1998,30.00,கவிதைகள்,
2223,,2223,பாரதிதாசன் கவிதைகள் - 1,பாரதிதாசன்,செந்தமிழ் நிலையம்,1980,9.10,கவிதைகள்,
2224,,2224,பாரதிதாசன் கவிதைகள் - 1,பாரதிதாசன்,செந்தமிழ் நிலையம்,1970,3.50,கவிதைகள்,
2225,,2225,பாரதிதாசன் கவிதைகள் - 1,பாரதிதாசன்,பூம்புகார் பதிப்பகம்,1999,20.00,கவிதைகள்,
2226,,2226,பாரதிதாசன் கவிதைகள் - 2,பாரதிதாசன்,கங்கை புத்தகாலயம்,1992,8.00,கவிதைகள்,
2227,,2227,பாரதிதாசன் கவிதைகள் - 2,பாரதிதாசன்,பாரி நிலையம்,1961,2.75,கவிதைகள்,
2228,,2228,பாரதிதாசன் கவிதைகள் - 3 ,பாரதிதாசன்,கங்கை புத்தகாலயம்,1992,14.00,கவிதைகள்,
2229,,2229,பாரதிதாசன் கவிதைகள் - 4,பாரதிதாசன்,,,,கவிதைகள்,
2230,,2230,பாரதிதாசன் கவிதைகள் (இயற்கை),பாரதிதாசன்,பூம்புகார் பதிப்பகம்,1992,16.60,கவிதைகள்,
2231,,2231,புகழ் மலர்கள் ,பாரதிதாசன்,பூம்புகார் பதிப்பகம்,1976,4.50,கவிதைகள்,
2232,,2232,மணிமேகலை வெண்பா,பாரதிதாசன்,அன்பு நூலகம்,1962,4.50,கவிதைகள்,
2233,,2233,பகவத் கீதை,பாரதியார்,பூம்புகார் பதிப்பகம்,1994,19.20,ஆன்மீகம்,
2234,,2234,பாரதியார் கவிதைகள் (முழுவதும்),பாரதியார்,திருமகள் நிலையம்,2008,45.00,கவிதைகள்,
2236,,2236,பாரதியார் கவிதைகள் ,பாரதியார் ,பூம்புகார் பதிப்பகம்,2001,45.00,கவிதைகள்,
2237,,2237,களத்து மேடு ,பாரிகபிலன் ,கவின் வெளியீடு,2001,30.00,கவிதைகள்,
2238,,2238,யூஸிப்  ஜீலைலா,பாஸ்கரன்,யுனிவர்சல் பப்ளிகேசன்ஸ்,1957,3.80,கவிதைகள்,
2239,,2239,காகித இதயம்,பி.ச.ரகு வி.வீரமணி,மங்கை பதிப்பகம்,2001,30.00,கவிதைகள்,
2240,,2240,ஈரோடு தமிழர் உயிரோடு,பிரபஞ்சன் ,கவிதா பப்ளிகேசன்,1998,40.00,கவிதைகள்,
2241,,2241,அன்புடன் இதயம் ,புகாரி,சபரி பப்ளிகேசன்ஸ்,2003,38.00,கவிதைகள்,
2242,,2242,புதுமைப்பித்தன் கவிதைகள்,புதுமை பித்தன்,ஸ்டார் பிரசுரம்,1957,2.00,கவிதைகள்,
2245,,2245,முப்பால் முதல்வன் திருவள்ளுவர் காவியம்,"புலவர் நாஞ்சில் 
நாரண.தொல்காப்பியன்",கலைவாணி புத்தகநிலையம்,2004,70.00,கவிதைகள்,
2247,,2247,காதல் ஒரு கனவு,புஷ்பா தங்கதுரை ,பூம்புகார் பதிப்பகம்,2006,50.00,சமூக நாவல்,
2248,,2248,பொழுதே விடிந்தாய் யாருக்கு ?,பூ.வேந்தன்,பூவேந்தன் பதிப்பகம்,1990,10.00,கவிதைகள்,
2249,,2249,முதல் காதல் கவிதை,பூங்காற்று தன்சேகர்,குமரன் பதிப்பகம்,2003,30.00,கவிதைகள்,
2250,,2250,பாரதியார் கதைகள்(முழுவதும்),பூம்புகார் பதிப்பகம் ,பூம்புகார் பதிப்பகம்,2002,52.50,சிறுகதைகள்,
2251,,2251,கற்பனை ஊற்று,பெருஞ்சித்திரனார்,தென்மொழி அச்சகம்,1971,2.50,கவிதைகள்,
2252,,2252,கனிச்சாறு - 1,பெருஞ்சித்திரனார்,தென்மொழி அச்சகம்,1999,50.00,கவிதைகள்,
2253,,2253,பாவியக்  கொத்து,பெருஞ்சித்திரனார்,தென்மொழி அச்சகம்,1985,25.00,கவிதைகள்,
2254,,2254,பாவேந்தர் பாரதிதாசன்,பெருஞ்சித்திரனார்,தென்மொழி அச்சகம்,1984,25.00,கவிதைகள்,
2255,,2255,வாசவதத்தை,பெருமாள்,வானதி பதிப்பகம்,1969,2.00,கவிதைகள்,
2256,,2256,ஐக்கூ 500,பேபிகாரன் ,சன் புக்ஸ்,2001,30.00,கவிதைகள்,
2257,,2257,கவிதைத் தென்றல் ,பொண்ணுசாமி,மகரந்தம் பதிப்பகம்,1993,16.00,கவிதைகள்,
2258,,2258,இளஞ்சோலை,பொழிலரசு,கண்ணம்மாள் பதிப்பகம்,1997,16.00,சிறுவர் நூல்கள்,
2259,,2259,சிறகடிக்கும் வசந்தங்கள் ,பொழிலரசு,கண்ணம்மாள் பதிப்பகம்,1996,20.00,கவிதைகள்,
2260,,2260,சிறகடிக்கும் வசந்தங்கள் ,பொழிலரசு,கண்ணம்மாள் பதிப்பகம்,1996,20.00,கவிதைகள்,
2261,,2261,சிறகடிக்கும் வசந்தங்கள் ,பொழிலரசு ,கண்ணம்மாள் பதிப்பகம்,1996,20.00,கவிதைகள்,
2262,,2262,ஒரு இதயத்தின் ஏக்கம்,பொன் அடியான்,இந்திரா பதிப்பகம்,1969,1.50,கவிதைகள்,
2263,,2263,கவிதை அல்ல காதல்,பொன்.சுதா,விஜயா பதிப்பகம்,1998,20.00,கவிதைகள்,
2264,,2264,இயல்பு,பொன்குமார் ,எழுத்தாளர் மன்றம்,1999,20.00,கவிதைகள்,
2265,,2265,காதலும் வீரமும் ,மொன்.மாணிக்கம் ,விஷ்ணு-மதன்-கோபி வெளியீடு,2000,25.00,கவிதைகள்,
2266,,2266,மகாகவிபாரதியார் கவிதைகள்,மகாகவி பாரதியார்,பாரதி பதிப்பகம்,1959,1.85,கவிதைகள்,
2267,,2267,கோட்டின் கீழே புள்ளிகள் ,மங்களா,ரஞ்சிதம் பதிப்பகம்,1983,5.00,கவிதைகள்,
2268,,2268,மனிதநேய மலர்கள் ,மதுரை மாறன் ,மணிமேகலைப் பிரசுரம்,1998,25.00,கவிதைகள்,
2270,,2270,வாழ்க வளமுடன் ,மலை மணிவாசம் ,சிலம்பரசன் பதிப்பகம்,1993,,கவிதைகள்,
2271,,2271,மாணிக்கப் பரல்கள் ,மலை.மணிவாசகம் ,சிலம்பரசன் பதிப்பகம்,1997,20.00,கவிதைகள்,
2272,,2272,கீர்த்தியின் கீர்த்தி ,மா.செங்குட்டுவன்,வாசவன் பதிப்பகம்,1995,10.00,கவிதைகள்,
2273,,2273,பாவிய பொத்து,மாணிக்கம் ,தென்மொழி அச்சகம்,1969,,கவிதைகள்,
2274,,2274,ஐக்கூ வடிவில் திருக்குறள்,மித்ராஸ் வெளியீடு ,மித்ரஸ் வெளியீடு,2008,90.00,கவிதைகள்,
2276,,2276,கனவுகள் + கற்பனைகள் =  காகிதங்கள் ,மீரா ,அகரம் பதிப்பகம்,2001,50.00,கவிதைகள்,
2277,,2277,கனவுகள் + கற்பனைகள் = காகிதங்கள்,மீரா,அகரம் பதிப்பகம்,2001,50.00,கவிதைகள்,
2278,,2278,குக்கூ,மீரா,அகரம் பதிப்பகம்,2002,30.00,கவிதைகள்,
2279,,2279,கோடையும் வசந்தமும்,மீரா,அகரம் பதிப்பகம்,2002,60.00,கவிதைகள்,
2281,,2281,உலகத் தமிழ் ,மு.மகிழரசன் ,சுடர்மொழியியல் பதிப்பகம்,1994,7.50,கவிதைகள்,
2282,,2282,அவளும் நட்சத்திரங்கள்,மு.மேத்தா ,விஜயா பதிப்பகம்,1978,5.50,கவிதைகள்,
2283,,2283,ஊர்வலம்,மு.மேத்தா,விஜயா பதிப்பகம்,1982,6.00,கவிதைகள்,
2284,,2284,ஊர்வலம் ,மு.மேத்தா ,திருமகள் நிலையம்,1998,28.00,கவிதைகள்,
2285,,2285,கண்ணீர் பூக்கள்,மு.மேத்தா,தமிழ்ப் புத்தகாலயம்,1974,5.00,கவிதைகள்,
2286,,2286,கண்ணீர் பூக்கள் ,மு.மேத்தா ,திருமகள் நிலையம்,1991,11.00,கவிதைகள்,
2287,,2287,காத்திருந்த காற்று,மு.மேத்தா ,பாரி நிலையம்,1982,7.50,கவிதைகள்,
2288,,2288,சோழநிலா,மு.மேத்தா ,வானதி பதிப்பகம்,1982,17.00,கவிதைகள்,
2289,,2289,திருவிழாவில் ஒரு தெருப்பாடகன் ,மு.மேத்தா,திருமகள் நிலையம்,2004,28.00,கவிதைகள்,
2290,,2290,திருவிழாவில் ஒரு தெருப்பாடகன் ,மு.மேத்தா ,திருமகள் நிலையம்,2000,26.00,கவிதைகள்,
2291,,2291,நந்தவன நாட்கள் ,மு.மேத்தா,திருமகள் நிலையம்,2004,28.00,கவிதைகள்,
2292,,2292,நாயகம் ஒரு காவியம் ,மு.மேத்தா ,திருமகள் நிலையம்,1994,90.00,கவிதைகள்,
2293,,2293,மனச்சிறகு,மு.மேத்தா ,பாரதி பதிப்பகம்,1992,12.00,கவிதைகள்,
2294,,2294,மனச்சிறகு,மு.மேத்தா ,விஜயா பதிப்பகம்,1981,4.50,கவிதைகள்,
2296,,2296,பாரதியார் கதைகள்,மு.வரதராசனார்,பூம்புகார் பதிப்பகம்,1989,19.50,கவிதைகள்,
2297,,2297,வலவனின் வண்ணச் சிறகுகள் ,மு.வலவன் ,முத்தையன் பதிப்பகம்,1989,20.00,கவிதைகள்,
2298,,2298,பாம்பனார் புகழ்காதை,மு.வலவன் ,முத்தையன் பதிப்பகம்,1997,25.00,கவிதைகள்,
2299,,2299,ஆ… (காதலை உணர்ந்தவளுக்கு),முகில்,துடிப்புகள்,2003,45.00,கவிதைகள்,
2300,,2300,தமிழர் படையே புறப்படு,முருகமணி,செவ்வேள் பதிப்பகம்,2001,30.00,கவிதைகள்,
2301,,2301,இன்னும் என் உறக்கம்,முருகேசன்,முல்லை.ர.முருகேசன்,2001,30.00,கவிதைகள்,
2302,,2302,பாவையின் பாடல் ,முலை நிலவழகன்,வானளாவிய தமிழ்ப் பேரவை,2013,60.00,கவிதைகள்,
2304,,2304,வாழ்க நீ எம்மான் ,மே.வீ.வேணுகோபால்,கவியரசன் பதிப்பகம்,1969,3.00,கவிதைகள்,
2305,,2305,மோகன ரங்கன் கவிதைகள்,மோகனரங்கன்,பாரி நிலையம்,1968,2.00,கவிதைகள்,
2306,,2306,காதல் பிசாசே,யுகபாரதி,மித்ரா புக்ஸ்,2003,50.00,கட்டுரைகள்,
2307,,2307,பஞ்சாரம்,யுகபாரதி,ராஜேஸ்வரி புத்தக நிலையம்,1999,20.00,கவிதைகள்,
2308,,2308,பஞ்சாரம்,யுகபாரதி,ராஜேஸ்வரி புத்தக நிலையம்,1999,20.00,கவிதைகள்,
2309,,2309,வாழும் வள்ளுவரே வாழி!,யோகானந்தன்,கவிஞர் குரல்,2009,100.00,கவிதைகள்,
2310,,2310,லெனின் கவிதாஞ்சலி,ரகுநாதன்,நியுசெஞ்சுரி புக் ஹவுஸ்,1970,3.00,கவிதைகள்,
2311,,2311,புல்வெளிப் பாதை ,ராசி.அழகப்பன் ,குமரன் பதிப்பகம்,2001,50.00,கவிதைகள்,
2313,,2313,நெஞ்சக் கனல்கள் ,ராஜகோபாலன்,ஒளி பதிப்பகம்,1992,12.00,கவிதைகள்,
2314,,2314,மினி அம்மா,ராஜம்,பழனி பிரசுரம்,1961,1.00,கவிதைகள்,
2317,,2317,உபரி வடைகளின் நகரம்,லிபிஆரண்யா,சந்தியா பதிப்பகம்,2013,50.00,கவிதைகள்,
2319,,2319,கவிதை கதிர்கள் - 2016,வசந்த வாசல் பதிப்பகம் ,வசந்த வாசல் பதிப்பகம் ,2016,250.00,கவிதைகள்,
2320,,2320,அ.மருதகாசி பாடல்கள்,மருதகாசி,திருமகள் நிலையம்,1986,25.00,கவிதைகள்,
2321,,2321,கவிதை வானம் - 2012,வசந்தவாசல் வெளியீடு,வசந்த வாசல் பதிப்பகம் ,2012,200.00,கவிதைகள்,
2322,,2322,அழகுக்கு அவள் என்று பெயர்,வசீகரன்,ராஜேஸ்வரி புத்தக நிலையம்,2001,24.00,கவிதைகள்,
2323,,2323,இருண்ட மேகங்கள்,வா.மு.சேதுராமன்,கவியரசன் பதிப்பகம்,1986,15.00,கவிதைகள்,
2324,,2324,இருபது கட்டளைகள் ,வா.மு.சேதுராமன்,கவியரசன் பதிப்பகம்,1977,9.00,கவிதைகள்,
2325,,2325,உள்ளத்தின் ஓசை ,வா.மு.சேதுராமன்,கவியரசன் பதிப்பகம்,1984,7.00,கவிதைகள்,
2326,,2326,காலக்கனி,வா.மு.சேதுராமன்,தமிழ்மணி புத்தகபண்ணை,1985,9.00,கவிதைகள்,
2328,,2328,தமிழ்நடைப் பாவை,வா.மு.சேதுராமன்,கவியரசன் பதிப்பகம்,1994,15.00,கவிதைகள்,
2329,,2329,தராசு செவ்சென்கோ கவிதைகள் ,வா.மு.சேதுராமன்,கவியரசன் பதிப்பகம்,1986,15.00,கவிதைகள்,
2330,,2330,மங்களமாய் வாழவேண்டும் ,வா.மு.சேதுராமன்,தமிழ்மணி புத்தகபண்ணை,1984,7.00,கவிதைகள்,
2332,,2332,வாரந்தோறும் வாலி,வாலி,குமரன் பதிப்பகம்,2008,200.00,கவிதைகள்,
2333,,2333,அவதார புருஷன் ,வாலி ,விகடன் பதிப்பகம்,1996,35.00,கவிதைகள்,
2334,,2334,சந்தோசப் பூக்கள் ,வி.ஜி.சந்தோசம் ,சந்தனம்மாள் பதிப்பகம்,1994,40.00,கவிதைகள்,
2335,,2335,விக்ரமாதித்தன் கவிதைகள்,விக்ரமாதித்தன்,புதுமைபித்தன் பதிப்பகம்,2001,100.00,கவிதைகள்,
2336,,2336,விதுராவின் கவிதைகள் ,விதுரா,ராணி பதிப்பகம்,1999,25.00,கவிதைகள்,
2337,,2337,விதுராவின் கவிதைகள் ,விதுரா ,ராணி பதிப்பகம்,1999,25.00,கவிதைகள்,
2338,,2338,எண்ணங்களே கவிதையாய் ,விஜயலக்ஷ்மி ,விஜயா பப்ளிகேசன்,2002,30.00,கவிதைகள்,
2339,,2339,கம்பதாசன் கவிதை திரட்டு,விஜேயேந்திரன்,அல்லயன்ஸ்,1987,25.00,கவிதைகள்,
2340,,2340,சிலோன் விஜயேந்திரன் கவிதைகள்,விஜேயேந்திரன்,பிரகாஷ் பிரசுரம்,1989,10.00,கவிதைகள்,
2342,,2342,மூன்றாம் உலகை நோக்கி ,வீ.சே.கந்தசாமி ,கலைவாணி புத்தகநிலையம்,1990,12.50,கவிதைகள்,
2343,,2343,பஞ்சதந்திர பாடல்கள் ,வீரமர்த்தாண்டன் தேவர்,புக்ஸ் (இந்தியா),1958,1.25,கவிதைகள்,
2344,,2344,அறிவாயுதம்,வெண்முகிலன்,பண்பு நிலையம்,1986,,கவிதைகள்,
2345,,2345,அதிகாலை ,வெற்றிவேல் ,கங்கை புத்தகாலயம்,1998,30.00,கவிதைகள்,
2347,,2347,காதலாகி கடுப்பாகி ,வே.மதிமாறன்,குடியரசு பதிப்பகம்,1999,20.00,கவிதைகள்,
2348,,2348,இதய மலர்கள்,வேலாயுதம்,அன்பு நிலையம்,1967,1.75,கவிதைகள்,
2349,,2349,உலகம் யாவையும்,வை.கபிலன்,சூர்யா பதிப்பகம்,2000,40.00,கவிதைகள்,
2351,,2351,இரத்த தானம்,வைரமுத்து,சூர்யா பதிப்பகம்,1994,15.00,கவிதைகள்,
2352,,2352,இரத்த தானம் ,வைரமுத்து ,சூர்யா பதிப்பகம்,2000,20.00,கவிதைகள்,
2353,,2353,இன்னொரு தேசியகீதம்,வைரமுத்து,சூர்யா பதிப்பகம்,1993,20.00,கவிதைகள்,
2354,,2354,இன்னொரு தேசியகீதம் ,வைரமுத்து ,சூர்யா பதிப்பகம்,2002,40.00,கவிதைகள்,
2355,,2355,எல்லா நதியிலும் என் ஓடம் ,வைரமுத்து,சூர்யா பதிப்பகம்,2011,90.00,கவிதைகள்,
2356,,2356,கல்வெட்டுக்கள்,வைரமுத்து,திருமகள் நிலையம்,2008,40.00,கட்டுரைகள்,
2357,,2357,கவிராஜன் கதை ,வைரமுத்து ,திருமகள் நிலையம்,2005,50.00,கவிதைகள்,
2358,,2358,காவிநிறத்தில் ஒரு காதல்,வைரமுத்து ,சூர்யா பதிப்பகம்,1994,30.00,கவிதைகள்,
2359,,2359,"கொஞ்சம் தேனீர், நிறைய வானம்",வைரமுத்து,சூர்யா பதிப்பகம்,2005,75.00,கவிதைகள்,
2360,,2360,தண்ணீர் தேசம் ,வைரமுத்து ,சூர்யா பதிப்பகம்,,,சமூக நாவல்,
2362,,2362,தமிழுக்கு நிறம் உண்டு ,வைரமுத்து,சூர்யா பதிப்பகம்,2010,70.00,கவிதைகள்,
2363,,2363,தமிழுக்கு நிறம் உண்டு ,வைரமுத்து ,சூர்யா பதிப்பகம்,1997,35.00,கவிதைகள்,
2364,,2364,திருத்தி எழுதிய தீர்ப்புகள்,வைரமுத்து,சூர்யா பதிப்பகம்,2005,40.00,கவிதைகள்,
2365,,2365,நேற்று போட்ட கோலம் ,வைரமுத்து ,சூர்யா பதிப்பகம்,2005,40.00,கவிதைகள்,
2367,,2367,பெய்யெனப் பெய்யும் மழை,வைரமுத்து,சூர்யா பதிப்பகம்,2010,120.00,கவிதைகள்,
2368,,2368,மீண்டும் சரஸ்வதி,பொன்மணிவைரமுத்து ,சூர்யா பதிப்பகம்,2000,65.00,கவிதைகள்,
2369,,2369,மௌனத்தின் சப்தங்கள்,வைரமுத்து,சூர்யா பதிப்பகம்,2005,30.00,கவிதைகள்,
2370,,2370,வைகறை மேகங்கள் ,வைரமுத்து,சூர்யா பதிப்பகம்,1995,20.00,கவிதைகள்,
2371,,2371,வைரமுத்து கவிதைகள் ,வைரமுத்து ,திருமகள் நிலையம்,2002,300.00,கவிதைகள்,
2372,,2372,வைரமுத்து திரைப்பாடல்கள் - 1,வைரமுத்து,சூர்யா பதிப்பகம்,1994,40.00,கவிதைகள்,
2374,,2374,கவிதை வாங்கலியோ கவிதை,ஜீவன்,நர்மதா பதிப்பகம்,1996,20.00,கவிதைகள்,
2375,,2375,காமன் மகள்,ஜம்தக்னி,,1956,,கவிதைகள்,
2376,,2376,மனோன்மணீயம்,ஜெய சந்திரன்,வர்த்தமானன் பதிப்பகம்,1967,3.50,கவிதைகள்,
2377,,2377,ஈழத்து மண்ணும் எங்கள் முகங்களும் ,ஜெயபாலன் ,காந்தளகம்,1999,30.00,கவிதைகள்,
2378,,2378,ஜெயபாஸ்கரன் கவிதைகள் ,ஜெயபாஸ்கரன் ,வழுதி வெளியீட்டகம்,2002,50.00,கவிதைகள்,
2379,,2379,பெயரற்ற யாத்ரிகன்,ஜென் கவிதைகள்,உயிர்மை பதிப்பகம்,2003,110.00,கவிதைகள்,
2380,,2380,இயேசு காவியம் ,கண்ணதாசன்,கலைக்காவிரி பதிப்பகம்,1997,30.00,கவிதைகள்,
2381,,2381,ஒரு மழை இரவும் ஓராயிரம் ஈசல்களும்,சேவியர்,ரிஷபம் பதிப்பகம்,2001,30.00,கவிதைகள்,
2384,,2384,தெருவில் ஒரு பாடகன்,,அன்னை வெளியீடு,1976,,கவிதைகள்,
2385,,2385,நிலா நானூறு- தொகுப்பு ,ஆற்றலரசு,மணிவாசகர் பதிப்பகம்,1999,50.00,கவிதைகள்,
2386,,2386,புதுக்கவிதை அணிவகுப்பு ,இரா.மோகன்,மணிவாசகர் பதிப்பகம்,1993,10.00,கவிதைகள்,
2387,,2387,அடுத்த பெண்கள் கல்லூரி 5 கி.மீ,தபூ சங்கர்,விஜயா பதிப்பகம்,2005,75.00,கவிதைகள்,
2388,,2388,இனிப்பு எடுத்துக் கொள்ளுங்கள்,தபூ சங்கர்,விஜயா பதிப்பகம்,2005,110.00,கவிதைகள்,
2389,,2389,கண்ணீர்ப் பூக்கள்,மு.மேத்தா,குமரன் பதிப்பகம்,2004,50.00,கவிதைகள்,
2390,,2390,கொடிமரத்தின் வேர்கள்,வைரமுத்து,சூர்யா பதிப்பகம்,2004,30.00,கவிதைகள்,
2391,,2391,என் பழைய பனை ஓலைகள்,வைரமுத்து,திருமகள் நிலையம்,2004,30.00,கவிதைகள்,
2392,,2392,கவிதை நடையில் நடக்கிறாய்,மா.புகழேந்தி,குமரன் பதிப்பகம்,2004,40.00,கவிதைகள்,
2393,,2393,தேவதையின் காலம்,அழகு நிலா,குமரன் பதிப்பகம்,2004,50.00,கவிதைகள்,
2394,,2394,தாஜ்மகாலும் ரொட்டித் துண்டும்,நா.காமராசன்,குமரன் பதிப்பகம்,2005,50.00,கவிதைகள்,
2395,,2395,அடைமழை,யுவரிஷி,ராஜேஸ்வரி புத்தக நிலையம்,2005,30.00,கவிதைகள்,
2396,,2396,புயலின் மையம்,கலீல் ஜிப்ரான்,கவிதா பப்ளிகேசன்,2000,30.00,கவிதைகள்,
2397,,2397,தூரிகைப் பூக்கள்,அர.விவேகானந்தன்,சுடர்விழி பதிப்பகம்,2017,100.00,கவிதைகள்,
2398,,2398,எண்ணச்சிதறல்,வ.க.பரமநாதன்,கலையரசி பதிப்பகம்,,150.00,கவிதைகள்,
2399,,2399,ஊமைகள் பேசுகிறார்கள்,பெருநகர் வெற்றியரசு,கௌதம் பதிப்பகம்,2009,60.00,கவிதைகள்,
2400,,2400,தரணியில் உயர்ந்தது எம் தமிழினமே,வீ.கருப்பையா,தமிழ்மணி பதிப்பகம்,2017,90.00,கவிதைகள்,
2401,,2401,காட்டுப்புறத்தான் கவிதைகள்,களப்பூர்கவி.கி.செல்வராசு,சுதாமா பதிப்பகம்,2017,100.00,கவிதைகள்,
2402,,2402,வியர்வையின் முகவரி ,புதுகை.தீ.இர,இனிய நந்தவனம் பதிப்பகம் ,2017,100.00,கவிதைகள்,
2403,,2403,நான்கு கதைப் பாடல்கள்,சு.சண்முகசுந்தரம்,சாகித்திய அக்காதெமி,2012,220.00,கவிதைகள்,
2404,,2404,சொல்பருக்கைகள்,வெற்றிப்போராளி,பத்மாலயா,2013,65.00,கவிதைகள்,
2405,,2405,வானவில் பூங்கா,பா.விஜய்,குமரன் பதிப்பகம்,2015,100.00,கவிதைகள்,
2406,,2406,நிழலில் கிடைத்த நிம்மதி,பா.விஜய்,குமரன் பதிப்பகம்,2015,50.00,கவிதைகள்,
2407,,2407,ஒரு கூடை நிலா,பா.விஜய்,குமரன் பதிப்பகம்,2015,60.00,கவிதைகள்,
2408,,2408,வனரஞ்சனி,பழநிபாரதி,குமரன் பதிப்பகம்,2016,80.00,கவிதைகள்,
2409,,2409,காட்டு நெறிஞ்சி,கவிமதி.சோலச்சி,இனிய நந்தவனம் பதிப்பகம்,2016,110.00,கவிதைகள்,
2411,,2411,கவிமலர்ச் சோலை,கவிமலர் வ.மலர்மன்னன்,கவிமலர்,2011,100.00,கவிதைகள்,
2412,,2412,நல்வழிப் பாதையில் வாழ்க்கைப் பயணம்,கவிஞர் செங்காடு தமிழ்நேசன்,மணிமேகலைப் பிரசுரம்,2017,60.00,கவிதைகள்,
2413,,2413,மாறுமோ தமிழக வறட்சி நிலை?,ச.அரிகரபுத்ரன்,மணிமேகலைப் பிரசுரம்,2017,60.00,கவிதைகள்,
2414,,2414,சூரியத் துளிகள்,கவிமுகில்,கவியரசன் பதிப்பகம்,1998,100.00,கவிதைகள்,
2415,,2415,பாட்டுக் கோட்டையார் (ஒப்பீடும்-மதிப்பீடும்),கவிஞர் செம்பை சேவியர்,இந்தியன் போஸ்ட்,2012,80.00,கவிதைகள்,
2417,,2417,பெண்ணின் பெருந்தக்க யாவுள,வாலி,வாலி பதிப்பகம்,,,கவிதைகள்,
2418,,2418,வள்ளுவம்,வாலி,வாலி பதிப்பகம்,,,கவிதைகள்,
2419,,2419,அணிலாடும் முன்றில்,நா.முத்துக்குமார்,விகடன் பிரசுரம்,2019,175.00,கவிதைகள்,
2420,,2420,தெருவெல்லாம் தேவதைகள்!,கோபிநாத்,நக்கீரன் பதிப்பகம்,,,கவிதைகள்,
2421,,2421,சிநேகிதியின் காதலர்கள்,மனுஷ்ய புத்திரன்,உயிர்மை பதிப்பகம்,2019,215.00,கவிதைகள்,
2422,,2422,கட்டபொம்மு கதைபாடல்கள்,சு.சண்முகசுந்தரம்,காவ்யா,2017,500.00,சிறுவர் நூல்கள்,
2423,,2423,கூழாங்கற்கள் பாடுகின்றன,எஸ்.ராமகிருஷ்ணன்,தேசாந்திரி பதிப்பகம்,2017,75.00,கட்டுரைகள்,
2424,,2424,அண்ணா நான்மணி மாலை மரபுக் கவிதைகள்,சு. இராசையா,பிரபாவதி பதிப்பகம்,2019,150.00,கவிதைகள்,
2425,,2425,பாரதிதாசனின் புரட்சிக்கவி புதிய பார்வை,வே.முனுசாமி,மணிமேகலைப் பிரசுரம்,2020,100.00,கவிதைகள்,
2426,,2426,தலைநிமிர் காலம்,ஆதிகவி,கலைஅரசி பதிப்பகம்,2021,150.00,கவிதைகள்,
2427,,2427,ஹைக்கூ 2020,அனுராஜ்,தமிழ்நெஞ்சம்,,,கவிதைகள்,
2450,,2450,இந்திய விடுதலைப் போர்:செந்தமிழ் தந்த சீர் ,அ.மா.சாமி,நவமணி பதிப்பகம்,1998,180.00,வரலாறு,
2451,,2451,காஷ்மீர்,அ.மார்க்ஸ்,புலம் பதிப்பகம்,2010,130.00,வரலாறு,
2453,,2453,பொலிவிய நாட்குறிப்பு  ,அமரந்தா ,தாமரைச்செல்வி பதிப்பகம்,2001,75.00,வரலாறு,
2454,,2454,தமிழரின் தத்துவ மரபு - 2,அருணன்,வசந்தம் பதிப்பகம்,2004,100.00,மொழியியல்,
2455,,2455,மூட நம்பிக்கையிலிருந்து விடுதலை,அருணன்,பாரதி புத்தகாலயம்,2010,40.00,அரசியல்,
2456,,2456,இந்திய கம்யூனிச இயக்க வரலாறு ,அருணன் ,அன்னம் பதிப்பகம்,1993,95.00,வரலாறு,
2459,,2459,மனிதன் சமூகம் வரலாறு,ஆர்.ஜெயராமன்,பாரதி புத்தகாலயம்,2011,120.00,வரலாறு,
2460,,2460,மொஹஞ்சதாரோ அல்லது சிந்துசமவெளி நாகரிகம் ,இராச மாணிக்கனார் ,நாம்தமிழர் பதிப்பகம்,2010,100.00,வரலாறு,
2461,,2461,இந்து சாம்ராஜ்ய சிற்பி சத்திரபதி சிவாஜி,இராமன்,முன்னேற்ற பதிப்பகம்,1987,15.00,வரலாறு,
2462,,2462,வரலாற்றில் மதவெறி ,உத்தம்சிங்,நியுசெஞ்சுரி புக் ஹவுஸ்,2009,50.00,வரலாறு,
2463,,2463,சோவியத் கம்யூனிஸ்ட் கட்சியின் வரலாறு ,எம்.இல்லனத் பாஷா,பி.வி.ஆர். ஆப்செட்,2006,180.00,வரலாறு,
2464,,2464,முயற்சி திருவினையாக்கும் ,எம்.சரவணன் ,ஏவிஎம் புரடெக்சன்ஸ்,1997,30.00,வாழ்க்கை வரலாறு,
2465,,2465,மனித குலா வரலாறு,எல்ல.ஏ.பெருமாள்,கஸ்தூரி பதிப்பகம்,2013,80.00,வரலாறு,
2466,,2466,மனிதன் எப்படி போராற்றல் மிக்கவன் ஆனான்,என்.சி.பி.எச்,நியுசெஞ்சுரி புக் ஹவுஸ்,2009,350.00,பொது,
2467,,2467,அமெரிக்க உளவுத்துறை FBI ரகசியங்கள்,என்.சொக்கன்,மதி நிலையம்,2011,110.00,வரலாறு,
2468,,2468,அமெரிக்கா உளவு துறை ரகசியங்கள்,ஏன்.சொக்கன்,மதி நிலையம்,2011,120.00,வரலாறு,
2469,,2469,அயோத்தி,என்.சொக்கன்,மதி நிலையம்,2012,150.00,வரலாறு,
2470,,2470,உலக கிரிக்கெட் கோப்பை வரலாறு,ஏன்.சொக்கன்,மதி நிலையம்,2012,80.00,வரலாறு,
2471,,2471,சி ஐ எ அடாவடி கோட்டை,என்.சொக்கன்,மதி நிலையம்,2012,110.00,வரலாறு,
2472,,2472,மொஸாட் (இஸ்ரேலிய உளவுத்துறை),என்.சொக்கன்,மதி நிலையம்,2011,110.00,வரலாறு,
2473,,2473,ரஷ்யா உளவு துறை KGB,ஏன்.சொக்கன்,மதி நிலையம்,2014,135.00,வரலாறு,
2474,,2474,தமிழகத்தில் கம்யூனிஸ்ட் இயக்கத்தின் தோற்றமும் & வளர்ச்சியும் (1917 - 1964),என்.ராமகிருஷ்ணன்,வைகை வெளியீடு,2002,80.00,வரலாறு,
2475,,2475,பண்டைக்கால இந்தியா  ,எஸ்.ஏ.டாங்கே ,அலைகள் வெளியீடு,1999,75.00,வரலாறு,
2476,,2476,சேரன் வஞ்சி ,எஸ்.கிருஷ்ணசாமி,பூரம் பதிப்பகம்,2000,50.00,வரலாறு,
2477,,2477,நோபல்பரிசு வென்றவர்கள் ,எஸ்.முத்தையா,ஆர் எஸ் பி பதிப்பகம்,2008,90.00,பொது அறிவு,
2478,,2478,எனது இந்தியா ,எஸ்.ராமகிருஷ்ணன்,விகடன் பதிப்பகம்,2014,390.00,வரலாறு,
2479,,2479,அயர்லாந்து போராட்டம்,எஸ்.வி.ராஜதுரை ,விடியல் பதிப்பகம்,2000,65.00,வரலாறு,
2482,,2482,"உலக வரலாறு கற்காலம் முதல் 
கம்யூட்டர் காலம் வரை",ஐ.சண்முகநாதன்,பூம்புகார் பதிப்பகம்,2009,450.00,வரலாறு,
2483,,2483,சித்தர் தத்துவம்,க.நாராயணன்,தமிழ்ப் புத்தகாலயம்,1990,35.00,ஆன்மீகம்,
2484,,2484,தமிழர் மேல் நடந்த பண்பாட்டுப் படையெடுப்புகள் ,க.ப.அறவாணன் ,பாரி நிலையம்,1991,50.00,மொழியியல்,
2485,,2485,"இருபதாம் நூற்றாண்டின் நவீன அடிமைதனம் 
மலையக மக்கள் வரலாறு",க.மோகன்ராஜ் ,ஈழ ஆய்வு நிறுவனம்,1984,10.00,வரலாறு,
2486,,2486,இலங்கையில் தமிழர் (கி.பி 300 முதல் கி.பி 2000 வரை),கலாநிதி முருகர் குணசிங்கம்,எம் வி வெளியீடு,2008,,வரலாறு,
2487,,2487,அண்ணா - ஆட்சியைப் பிடித்த வரலாறு,அருணன்,வசந்தம் வெளியீட்டகம்,2008,170.00,அரசியல்,
2488,,2488,இணையிலாச் சேரன் ,கன்னியப்பன் ,தமிழ்ப் புத்தகாலயம்,1962,8.50,வரலாறு,
2489,,2489,1800 ஆண்டுகட்கு முற்பட்ட தமிழகம்,கா.அப்பாதுரை,பூம்புகார் பதிப்பகம்,2003,120.00,வரலாறு,
2490,,2490,கூண்டு,கார்டன் வைஸ்,காலச்சுவடு பதிப்பகம்,2012,250.00,வரலாறு,
2491,,2491,இலங்கை… வரலாறு,மா.இராமசாமி,உழைப்பாளிகள் பதிப்பகம்,2009,120.00,வரலாறு,
2493,,2493,இலங்கை மூவர் ,கீரன்,சங்கப்பலகை பதிப்பகம்,1981,4.00,வரலாறு,
2494,,2494,விடுதலை வேள்வியில் தமிழகம் - 1,ஸ்டாலின் குணசேகரன் ,நிவேதிதா பதிப்பகம்,2000,300.00,மொழியியல்,
2495,,2495,விடுதலை வேள்வியில் தமிழகம் - 2,ஸ்டாலின் குணசேகரன் ,நிவேதிதா பதிப்பகம்,2000,300.00,மொழியியல்,
2496,,2496,அரப்பாவில் தமிழர் ஆட்சி,குருவிக் கரம்பை வேலு,வளவன் பதிப்பகம்,1992,5.00,மொழியியல்,
2497,,2497,எங்கிருந்தோ வந்தாள்,கே. ஏ.மதியழகன்,புதுமைப் பிரசுரம்,1969,3.00,சிறுகதைகள்,
2499,,2499,தென் இந்திய வரலாறு - 1,கே.கே.பிள்ளை ,பழனியப்பா பிரதர்ஸ்,1994,23.90,வரலாறு,
2502,,2502,கொங்குநாட்டு வரலாறு,கோ.மா.ராமச்சந்திரன்,தமிழ்க்கல்லூரி பதிப்பகம்,1987,45.00,வரலாறு,
2503,,2503,இளைஞர் தமிழக வரலாறு (முதல்பகுதி),கோவி. மணிசேகரன்,வானதி பதிப்பகம்,1977,2.50,வரலாறு,
2504,,2504,சீனாவின் வரலாறு,சாமிநாத சர்மா,விடியல் பதிப்பகம்,2008,150.00,வரலாறு,
2505,,2505,விடுதலைத் தழும்புகள் ,சு.கு.அகத்தியலிங்கம் ,தமிழ்ப் புத்தகாலயம்,1998,165.00,வரலாறு,
2506,,2506,வரலாற்றில் திருவாலங்காடு ,சு.ராசவேலு,திருமகள் நிலையம்,1997,60.00,வரலாறு,
2507,,2507,வெண்மணி படுகொலைகள்,சே.தா.சுமதி,அலைகள் வெளியீடு,2008,100.00,வரலாறு,
2508,,2508,நானும் என் தமிழும்         ,ஞானி,நிகழ் பதிப்பகம்,1999,25.00,வாழ்க்கை வரலாறு,
2509,,2509,வரலாற்று சுவை மிக்க கடிதங்கள்,தங்கவயல் லோகிதாசன்,தங்கவயல் பதிப்பகம்,1990,10.00,வரலாறு,
2511,,2511,இட ஒதுக்கீடு வரலாறு ,தனகுமார்,#,,,வரலாறு,
2512,,2512,யுவான் ஸ்வான் இந்திய பயணம்,தாமஸ் வாட்டர்ஸ்,புதுமைப்பித்தன் பதிப்பகம்,2009,140.00,வரலாறு,
2513,,2513,மாமன்னர் (இராச ராச சோழன் ),தி.இராசமாணிக்கம் ,தி.தெ.நூற்பதிப்புக் கழகம்,1980,,வரலாறு,
2517,,2517,ஹிட்லரின் கடற்போர் ,தோராளி சங்கர்,சென்னை புக்ஸ்,2012,300.00,வரலாறு,
2519,,2519,சரித்திரத்தை   சிவப்பாக்கியவர்கள்,நியூ.செண்டூரிபூட்,நியுசெஞ்சுரி புக் ஹவுஸ்,2009,50.00,வரலாறு,
2520,,2520,குமரி கண்டமா? சுமேரியா?,பா.பிரபாகரன்,கிழக்கு பதிப்பகம்,2012,150.00,மொழியியல்,
2521,,2521,"9/11, சூழ்ச்சி - வீழ்ச்சி - மீட்சி",பா.ராகவன்,மதி நிலையம்,2012,150.00,வரலாறு,
2522,,2522,ISI நிழல் அரசின் நிஜமுகம்,பா.ராகவன்,மதி நிலையம்,2012,120.00,வரலாறு,
2523,,2523,ஆயில் ரேகை ,பா.ராகவன்,மதி நிலையம்,2014,145.00,வரலாறு,
2524,,2524,ஆர்.எஸ்.எஸ் வ்ரலாறும் அரசியலும்,பா.ராகவன்,மதி நிலையம்,2014,110.00,அரசியல்,
2527,,2527,தலிபான்,பா.ராகவன்,மதி நிலையம்,2012,160.00,வரலாறு,
2528,,2528,நிலமெல்லாம் இரத்தம்,பா.ராகவன்,கிழக்கு பதிப்பகம்,2005,425.00,வரலாறு,
2530,,2530,பாகிஸ்தான் - அரசியல் வரலாறு,பா.ராகவன்,மதி நிலையம்,2012,110.00,வரலாறு,
2531,,2531,மாயவலை,பா.ராகவன்,மதி நிலையம்,2012,500.00,வரலாறு,
2532,,2532,மாவோயிஸ்ட்,பா.ராகவன்,மதி நிலையம்,2014,100.00,வரலாறு,
2534,,2534,ஈழத்தமிழனின் போராட்ட வரலாறு - 2,பாவை சந்திரன்,கண்மணி கிரியேட்டிவ்,2010,700.00,வரலாறு,
2535,,2535,வரலாற்று சுவடுகள் ,பாவை சந்திரன்,தினத்தந்தி,2010,300.00,வரலாறு,
2536,,2536,ஸ்பின்னர் பூமி,பி.எம்.சுதிர்,குமுதம்,2009,100.00,வரலாறு,
2538,,2538,என்ன செய்யலாம் இதற்காக,புகைப்பட தொகுப்பு,பென்னிக்குயிக் பதிப்பகம்,2010,500.00,வரலாறு,
2540,,2540,காவிரி : அங்கும் இங்கும்  ,பூ. அர.குப்புசாமி,காவிரி காப்புக்குழு,1998,40.00,அரசியல்,
2541,,2541,கொற்கை ,பூவண்ணன் ,கொற்கை பதிப்பகம்,1981,3.00,வரலாறு,
2543,,2543,கி.மு - கி.பி,மதன்,கிழக்கு பதிப்பகம்,2009,100.00,வரலாறு,
2544,,2544,பின் நவீனத்துவம்,மபஸ் ஆவேசன்,அலைகள் வெளியீடு,2008,40.00,வரலாறு,
2545,,2545,சங்ககால வரலாற்று ஆய்வுகள் - 1 ,மயிலை.சீனி.வேங்கடசாமி,வெற்றியரசி பதிப்பகம்,2001,60.00,மொழியியல்,
2546,,2546,சங்ககால வரலாற்று ஆய்வுகள் - 2,மயிலை.சீனி.வேங்கடசாமி,வெற்றியரசி பதிப்பகம்,2001,80.00,மொழியியல்,
2547,,2547,களப்பிரர் ஆட்சியில் தமிழகம்  ,மயிலை.சீனிவேங்கடசாமி ,விடியல் பதிப்பகம்,1975,50.00,வரலாறு,
2549,,2549,முதல் உலகப்போர்,மருதன்,கிழக்கு பதிப்பகம்,2010,160.00,வரலாறு,
2550,,2550,இந்திய பிரிவினை,மருதன்,கிழக்கு பதிப்பகம்,2008,,வரலாறு,
2551,,2551,சென்னை மாநகர் ,மா.சு.சம்பந்தம்,தமிழர் பதிப்பகம்,1978,10.00,வரலாறு,
2552,,2552,வையை,மா.ராசாமாணிக்கனார்,ATN நாகலிங்கம்,1955,0.15,வரலாறு,
2553,,2553,தமிழ் இலக்கிய வரலாறு,மு.வரதராசன்,சாகித்ய அக்காதெமி,2010,100.00,வரலாறு,
2554,,2554,யூதர்கள் - வரலாறும் வாழ்க்கையும்,முகில்,கிழக்கு பதிப்பகம்,2007,250.00,வரலாறு,
2555,,2555,அண்டார்டிகா - மர்ம கண்டத்தின் வரலாறு,முகில்,மதி நிலையம்,2012,110.00,வரலாறு,
2558,,2558,வள்ளல் பாரி,ராஜவேலு,பாரி நிலையம்,1960,2.00,வரலாறு,
2559,,2559,நள்ளிரவில் சுதந்திரம் ,வி.என்.ராகவன் ,அலைகள் வெளியீடு,1997,250.00,வரலாறு,
2560,,2560,வித்தும் விரிவும் - முத்தமிழ்மன்ற வரலாறு,வீ.கருப்பையா,முத்தமிழ் மன்றம் ஆவடி,2011,,மொழியியல்,
2561,,2561,புராதன இந்தியாவில் அரசியல்  ,வெ.சாமிநாதசர்மா ,ராஜராஜன் பதிப்பகம்,2000,65.00,வரலாறு,
2562,,2562,உலகத் தமிழ் அறிஞர்,வே.அண்ணாமலை,தமிழ்ச்செல்வி பதிப்பகம்,1970,1.75,வரலாறு,
2563,,2563,தமிழக வரலாறும் பண்பாடும்,வே.தி.செல்வம் ,மணிவாசகர் பதிப்பகம்,2002,145.00,மொழியியல்,
2564,,2564,களப்பிரர் ஆட்சியில் தமிழகம் ,வேங்கடசாமி,விடியல் பதிப்பகம்,2000,50.00,மொழியியல்,
2565,,2565,உலக சரித்திரம் - 1,ஜவஹர்லால் நேரு ,அலைகள் வெளியீடு,2002,250.00,வரலாறு,
2567,,2567,கண்டுணர்ந்த இந்தியா,ஜவஹர்லால் நேரு ,பூரம் பதிப்பகம்,2011,300.00,வரலாறு,
2569,,2569,சிந்தனையாளர் டார்வின்  ,ஜெகசிற்பியன்,பிரேமா பிரசுரம்,2000,22.00,வாழ்க்கை வரலாறு,
2570,,2570,பிரபாகரன் பேசுகிறார்,அருட்தந்தை ஜெகத்கஸ்பர்,நக்கீரன் பதிப்பகம்,2009,140.00,மொழியியல்,
2575,,2575,புகழேந்தியார்,,நிர்மலா பப்ளிகேசன்,1967,,வரலாறு,
2576,,2576,கிரீஸ் வாழ்ந்த வரலாறு,சாமிநாத சர்மா,சந்தியா,2002,165.00,வரலாறு,
2577,,2577,தம்பி ஜெயத்துக்கு,காசி ஆனந்தன்,காசி ஆனந்தன் குடில்,2009,120.00,மொழியியல்,
2578,,2578,காஷ்மீர் -அரசியல் ஆயுத வரலாறு,அ.மார்க்ஸ்,மதி நிலையம்,2014,200.00,வரலாறு,
2579,,2579,அரசியல் படுகொலைகள்,ரா.வேங்கடசாமி,சூரியன் பதிப்பகம்,2015,150.00,வரலாறு,
2581,,2581,மறக்க முடியுமா (வீரம் விளைந்த ஈழம் -1),அருட்தந்தை ஜெகத்கஸ்பர்,நக்கீரன் பதிப்பகம்,2009,150.00,மொழியியல்,
2582,,2582,பேசுகிறார் பிரபாகரன் (வீரம் விளைந்த ஈழம் -2),அருட்தந்தை ஜெகத்கஸ்பர்,நக்கீரன் பதிப்பகம்,2009,140.00,மொழியியல்,
2583,,2583,ஓரு போராளியின் கடிதம் (வீரம் விளைந்த ஈழம் -3),அருட்தந்தை ஜெகத்கஸ்பர்,நக்கீரன் பதிப்பகம்,2010,150.00,மொழியியல்,
2584,,2584,தமிழர்களே தமிழர்களே (வீரம் விளைந்த ஈழம் -4),அருட்தந்தை ஜெகத்கஸ்பர்,நக்கீரன் பதிப்பகம்,2010,140.00,மொழியியல்,
2585,,2585,மஞ்சள் பிசாசு (தங்கத்தின் கதை),அவி.அனிக்கின்,சாருபிரபா பப்ளிகேசன்,2017,200.00,பொது அறிவு,
2586,,2586,காஷ்மீர் (முதல் யுத்தம்),பி.ஆர்.மகாதேவன்,கிழக்கு பதிப்பகம்,2011,360.00,வரலாறு,
2587,,2587,லீ குவான் இயூ,ஆதனூர் சோழன்,சாருபிரபா பப்ளிகேசன்,2016,100.00,வாழ்க்கை வரலாறு,
2588,,2588,பயங்கரவாதம் (நேற்று இன்று நாளை),பி.ராமன்,கிழக்கு பதிப்பகம்,2012,290.00,வரலாறு,
2591,,2591,போரும் சமாதானமும் (தேசத்தின் குரல்),ஆண்டன் பாலசிங்கம்,தமிழர் தாயகம் வெளியீடு,2015,500.00,வரலாறு,
2592,,2592,அமெரிக்க பேரரசின் ரகசிய வரலாறு,அசோகன் முத்துசாமி,பாரதி புத்தகாலயம்,2014,250.00,வரலாறு,
2593,,2593,பிரியங்கா-நளினி சந்திப்பும்,நளினி முருகன்,யாழ் பதிப்பகம்,2016,500.00,அரசியல்,
2594,,2594,சீனா விலகும் திரை,பல்லவி ஐயர்,கிழக்கு பதிப்பகம்,2009,300.00,வரலாறு,
2596,,2596,சீக்கியர்கள் (மதம் - அரசியல் - வரலாறு),எஸ்.கிருஷ்ணன்,கிழக்கு பதிப்பகம்,2016,160.00,வரலாறு,
2597,,2597,சிவந்த மண்,கே.என்.சிவராமன்,சூரியன் பதிப்பகம்,2017,400.00,வரலாறு,
2598,,2598,இந்திய உளவுத்துறை (RAW),குகன்,We can Books,2017,140.00,வரலாறு,
2599,,2599,மாயவலை,பா.ராகவன்,மதி நிலையம்,2015,1000.00,வரலாறு,
2600,,2600,அன்னை தெரசா ,ஆர்.முத்துக்குமார்,கிழக்கு பதிப்பகம்,2007,60.00,வாழ்க்கை வரலாறு,
2601,,2601,என் பெயர் மரியாட்டு,அஞ்சனாதேவி,விகடன் பிரசுரம்,2010,95.00,வரலாறு,
2602,,2602,எனது போராட்டம்,அடால்பு ஹிட்லர்,சாந்தி பப்ளிகேசன்,2001,125.00,வாழ்க்கை வரலாறு,
2603,,2603,ஏழையின் சிரிப்பில் இறைவன்  ,அந்தோணிராஜராஜன் ,சமாரித்தன் பதிப்பகம்,1992,10.00,வாழ்க்கை வரலாறு,
2604,,2604,அக்னிச் சிறகுகள்,அப்துல்கலாம்,கண்ணதாசன் பதிப்பகம்,2002,100.00,வாழ்க்கை வரலாறு,
2606,,2606,அக்னிச் சிறகுகள்,அப்துல்கலாம்,கண்ணதாசன் பதிப்பகம்,2004,100.00,வாழ்க்கை வரலாறு,
2607,,2607,எழுச்சி தீபங்கள்,அப்துல்கலாம்,கண்ணதாசன் பதிப்பகம்,2009,60.00,பொது அறிவு,
2610,,2610,இந்திய கம்யூனிச இயக்க வரலாறு,அருணன்,பாரதி பதிப்பகம்,2009,300.00,வரலாறு,
2611,,2611,அருணகிரிநாதர்,அருணா நடராசன்,காமதேனு பதிப்பகம்,1997,36.00,வாழ்க்கை வரலாறு,
2612,,2612,காரல் மார்க்ஸ் ,அஜயன் பாலா,விகடன் பிரசுரம்,2011,50.00,வாழ்க்கை வரலாறு,
2613,,2613,சார்லி சாப்ளின்,அஜயன் பாலா ,விகடன் பிரசுரம்,2009,55.00,வாழ்க்கை வரலாறு,
2614,,2614,சேகுவாரா ,அஜயன் பாலா,விகடன் பிரசுரம்,2012,65.00,வாழ்க்கை வரலாறு,
2615,,2615,சேகுவாரா ,அஜயன் பாலா,விகடன் பிரசுரம்,2011,60.00,வாழ்க்கை வரலாறு,
2617,,2617,நெல்சன் மண்டேலா ,அஜயன் பாலா,விகடன் பிரசுரம்,2011,50.00,வாழ்க்கை வரலாறு,
2618,,2618,நெல்சன் மண்டேலா ,அஜயன் பாலா ,விகடன் பிரசுரம்,2011,50.00,வாழ்க்கை வரலாறு,
2619,,2619,நேதாஜி சுபாஷ் சந்திரா போஸை,அஜயன் பாலா ,விகடன் பிரசுரம்,2009,60.00,வாழ்க்கை வரலாறு,
2620,,2620,மார்ட்டின் லூதர்கிங்,அஜயன் பாலா ,விகடன் பிரசுரம்,2011,50.00,வாழ்க்கை வரலாறு,
2621,,2621,ஒபாமா,ஆதனூர் சோழன்,நக்கீரன் பதிப்பகம்,2008,120.00,வாழ்க்கை வரலாறு,
2622,,2622,நேதாஜி சுபாஷ்சந்திர போஸ்,ஆதனூர் சோழன்,நக்கீரன் பதிப்பகம்,2008,75.00,வாழ்க்கை வரலாறு,
2623,,2623,மாவீரன் நெப்போலியன் ,ஆதனூர் சோழன்,நக்கீரன் பதிப்பகம்,2008,125.00,வாழ்க்கை வரலாறு,
2624,,2624,சமுதாய நீரோட்டம்,ஆர். நல்லகண்ணு,நியுசெஞ்சுரி புக் ஹவுஸ்,2005,75.00,வாழ்க்கை வரலாறு,
2625,,2625,திருவள்ளுவர்,ஆர்.அழகப்பன்,வானதி பதிப்பகம்,1994,8.00,நாடகம்,
2626,,2626,ஏங்கல்ஸ் வரலாறு,ஆர்.எச்.நாதன் ,நியுசெஞ்சுரி புக் ஹவுஸ்,1973,1.50,வாழ்க்கை வரலாறு,
2627,,2627,அம்பேத்கர்,ஆர்.முத்துக்குமார்,கிழக்கு பதிப்பகம்,2009,100.00,வாழ்க்கை வரலாறு,
2628,,2628,அன்னை தெரசா,ஆர்.முத்துக்குமார்,Prodigy,2007,25.00,வாழ்க்கை வரலாறு,
2629,,2629,பெரியார்,ஆர்.முத்துக்குமார்,கிழக்கு பதிப்பகம்,2008,75.00,வாழ்க்கை வரலாறு,
2630,,2630,வாத்தியார் (எம்.ஜி.ஆர்.),ஆர்.முத்துக்குமார்,கிழக்கு பதிப்பகம்,2009,140.00,வாழ்க்கை வரலாறு,
2631,,2631,அன்புள்ள ஜீவா,ஆர்.முத்துக்குமார்,கிழக்கு பதிப்பகம்,2007,60.00,வாழ்க்கை வரலாறு,
2632,,2632,புத்தரின் புகழ்மிகு வாழ்க்கை,ஆர்தர் லில்லி ,சந்தியா பதிப்பகம்,2009,175.00,வாழ்க்கை வரலாறு,
2633,,2633,வைக்கம் முகமது பஷீர்,இ.எம் அஷ்ரப்,கிழக்கு பதிப்பகம்,2006,110.00,வாழ்க்கை வரலாறு,
2634,,2634,நான் எவ்வாறு கம்யூனிஸ்ட் ஆனேன்,நம்பூதிரிபாட்,பாரதி பதிப்பகம்,2009,140.00,வாழ்க்கை வரலாறு,
2635,,2635,மலரும் நினைவுகள்,இந்திரா காந்தி,பூரம் பதிப்பகம்,1987,,வாழ்க்கை வரலாறு,
2636,,2636,என் அனுபவங்கள்,இரா.ஆண்டி,ஓவி அகில்,2002,,வாழ்க்கை வரலாறு,
2637,,2637,வாழ்வில் நான் கண்டதும் கேட்டதும்,இரா.நெடுஞ்செழியன்,நாவலர் பதிப்பகம்,2000,140.00,வாழ்க்கை வரலாறு,
2638,,2638,அரசியல் மாவீரர் ஜான்.எஃப்.கென்னடி  ,இரா.பொன்னரசு ,இளங்கோ பதிப்பகம்,1967,2.00,வாழ்க்கை வரலாறு,
2639,,2639,அறிஞர் ஜான்சன்,இராச மாணிக்கம் ,லோட்டஸ் பதிப்பகம்,1962,1.00,வாழ்க்கை வரலாறு,
2641,,2641,காலந்தோறும் கண்ணதாசன்,இராஜேந்திரபாபு,புதுகைத் தென்றல்,2009,150.00,வாழ்க்கை வரலாறு,
2642,,2642,அலெக்சாண்டர் கிரஹாம்பெல்,இலந்தை. சு.இராமசாமி,கிழக்கு பதிப்பகம்,2007,70.00,வாழ்க்கை வரலாறு,
2643,,2643,எடிசன்,இலந்தை. சு.இராமசாமி,கிழக்கு பதிப்பகம்,2005,60.00,வாழ்க்கை வரலாறு,
2644,,2644,ஈ.வெ.கி.சம்பத்தும் திராவிட இயக்கமும்,இனியன் சம்பத்,இனியன் சம்பத் பதிப்பகம்,2013,300.00,அரசியல்,
2646,,2646,ஸ்டாலின் வாழ்வும் காலமும்,எம்.ஆர்.அப்பன் ,அலைகள் வெளியீடு,2003,175.00,வாழ்க்கை வரலாறு,
2647,,2647,கார்ல் மார்க்ஸ் ,என். இராமகிருஷ்ணன்,சவுத் ஏசியன் பதிப்பகம்,1993,25.00,வாழ்க்கை வரலாறு,
2648,,2648,அண்ணாந்து பார்,என்.சொக்கன்,கிழக்கு பதிப்பகம்,2007,80.00,வாழ்க்கை வரலாறு,
2649,,2649,ஹோசிமின்,என்.ராமகிருஷ்ணன்,கிழக்கு பதிப்பகம்,2007,90.00,வாழ்க்கை வரலாறு,
2650,,2650,கலிலியோ மண்டியிடவில்லை,என்.ராமகிருஷ்ணன்,உயிர்மை பதிப்பகம்,2011,75.00,வாழ்க்கை வரலாறு,
2652,,2652,சுவாமி சிவானந்தரின் சுயமரியாதை,எஸ்.ஆர்.செல்லமுத்து,தெய்வீக வாழ்க்கை சங்கம்,1970,,வாழ்க்கை வரலாறு,
2653,,2653,நான் அறிந்த ஓஷோ- 1,எஸ்.ஏ.பெருமாள் ,சாருபிரபா பப்ளிகேசன்,2006,90.00,வாழ்க்கை வரலாறு,
2654,,2654,நான் அறிந்த ஓஷோ- 2,எஸ்.ஏ.பெருமாள் ,சாருபிரபா பப்ளிகேசன்,2006,110.00,வாழ்க்கை வரலாறு,
2655,,2655,மனிதகுல வரலாறு ,எஸ்.ஏ.பெருமாள் ,கஸ்தூரி பதிப்பகம்,2011,60.00,அறிவியல்,
2656,,2656,உச்சங்களின் யுகம்,எஸ்.வி.ராஜதுரை ,பொன்னி பதிப்பகம்,2004,110.00,அறிவியல்,
2657,,2657,சிந்தனையாளர் சா அதி,ஏ.எம்.மீரண்,பிரேமா பிரசுரம்,1994,18.00,வாழ்க்கை வரலாறு,
2659,,2659,என் வாழ்க்கை ஏடுகள்,ஏ.பி.ஜனார்த்தனம்,மனோ பதிப்பகம்,1995,35.00,வாழ்க்கை வரலாறு,
2660,,2660,கார்ல் மார்க்ஸ் வரலாறு ,ஏ.ஸ்ரீனிவாசன்,நியுசெஞ்சுரி புக் ஹவுஸ்,2011,750.00,வாழ்க்கை வரலாறு,
2661,,2661,எங்கெல்ஸ்,ஏங்கல்ஸ்,பாரதி புத்தகாலயம்,2008,15.00,வாழ்க்கை வரலாறு,
2663,,2663,வனவாசம் ,கண்ணதாசன்,வானதி பதிப்பகம்,2002,75.00,வாழ்க்கை வரலாறு,
2664,,2664,மனவாசம்,கண்ணதாசன்,வானதி பதிப்பகம்,2002,42.00,வாழ்க்கை வரலாறு,
2665,,2665,டாக்டர்.அம்பேத்கர்,கல்யாணதுரை,ராமையா பதிப்பகம்,2012,60.00,வாழ்க்கை வரலாறு,
2666,,2666,கிரண்பேடி வாழ்க்கை வரலாறு ,கவி.புவியரசு,கண்ணதாசன் பதிப்பகம்,2001,70.00,வாழ்க்கை வரலாறு,
2669,,2669,ஏ.எஸ்.வேணு,கா.திருநாவுக்கரசு,பாலகாந்தன்,1998,,வாழ்க்கை வரலாறு,
2670,,2670,பெருந்தமிழர் பக்தவச்சலம் ,காஞ்சி அமிழ்தன் ,விசாலாட்சி பதிப்பகம்,1964,6.00,வாழ்க்கை வரலாறு,
2671,,2671,என் நண்பர்கள் ,கி.ஆ.பெ.விசுவநாதம் ,பாரி நிலையம்,1984,10.00,வாழ்க்கை வரலாறு,
2672,,2672,நண்பர்களோடு நான் ,கி.ராஜநாராயணன்,அகரம் பதிப்பகம்,2007,90.00,வாழ்க்கை வரலாறு,
2673,,2673,பாண்டியன் நெடுஞ்செழியன் ,கி.வ. ஜகந்நாதன் ,அமுத நிலையம்,1957,1.00,வாழ்க்கை வரலாறு,
2674,,2674,பெரியார் வாழ்க்கை வரலாறு - 2,கி.வீரமணி,திராவிடர் கழகம்,2007,125.00,வாழ்க்கை வரலாறு,
2676,,2676,மாவீரர் உரைகள் (புலிகள்),கு.பூபதி ,தோழமை வெளியீடு,2009,300.00,வாழ்க்கை வரலாறு,
2677,,2677,பெரும்புள்ளிகள் ,குகன் ,குகன் வெளியீடு,1994,42.00,வாழ்க்கை வரலாறு,
2678,,2678,மூதறிஞர் ராஜாஜி ,குடந்தை புகழேந்தி ,பூவழகி பதிப்பகம்,1993,10.00,வாழ்க்கை வரலாறு,
2679,,2679,நக்சலைட்  அனிதாவின் நினைவுக் குறிப்புக்கள்,குளச்சல் யூசப்,எதிர் வெளியீடு,2009,275.00,வாழ்க்கை வரலாறு,
2680,,2680,எம்.ஜி.ஆர். நிஜமும் நிழலும் ,கே. மோகன்தாஸ்,பேந்தர் பதிப்பகம்,1995,50.00,வாழ்க்கை வரலாறு,
2681,,2681,சிந்தனையாளர் வால்டர்,கே.சாவித்ரி,பிரேமா பிரசுரம்,1995,20.00,வாழ்க்கை வரலாறு,
2682,,2682,ஜீவா ,கே.பாலதண்டாயுதம்,பாவை பப்ளிகேசன்,2000,18.00,வாழ்க்கை வரலாறு,
2683,,2683,பாவாணர் நினைவலைகள்,கே.மணி,நேசமணி பதிப்பகம்,2010,300.00,வாழ்க்கை வரலாறு,
2684,,2684,சச்சின்,கே.ரமேஷ்,சிக்ஸ்த் சென்ஸ் பப்ளிகேசன்ஸ்,2011,175.00,வாழ்க்கை வரலாறு,
2685,,2685,மணக்கும் வனம் இனிக்கும் மனம் ,கோ.மா.கோதண்டம் ,தாமரை பப்ளிகேசன்ஸ்,2013,80.00,பொது அறிவு,
2686,,2686,சிந்தனையாளர் கன்பூசியஸ்,கோமேதகவேலு,பிரேமா பிரசுரம்,1994,16.00,வாழ்க்கை வரலாறு,
2687,,2687,சிந்தனையாளர் ரூஸோ,கோமேதகவேலு,பிரேமா பிரசுரம்,1994,12.00,வாழ்க்கை வரலாறு,
2688,,2688,வி.பி.சிங்,கோவி.லெனின்,நக்கீரன் பதிப்பகம்,2008,80.00,வாழ்க்கை வரலாறு,
2690,,2690,பேராசிரியர் அன்பழகன்,ச.அமுதன் ,உதயக்கதிர்,1996,20.00,வாழ்க்கை வரலாறு,
2691,,2691,மேதின தியாகிகளின் மகத்தான வரலாறு,ச.சுப்பாராவ்,தொழிற்சங்க மையம்,2014,100.00,வாழ்க்கை வரலாறு,
2692,,2692,அப்துல் காலம்,ச.ந.கண்ணன்,கிழக்கு பதிப்பகம்,2009,125.00,வாழ்க்கை வரலாறு,
2693,,2693,திரு. வி.க. வாழ்வும் தொண்டும் ,சக்திதாசன் சுப்பிரமணியன் ,பாரி நிலையம்,1982,15.00,வாழ்க்கை வரலாறு,
2694,,2694,சிந்தனையாளர் ப்ராய்டு,சந்திரமோகன்,பிரேமா பிரசுரம்,1999,20.00,வாழ்க்கை வரலாறு,
2695,,2695,அம்துல் கலாமின் அறிய கருத்துக்கள்,சபீதாஜோசப்,நக்கீரன் பதிப்பகம்,2008,45.00,பொது அறிவு,
2696,,2696,அன்னை தெரசா-100,சபீதாஜோசப்,நக்கீரன் பதிப்பகம்,2008,80.00,வாழ்க்கை வரலாறு,
2697,,2697,இளையராஜா - 100,சபீதாஜோசப்,நக்கீரன் பதிப்பகம்,2010,90.00,வாழ்க்கை வரலாறு,
2698,,2698,பெருந்தலைவர் 100 பெருசிவந்த பெருமைகள்,சபீதாஜோசப்,நக்கீரன் பதிப்பகம்,2008,40.00,வாழ்க்கை வரலாறு,
2700,,2700,தமிழர் தலைவர்,சாமி.சிதம்பரனார்,பெரியார் சுயமரியாதை இயக்கம்,1997,35.00,வாழ்க்கை வரலாறு,
2701,,2701,அற்புத மனிதர் அப்துல் காலம் ,சாயபு மரைக்காயர் ,கங்கை புத்தக நிலையம்,2006,100.00,வாழ்க்கை வரலாறு,
2702,,2702,பழையக் கணக்கு   ,சாவி ,அசோக் உமா,1984,10.00,வாழ்க்கை வரலாறு,
2703,,2703,பழையக் கணக்கு   ,சாவி ,சாவி பப்ளிகேசன்ஸ்,1997,75.00,வாழ்க்கை வரலாறு,
2704,,2704,சிவகாமியின் செல்வன்,சாவி ,சாவி பப்ளிகேசன்ஸ்,1997,35.00,வாழ்க்கை வரலாறு,
2706,,2706,டோனி - The Boss,சி.முருகேஷ்பாபு,விகடன் பிரசுரம்,2007,50.00,வாழ்க்கை வரலாறு,
2707,,2707,சிந்தனையாளர் டால்ஸ்டாய்,சிங்காரவேலு,பிரேமா பிரசுரம்,2000,20.00,வாழ்க்கை வரலாறு,
2708,,2708,சிந்தனையாளர் எமர்சன்,சிங்காரவேலு,பிரேமா பிரசுரம்,2000,20.00,வாழ்க்கை வரலாறு,
2709,,2709,விவேகானந்தர் சரிதம்,சித்பவந்த ஸ்வாமிகள்,ஸ்ரீ ராமகிருஷ்ண மடம்,1979,,வாழ்க்கை வரலாறு,
2710,,2710,ஒண்டிக்கு கட்டை உலகம் ,சிபி.கே.சாலமன்,கிழக்கு பதிப்பகம்,2007,70.00,கட்டுரைகள்,
2711,,2711,சிந்தனையாளர் மாண்ட்டெயின்,சு.கி.சுப்பிரமணியன்,பிரேமா பிரசுரம்,1994,12.00,வாழ்க்கை வரலாறு,
2712,,2712,இளமை என்னும் பூங்காற்று ,சு.ப.வீரபாண்டியன்,நக்கீரன் பதிப்பகம்,2012,110.00,வாழ்க்கை வரலாறு,
2713,,2713,சுவாமி விவேகானந்தா சம்பாஷணைகள்,சுவாமி.விபுலானந்தர்,ஸ்ரீ ராமகிருஷ்ண மடம்,,,வாழ்க்கை வரலாறு,
2714,,2714,பட்டுக்கோட்டையார் ஒப்பீடும் - மதிப்பீடும்,செம்பைசேவியர்,இந்தியன் போஸ்ட்,2012,80.00,வாழ்க்கை வரலாறு,
2715,,2715,பிரபாகரன்,செல்லமுத்து குப்புசாமி,கிழக்கு பதிப்பகம்,2008,120.00,வாழ்க்கை வரலாறு,
2716,,2716,பிரபாகரன்,செல்லமுத்து குப்புசாமி,கிழக்கு பதிப்பகம்,2008,120.00,வாழ்க்கை வரலாறு,
2717,,2717,தேதி சொல்லும் சேதி- 1,செவ்வியன்,இ.கோதை பதிப்பகம்,2001,150.00,பொது அறிவு,
2718,,2718,தேதி சொல்லும் சேதி- 2,செவ்வியன்,இ.கோதை பதிப்பகம்,2001,110.00,பொது அறிவு,
2719,,2719,தேதி சொல்லும் சேதி- 3,செவ்வியன்,இ.கோதை பதிப்பகம்,2001,150.00,பொது அறிவு,
2720,,2720,தேதி சொல்லும் சேதி- 4,செவ்வியன்,இ.கோதை பதிப்பகம்,2001,115.00,பொது அறிவு,
2721,,2721,தேதி சொல்லும் சேதி- 5,செவ்வியன்,இ.கோதை பதிப்பகம்,2001,110.00,பொது அறிவு,
2722,,2722,தேதி சொல்லும் சேதி- 6,செவ்வியன்,இ.கோதை பதிப்பகம்,2001,100.00,பொது அறிவு,
2723,,2723,தேதி சொல்லும் சேதி- 7,செவ்வியன்,இ.கோதை பதிப்பகம்,2001,130.00,பொது அறிவு,
2724,,2724,தேதி சொல்லும் சேதி- 8,செவ்வியன்,இ.கோதை பதிப்பகம்,2001,130.00,பொது அறிவு,
2725,,2725,தேதி சொல்லும் சேதி- 9,செவ்வியன்,இ.கோதை பதிப்பகம்,2001,150.00,பொது அறிவு,
2726,,2726,தேதி சொல்லும் சேதி- 10,செவ்வியன்,இ.கோதை பதிப்பகம்,2001,150.00,பொது அறிவு,
2727,,2727,தேதி சொல்லும் சேதி- 11,செவ்வியன்,இ.கோதை பதிப்பகம்,2001,165.00,பொது அறிவு,
2728,,2728,தேதி சொல்லும் சேதி- 12,செவ்வியன்,இ.கோதை பதிப்பகம்,2001,200.00,பொது அறிவு,
2729,,2729,வெற்றி நமதே - சேகுவாரா,சேகுவாரா,சவுத் விஷன்,2006,30.00,வாழ்க்கை வரலாறு,
2730,,2730,டாக்டர் நார்மன் பெத்யூன் கதை,சோ.பிரபாகரன் ,சவுத் விஷன்,2006,125.00,வாழ்க்கை வரலாறு,
2731,,2731,சீவலப்பேரி பாண்டி ,சௌபா ,விகடன் பிரசுரம்,1994,17.00,வாழ்க்கை வரலாறு,
2732,,2732,"காற்றில் தவழும் கண்ணதாசன் 
வாழ்வியலாக - காதலாக - இலக்கியமாக",த.இராமலிங்கம்,விகடன் பிரசுரம்,2012,130.00,வாழ்க்கை வரலாறு,
2733,,2733,விவேகானந்தர் வாழ்வின் சுவையான நிகழ்ச்சிகள்,தமிழ்வாணன் ,மணிமேகலை பிரசுரம்,1993,13.00,வாழ்க்கை வரலாறு,
2734,,2734,இமானுவேல் தேவேந்திரர்,தமிழவேள்,பண்பாட்டு ஆய்வகம்,2008,125.00,வாழ்க்கை வரலாறு,
2735,,2735,நபிகள் நாயகம் வாழ்க்கை வரலாறு,தலைமதியவன்,கிழக்கு பதிப்பகம்,2014,,வாழ்க்கை வரலாறு,
2736,,2736,நெல்சன் மண்டேலா,தா.பாண்டியன்,குமரன் பதிப்பகம்,2010,100.00,வாழ்க்கை வரலாறு,
2737,,2737,சுவருக்குள் சித்திரங்கள்,தியாகு,பொன்னி பதிப்பகம்,1998,125.00,வாழ்க்கை வரலாறு,
2738,,2738,நெல்சன் மண்டேலா ,தியாகு ,சென்னை புக்ஸ்,1990,200.00,வாழ்க்கை வரலாறு,
2739,,2739,நெல்சன் மண்டேலா ,தியாகு ,சென்னை புக்ஸ்,1988,16.00,வாழ்க்கை வரலாறு,
2740,,2740,திரு.வி.க.வாழ்க்கை குறிப்புகள் ,திரு.வி.க.,பூம்புகார் பதிப்பகம்,2003,275.00,வாழ்க்கை வரலாறு,
2741,,2741,மறைமலை அடிகள் வரலாறு,திருநாவுக்கரசு,தி.சை.சி.நூற்பதிப்புக் கழகம்,1959,,வாழ்க்கை வரலாறு,
2742,,2742,தலைநிமிர்ந்த தமிழர்கள்,திருவேங்கிமலை சரவணன்,குமுதம் பதிப்பகம்,2004,85.00,வாழ்க்கை வரலாறு,
2743,,2743,முடிவல்ல ஆரம்பம்,து.சா.ப.செல்வம்,கண்ணதாசன் பதிப்பகம்,2009,40.00,வாழ்க்கை வரலாறு,
2744,,2744,முதல் வேட்டையும் முதல் கொலையும் - வீரப்பன்,நக்கீரன் ,நக்கீரன் பதிப்பகம்,,100.00,வாழ்க்கை வரலாறு,
2746,,2746,சிலம்புச்செல்வர் வாழ்க்கையிலே,நடராஜன் ,வானதி பதிப்பகம்,1973,2.50,வாழ்க்கை வரலாறு,
2747,,2747,"இது ராஜபாட்டை அல்ல பாகம் 1 ,2",நடிகர் சிவகுமார்,அல்லயன்ஸ்,2008,220.00,வாழ்க்கை வரலாறு,
2748,,2748,காமராஜ் ,நாகூர் ரூமி,கிழக்கு பதிப்பகம்,2006,115.00,வாழ்க்கை வரலாறு,
2749,,2749,மானுடத்தின் மகாகவி,நல்லிகுப்புசாமி செட்டியார்,ஸ்ரீ புவனேஸ்வரி,2004,40.00,வாழ்க்கை வரலாறு,
2750,,2750,முத்தமிழ் வளர்த்த முனிவர்கள் ,நவநீத கிருட்டிணன்,தி.சை.சி.நூற்பதிப்புக் கழகம்,1921,4.00,வாழ்க்கை வரலாறு,
2751,,2751,சிந்தனையாளர் மாக்கியவெல்லி,நாரா.நாச்சியப்பன்,பிரேமா பிரசுரம்,2000,22.00,வாழ்க்கை வரலாறு,
2752,,2752,நினைவு அலைகள் - 1,நெ.து.சு.,சாந்தா பதிப்பகம்,2004,250.00,வாழ்க்கை வரலாறு,
2753,,2753,நினைவு அலைகள் - 2,நெ.து.சு.,சாந்தா பதிப்பகம்,2004,150.00,வாழ்க்கை வரலாறு,
2754,,2754,நினைவு அலைகள் - 3,நெ.து.சு.,சாந்தா பதிப்பகம்,2004,300.00,வாழ்க்கை வரலாறு,
2755,,2755,லெனின் வாழ்கிறார் ,நெ.து.சுந்தரவடிவேலு ,நியுசெஞ்சுரி புக் ஹவுஸ்,1989,3.50,வாழ்க்கை வரலாறு,
2756,,2756,சிந்தனையாளர் ஐன்ஸ்டீன்,ப.நா.பாலசுப்ரமணியன்,பிரேமா பிரசுரம்,2000,15.00,வாழ்க்கை வரலாறு,
2757,,2757,சிவாஜி கணேசன்,பகைமை குமார்,சூடாமணி பதிப்பகம்,2003,45.00,வாழ்க்கை வரலாறு,
2758,,2758,லெனின்,பசுமைகுமார்,விகடன் பிரசுரம்,2012,95.00,வாழ்க்கை வரலாறு,
2760,,2760,அண்ணா தன் வரலாறு ,பரிமளம்,பாரதி பதிப்பகம்,1997,100.00,வாழ்க்கை வரலாறு,
2761,,2761,அண்ணா ஓர் அருங்குணப்பெட்டகம்,பரிமளம் ,பூம்புகார் பதிப்பகம்,1998,20.00,வாழ்க்கை வரலாறு,
2762,,2762,பிரபாகரன் ,பழ.நெடுமாறன் ,தமிழ்க்குலம் பதிப்பகம்,2012,800.00,வாழ்க்கை வரலாறு,
2763,,2763,பிரபாகரன் வாழ்வும் மரணமும்,பா.ராகவன்,கிழக்கு பதிப்பகம்,2009,140.00,வாழ்க்கை வரலாறு,
2764,,2764,சதாம் ஹுசைன் வாழ்வும் இராக்கின் மரணமும்,பா.ராகவன்,கிழக்கு பதிப்பகம்,2012,160.00,வாழ்க்கை வரலாறு,
2765,,2765,படித்ததும் கிழித்ததும் ,பாமரன்,அட்சரா பதிப்பகம்,2008,100.00,பொது அறிவு,
2766,,2766,வாசன் - நூற்றாண்டு மலர்,பாலசுப்ரமின்யன் ,விகடன் பிரசுரம்,2003,,வாழ்க்கை வரலாறு,
2767,,2767,ஜவாஹர்லால் நேரு- 1,பாலன் ,வானதி பதிப்பகம்,2015,270.00,வாழ்க்கை வரலாறு,
2768,,2768,ஜவாஹர்லால் நேரு- 2,பாலன் ,வானதி பதிப்பகம்,2015,230.00,வாழ்க்கை வரலாறு,
2769,,2769,பேசுகிறார் பிரபாகரன்,பாலன் ,நக்கீரன் பதிப்பகம்,2009,140.00,வாழ்க்கை வரலாறு,
2770,,2770,மார்ட்டின் லூதர்கிங்,பாலுசத்யா ,கிழக்கு பதிப்பகம்,2007,60.00,வாழ்க்கை வரலாறு,
2771,,2771,வரலாறு என்னை விடுதலை செய்யும்,பிடல்காஸ்ட்ரோ,சென்னை புக்ஸ்,1985,9.50,வாழ்க்கை வரலாறு,
2772,,2772,கப்பலோட்டிய தமிழன் ,புதுவை ரா.ரஜனி,Prodigy,2007,25.00,வாழ்க்கை வரலாறு,
2773,,2773,நான் துணிந்தவள் - கிரண்பேடி வரலாறு,கவி.புவியரசு,கண்ணதாசன் பதிப்பகம்,1996,60.00,வாழ்க்கை வரலாறு,
2775,,2775,லெனினுக்கு மரணம் இல்லை ,பூ.சோமசுந்தரம்,அலைகள் வெளியீட்டகம்,2003,100.00,வாழ்க்கை வரலாறு,
2777,,2777,பெருஞ்சித்திரனார் வாழ்க்கை குறிப்புகள்,பெருஞ்சித்திரனார்,நூழில் பதிப்பகம்,2001,40.00,வாழ்க்கை வரலாறு,
2778,,2778,தலைநிமிர்ந்த தமிழச்சிகள்,பைம்பொழில் மீரான்,தோழமை வெளியீடு,2007,175.00,வாழ்க்கை வரலாறு,
2780,,2780,ஆசையால் ஆபத்து,பொன்பரமகுரு,வானதி பதிப்பகம்,1993,18.00,சிறுகதைகள்,
2781,,2781,தொ.மு.சி.ரகுநாதன் ,பொன்னிலம்,நியுசெஞ்சுரி புக் ஹவுஸ்,2002,90.00,வாழ்க்கை வரலாறு,
2784,,2784,நெஞ்சம் சுமக்கும் நினைவுகள் - 1,ம.நடராசன்,தமிழ் அரசி பதிப்பகம்,1997,150.00,வாழ்க்கை வரலாறு,
2785,,2785,நெஞ்சம் சுமக்கும் நினைவுகள் - 2,ம.நடராசன்,தமிழ் அரசி பதிப்பகம்,1997,145.00,வாழ்க்கை வரலாறு,
2786,,2786,அரவாணிகள்,மகராசன்,தோழமை வெளியீடு,2007,210.00,பொது அறிவு,
2787,,2787,சத்திய சோதனை ,மகாத்மாகாந்தி,நவஜீவன் பிரசுராலயம்,,20.00,வாழ்க்கை வரலாறு,
2789,,2789,சர்வம் ஸ்டாலின் மயம்,மருதன்,கிழக்கு பதிப்பகம்,2006,60.00,வாழ்க்கை வரலாறு,
2790,,2790,சிம்மசொப்பனம் பிடல் காஸ்ட்ரோ,மருதன்,கிழக்கு பதிப்பகம்,2006,100.00,வாழ்க்கை வரலாறு,
2791,,2791,சேகுவேரா - வேண்டும் விடுதலை,மருதன்,கிழக்கு பதிப்பகம்,2006,70.00,வாழ்க்கை வரலாறு,
2792,,2792,சேகுவேரா - வேண்டும் விடுதலை,மருதன்,கிழக்கு பதிப்பகம்,2006,150.00,வாழ்க்கை வரலாறு,
2793,,2793,மால்கம் எக்ஸ் ,மருதன்,கிழக்கு பதிப்பகம்,2008,80.00,வாழ்க்கை வரலாறு,
2794,,2794,மாவோ,மருதன்,கிழக்கு பதிப்பகம்,2007,90.00,வாழ்க்கை வரலாறு,
2795,,2795,மாவோ,மருதன்,கிழக்கு பதிப்பகம்,2007,90.00,வாழ்க்கை வரலாறு,
2796,,2796,சிந்தனையாளர் விவேகானந்தர்,மலர்மன்னன்,பிரேமா பிரசுரம்,2000,20.00,வாழ்க்கை வரலாறு,
2797,,2797,சிந்தனையாளர் நியெட்ஸே,மலர்மன்னன்,பிரேமா பிரசுரம்,2000,28.00,வாழ்க்கை வரலாறு,
2798,,2798,மறைமலைஅடிகள் வரலாறு,மறை.திருநாவுக்கரசு,மறைமலையடிகள் பதிப்பகம்,2013,600.00,வாழ்க்கை வரலாறு,
2799,,2799,சோமசுந்தர நாயகர் வரலாறு,மறைமலை அடிகள்,தி.சை.சி.நூற்பதிப்புக் கழகம்,1957,,வாழ்க்கை வரலாறு,
2800,,2800,ஸ்ரீ அரவிந்தர்  ,மனோஜ்தாஸ்  ,#,,,வாழ்க்கை வரலாறு,
2801,,2801,கலைவாணர் என்.எஸ்.கே,மா.பாலசுப்ரமணியம்,வ உ சி நூலகம்,2005,50.00,வாழ்க்கை வரலாறு,
2802,,2802,எனது போராட்டம்,ம.பொ.சி.,பூங்கொடி பதிப்பகம்,2010,650.00,வாழ்க்கை வரலாறு,
2803,,2803,காந்தி தரிசனம்,மித்ரஹரி,காந்தி அமைதி நிறுவனம்,2004,60.00,வாழ்க்கை வரலாறு,
2804,,2804,நெஞ்சுக்கு நீதி - பாகம் 1,மு.கருணாநிதி,திருமகள் நிலையம்,2002,300.00,வாழ்க்கை வரலாறு,
2805,,2805,நெஞ்சுக்கு நீதி - பாகம் 2,மு.கருணாநிதி,திருமகள் நிலையம்,1998,180.00,வாழ்க்கை வரலாறு,
2806,,2806,அடோல்ஃப் ஹிட்லரின் வாழ்வும் மரணமும் ,மு.சுப்பிரமணி,சீதை பதிப்பகம்,2012,200.00,வாழ்க்கை வரலாறு,
2807,,2807,வலை உணங்கு குருமணல் ,மு.புஷ்பராஜன்,காலச்சுவடு பதிப்பகம்,2011,140.00,வரலாறு,
2808,,2808,நெஞ்சில் நிலைத்தவர்கள் -  1,மு.மூவேந்தர்முத்து  ,பூவழகி பதிப்பகம்,1997,50.00,வாழ்க்கை வரலாறு,
2810,,2810,எம்.ஆர்.ராதா - கலகக்காரனின் வரலாறு,முகில்,சிக்ஸ்த் சென்ஸ் பப்ளிகேசன்ஸ்,2013,120.00,வாழ்க்கை வரலாறு,
2811,,2811,கண்ணீரும் புன்னகையும் - நடிகர் சந்திரபாபு,முகில் ,கிழக்கு பதிப்பகம்,2005,10.00,வாழ்க்கை வரலாறு,
2812,,2812,செங்கிசுகான்,முகில் ,கிழக்கு பதிப்பகம்,2008,80.00,வாழ்க்கை வரலாறு,
2813,,2813,பகத்சிங்,முத்துராமன்,கிழக்கு பதிப்பகம்,2007,60.00,வாழ்க்கை வரலாறு,
2814,,2814,சிரிப்பு டாக்டர் (என்.எஸ்.கே),முத்துராமன்,கிழக்கு பதிப்பகம்,2006,70.00,வாழ்க்கை வரலாறு,
2815,,2815,காமராஜ் ஒரு சரித்திரம்,முருக. தனுஷ்கோடி ,பூம்புகார் பதிப்பகம்,1996,29.50,வாழ்க்கை வரலாறு,
2816,,2816,பாவேந்தர் ஒரு பல்கலைக்கழகம் ,முருகுசுந்தரம்,அன்னம் பதிப்பகம்,1990,50.00,வாழ்க்கை வரலாறு,
2817,,2817,சிங்கார வேலு,முருகேசன்,நியுசெஞ்சுரி புக் ஹவுஸ்,2007,200.00,வாழ்க்கை வரலாறு,
2818,,2818,பாரதி நினைவுகள்  ,யதுகிரி அம்மாள்  ,அமுத நிலையம்,1954,1.10,வாழ்க்கை வரலாறு,
2819,,2819,பாரதி காலமும் கருத்தும் ,ரகுநாதன்,நியுசெஞ்சுரி புக் ஹவுஸ்,2008,250.00,வாழ்க்கை வரலாறு,
2821,,2821,சத்திய சோதனை - காந்தி,ரா. வெங்கடராஜுலு ,நவஜீவன் பிரசுராலயம்,1994,20.00,வாழ்க்கை வரலாறு,
2822,,2822,ஜெய ஜெய சங்கர ,ரா.கணபதி ,திவ்யவித்யா டிரஸ்ட்,1998,36.00,வாழ்க்கை வரலாறு,
2823,,2823,சிந்தனையாளர் கார்ல் மார்க்ஸ்,ரா.தனலன்,பிரேமா பிரசுரம்,1997,15.00,வாழ்க்கை வரலாறு,
2824,,2824,கால்டுவெல் ஐயர் சரிதம்,ரா.பி.சேதுப்பிள்ளை,பாவை பப்ளிகேசன்,2008,45.00,வாழ்க்கை வரலாறு,
2825,,2825,அப்பச்சி (ஏ.வி.எம்),ராணிமைந்தன்,வானதி பதிப்பகம்,2002,100.00,வாழ்க்கை வரலாறு,
2826,,2826,நாயர் ஸான்  ,ராணிமைந்தன் ,அசோக் உமா,1981,39.00,வாழ்க்கை வரலாறு,
2827,,2827,சிந்தனையாளர் இங்கர்சால்,ராதாமணாளன்,பிரேமா பிரசுரம்,2000,18.00,வாழ்க்கை வரலாறு,
2828,,2828,சிந்தனையாளர் தொல்காப்பியர்,லோ.சுப்ரமணியன்,பிரேமா பிரசுரம்,2001,18.00,வாழ்க்கை வரலாறு,
2829,,2829,வ.உ.சி சுயசரிதை ,வ.உ.சி,பாரி நிலையம்,1963,2.50,வாழ்க்கை வரலாறு,
2830,,2830,கவியரசு கண்ணதாசன் கதை,வணங்காமுடி,கண்ணதாசன் பதிப்பகம்,2009,80.00,வாழ்க்கை வரலாறு,
2831,,2831,வணக்கம் - வலம்புரி ஜான்,வலம்புரிஜான் ,நக்கீரன் பதிப்பகம்,2005,125.00,வாழ்க்கை வரலாறு,
2832,,2832,எமது பா (பாகம் -   2 ) ,வனமாலா பரீக் ,ஸர்வோதயா,1950,1.40,வாழ்க்கை வரலாறு,
2834,,2834,ஜோதிபாசு,வீ.பா.கணேசன்,பாரதி புத்தகாலயம்,2008,200.00,வாழ்க்கை வரலாறு,
2835,,2835,சீன வானில் சிவப்பு நட்சத்திரம் - எட்கர்லோ,வி.ப.கணேசன்,அலைகள் வெளியீட்டகம்,2004,300.00,வாழ்க்கை வரலாறு,
2836,,2836,ரஷ்ய புரட்சியின் வரலாறு ,வி.பி.சிந்தன்,தமிழ்ப் புத்தகாலயம்,2000,22.00,வரலாறு,
2837,,2837,வாலிப வாலி,நெல்லை ஜெயந்தா,வாலி பதிப்பகம்,2012,250.00,வாழ்க்கை வரலாறு,
2838,,2838,இவான் ,விளாதமிர் பகமோலவ்,ராதுகா பதிப்பகம்,1987,,மொழிபெயர்ப்பு,
2839,,2839,ஜோதிபாசு,வீ.பா.கணேசன்,பாரதி புத்தகாலயம்,2008,200.00,வாழ்க்கை வரலாறு,
2840,,2840,இட்லர்,வெ.சாமிநாதசர்மா ,ராமையா பதிப்பகம்,2011,125.00,வாழ்க்கை வரலாறு,
2841,,2841,முசோலினி,வெ.சாமிநாதசர்மா ,ராமையா பதிப்பகம்,2009,60.00,வாழ்க்கை வரலாறு,
2842,,2842,ஸன்யாட்ஸென் வாழ்க்கை வரலாறு,வெ.சாமிநாதசர்மா,விடியல் பதிப்பகம்,2000,65.00,வாழ்க்கை வரலாறு,
2843,,2843,நாட்டுக்கு உழைத்த நல்லவர் பகத்சிங்  ,வெங்கட்ராம் ,பழனியப்பா பிரதர்ஸ்,1970,2.00,வாழ்க்கை வரலாறு,
2844,,2844,இதுவரை நான்,வைரமுத்து,சூர்யா பதிப்பகம்,2005,100.00,வாழ்க்கை வரலாறு,
2845,,2845,இதுவரை நான் ,வைரமுத்து ,சூர்யா பதிப்பகம்,1996,35.00,வாழ்க்கை வரலாறு,
2846,,2846,கே. டி.கே.தங்கமணி ஓயாது உழைத்த உத்தமர்  ,ஜி.ஆளவந்தார்,நியுசெஞ்சுரி புக் ஹவுஸ்,,30.00,வாழ்க்கை வரலாறு,
2847,,2847,மு.க,ஜெ.ராம்கி,கிழக்கு பதிப்பகம்,2006,125.00,வாழ்க்கை வரலாறு,
2848,,2848,ரமண மாமுனிவர் ,ஜெகானந்தன்,கலைமகள் காரியாலயம்,1956,,வாழ்க்கை வரலாறு,
2850,,2850,லெனின் வாழ்வும் பணியும் ,ஜெவின் ,சோவியத் நாடு,,2.00,வாழ்க்கை வரலாறு,
2852,,2852,மார்ட்டின் ராட்லர் ,தொகுப்பு,#,,,வாழ்க்கை வரலாறு,
2853,,2853,டாக்டர் ஹெட்கேவார்,,கங்கை-காவிரி,1983,5.00,வாழ்க்கை வரலாறு,
2855,,2855,மறக்கப்பட்ட நாயகன் நேதாஜி,என் ஆர் பத்மநாபன்,வ உ சி நூலகம்,2004,75.00,வாழ்க்கை வரலாறு,
2859,,2859,நீதிபதி வேதநாயகர்,செம்பை சேவியர்,அறிவு பதிப்பகம்,2009,35.00,வாழ்க்கை வரலாறு,
2860,,2860,காமராஜர் ஒருவழிகாட்டி,ஆலடி அருணா,விகடன் பிரசுரம்,2017,240.00,வாழ்க்கை வரலாறு,
2861,,2861,வாஸ்கோடகாமா,சிவதர்சினி,விகடன் பிரசுரம்,2013,65.00,வாழ்க்கை வரலாறு,
2862,,2862,கி.வா.ஜகந்நாதன்,நிர்மலா மோகன்,சாகித்திய அக்காதெமி,2007,25.00,வாழ்க்கை வரலாறு,
2863,,2863,பாரதியார்,பிரேமா நந்தகுமார்,சாகித்திய அக்காதெமி,2008,40.00,வாழ்க்கை வரலாறு,
2864,,2864,கல்கி,இரா.மோகன்,சாகித்திய அக்காதெமி,2006,25.00,வாழ்க்கை வரலாறு,
2865,,2865,ஸ்ரீமத் சுவாமி சித்பவானந்தர்,மு.பழனி இராகுலதாசன்,சாகித்திய அக்காதெமி,2009,40.00,வாழ்க்கை வரலாறு,
2866,,2866,கவிஞர் கண்ணதாசன்,எம்.பாலசுப்ரமணியன்,சாகித்திய அக்காதெமி,2009,40.00,வாழ்க்கை வரலாறு,
2867,,2867,ஆண்டாள்,கே.ஏ.மணவாளன்,சாகித்திய அக்காதெமி,2005,,வாழ்க்கை வரலாறு,
2868,,2868,க.அயோத்திதாச பண்டிதர்,கௌதம.சன்னா,சாகித்திய அக்காதெமி,2007,,வாழ்க்கை வரலாறு,
2869,,2869,சாயி,பி.ஆர்.ராஜாராம்,சூரியன்,2017,225.00,ஆன்மீகம்,
2870,,2870,இரவீந்தரநாத் தாகூர்,சிசிர்குமார் கோஷ்,சாகித்திய அக்காதெமி,2004,65.00,வாழ்க்கை வரலாறு,
2871,,2871,வ.உ.சி,மா.ரா.அரசு,சாகித்திய அக்காதெமி,2005,25.00,வாழ்க்கை வரலாறு,
2872,,2872,நபிகள் நாயகம் வரலாறு,இருகூர் இளவரசன்,தோழமை வெளியீடு,2016,175.00,ஆன்மீகம்,
2873,,2873,விவேகானந்தர்,ரோமான் ரோலாண்ட்,சாகித்திய அக்காதெமி,2001,60.00,வாழ்க்கை வரலாறு,
2875,,2875,வீரம் (இந்திய விடுதலைக்காக பாடுபட்ட ...),குன்றில் குமார்,ராஜமாணிக்கம்மாள்,2015,,வாழ்க்கை வரலாறு,
2876,,2876,தமிழ்ப் பெரியார்கள்,வ.ரா,விகடன் பிரசுரம்,2015,80.00,வாழ்க்கை வரலாறு,
2877,,2877,நான் நம்மாழ்வார் பேசுகிறேன்,நம்மாழ்வார்,விகடன் பிரசுரம்,2018,,வாழ்க்கை வரலாறு,
2878,,2878,நினைவு நாடாக்கள்,கவிஞர் வாலி,விகடன் பிரசுரம்,2018,240.00,வாழ்க்கை வரலாறு,
2879,,2879,மாபெரும் தமிழ்கனவு (அறிஞர் அண்ணா),கே.அசோகன்,தமிழ்திசை,,,வாழ்க்கை வரலாறு,
2880,,2880,தெற்கிலிருந்து ஒரு சூரியன் (கலைஞர் மு க),கே.அசோகன்,தமிழ்திசை,,,வாழ்க்கை வரலாறு,
2881,,2881,காலமெல்லாம் கண்ணதாசன்,ஆர்.சி.மதிராஜ்,தமிழ் திசை,2018,130.00,வாழ்க்கை வரலாறு,
2882,,2882,சுந்தர் பிச்சை - புதிய நம்பிக்கை,ஜக்மோகன்,சிக்ஸ்த் சென்ஸ் பப்ளிகேசன்ஸ்,,,வாழ்க்கை வரலாறு,
2883,,2883,ஜெயலலிதா,ஜெ.ராம்கி,கிழக்கு பதிப்பகம்,2016,180.00,வாழ்க்கை வரலாறு,
2884,,2884,வாத்தியார் (எம்.ஜி.ஆர்.),ஆர்.முத்துக்குமார்,கிழக்கு பதிப்பகம்,2009,140.00,வாழ்க்கை வரலாறு,
2885,,2885,ஆனந்த யாழ்,ஆரூர் தமிழ்நாடன்,நக்கீரன்,,,வாழ்க்கை வரலாறு,
2886,,2886,மாமனிதர்களின் மகத்தான காலம்,பெ.நல்லசாமி,MJ PUBLICATION HOUSE (சாரதா),2019,150.00,வாழ்க்கை வரலாறு,
2902,,2902,ஈசாப் நீதிக் கதைகள்,அசோக்குமார்,தனலெட்சுமி பதிப்பகம்,2002,20.00,சிறுவர் நூல்கள்,
2903,,2903,முல்லாவின் நகைசுவைக்கதைகள் ,அசோக்குமார்,தனலெட்சுமி பதிப்பகம்,2000,40.00,சிறுவர் நூல்கள்,
2904,,2904,புதுமையான விஞ்ஞான சிறுகதைகள் ,அம்ருதா பதிப்பகம் ,தாமரை பப்ளிகேசன்ஸ்,2011,60.00,சிறுவர் நூல்கள்,
2905,,2905,மந்திரக்கோல் மாயாவி,அமுதன்,அலங்கார் பப்ளிகேசன்ஸ்,1999,30.00,சிறுவர் நூல்கள்,
2906,,2906,நிலா படகு,அமுதன்,அன்பு பப்ளிகேசன்ஸ்,1981,3.50,சிறுவர் நூல்கள்,
2907,,2907,இராயர் அப்பாஜி கதைகள்,அரு.ராமநாதன்,பிரேமா பிரசுரம்,2002,10.00,சிறுவர் நூல்கள்,
2909,,2909,மரியாதை ராமன் கதைகள்,அரு.ராமநாதன்,பிரேமா பிரசுரம்,2000,10.00,சிறுவர் நூல்கள்,
2913,,2913,ஈசாப் நீதிக்கதைகள் - 3,அருள்சாமி,வானதி பதிப்பகம்,1984,3.50,சிறுவர் நூல்கள்,
2914,,2914,சிந்துபாத்தின் சாகச கடற்பயணங்கள் ,அருள்நம்பி ,நற்பவி பதிப்பகம்,2001,32.00,சிறுவர் நூல்கள்,
2916,,2916,ஆலமண்டபம்,அநுத்தமா,தமிழ் எழுத்தாளர் கூட்டுறவு சங்கம்,1968,3.00,சமூக நாவல்,
2918,,2918,அகச்சுவை,ஆ. கந்தசாமி,ஸ்டார் பிரசுரம்,1958,1.25,பொது அறிவு,
2920,,2920,காலம் கடந்த ஞானோதயங்கள்,ஆர்.கதைப்பித்தன்,அறிவுப் பதிப்பகம்,2011,75.00,சிறுவர் நூல்கள்,
2922,,2922,திருக்குறள் கதைகள் - 1,ஆர்.பொன்னம்பலம்,வானதி பதிப்பகம்,2000,40.00,சிறுவர் நூல்கள்,
2923,,2923,அற்றது பற்றெனில் ,இலக்கிய சிந்தனை,வானதி பதிப்பகம்,1990,15.00,சிறுகதைகள்,
2924,,2924,முல்லாவின் நகைச்சுவைக் கதைகள் ,எடையூர்.சிவமதி,சுரா புக்ஸ்,2002,40.00,சிறுவர் நூல்கள்,
2927,,2927,சிந்தனை பலம் தரும் ,எம்.ஏ.பழனியப்பன்,நியுசெஞ்சுரி புக் ஹவுஸ்,1994,50.00,சிறுவர் நூல்கள்,
2928,,2928,தித்திக்கும் தீந்தமிழ்க்கதைகள் ,எம்.ஏ.பழனியப்பன்,நியுசெஞ்சுரி புக் ஹவுஸ்,2008,40.00,சிறுவர் நூல்கள்,
2930,,2930,நகைச்சுவை நீதிக்கதைகள்,எம்.ஏ.பழனியப்பன்,தாமரை பப்ளிகேசன்ஸ்,2007,50.00,சிறுவர் நூல்கள்,
2931,,2931,வேடிக்கை கதைகள்,எம்.எ.பழனியப்பன்,அறிவுப் பதிப்பகம்,2012,55.00,சிறுவர் நூல்கள்,
2933,,2933,வீரப்பாண்டிய கட்டபொம்மன்,எம்.வெங்கட்ராம்,பழனியப்பா பிரதர்ஸ்,1988,5.90,சிறுவர் நூல்கள்,
2934,,2934,சுவாமி விவேகானந்தர்,எம்.வெங்கட்ராம்,பழனியப்பா பிரதர்ஸ்,1991,8.80,சிறுவர் நூல்கள்,
2936,,2936,காந்தியோடு பேசுவேன்,என்.ராமகிருஷ்ணன்,உயிர்மை பதிப்பகம்,2013,120.00,சிறுவர் நூல்கள்,
2937,,2937,போதிசத்துவர் கதைகள்,எஸ்.கே.ஸ்வாமி,பிரேமா பிரசுரம்,1993,49.00,சிறுவர் நூல்கள்,
2940,,2940,உலகையே வெல்லும் 88 மந்திர வார்த்தைகள் ,எஸ்.லாரன்ஸ்,சக்தி பப்ளிசீங் ஹவுஸ்,,70.00,சிறுவர் நூல்கள்,
2944,,2944,சிறுவர் கதை விருந்து,கங்கை ராமமூர்த்தி,வர்மா பதிப்பகம்,1999,16.00,சிறுவர் நூல்கள்,
2945,,2945,அந்தி சந்தி அர்த்த ஜாமம்,கண்ணதாசன்,வானதி பதிப்பகம்,1992,14.00,கட்டுரைகள்,
2946,,2946,செப்பு மொழிகள் ,கண்ணதாசன்,வானதி பதிப்பகம்,1971,1.25,கட்டுரைகள்,
2947,,2947,நம்பிக்கை மலர்கள்,கண்ணதாசன்,வானதி பதிப்பகம்,1987,5.00,சிறுவர் நூல்கள்,
2948,,2948,புஷ்பமாலிகா,கண்ணதாசன்,வானதி பதிப்பகம்,1972,2.00,சிறுவர் நூல்கள்,
2949,,2949,நெருப்பில் நிலவுப் பூ சிறுகதைகள் ,கர்ணன்,நியுசெஞ்சுரி புக் ஹவுஸ்,2009,75.00,சிறுகதைகள்,
2951,,2951,தெனாலிராமன் கதைகள் ,கலா பதிப்பகம் ,-,,20.00,சிறுவர் நூல்கள்,
2952,,2952,ஜென் கதைகள் ,கவிஞர்.புவியரசு ,கண்ணதாசன் பதிப்பகம்,2001,36.00,சிறுவர் நூல்கள்,
2953,,2953,மீண்டும் ஜென் கதைகள் ,கவிஞர்.புவியரசு ,கண்ணதாசன் பதிப்பகம்,2001,38.00,சிறுவர் நூல்கள்,
2954,,2954,இந்திய மணிலா நாடோடி கதைகள்,கவிமுகள்,பார்வதி கண்ணதாசன்,1992,28.00,சிறுவர் நூல்கள்,
2955,,2955,இலக்கிய இன்பம்,காமாட்சி குமாரசாமி,தமிழகம் பதிப்பகம்,1959,1.50,இலக்கியம்,
2957,,2957,கொலம்பஸ் கதை,கி.மா.பக்தச்சலன்,பூம்புகார் பதிப்பகம்,2000,59.50,சிறுவர் நூல்கள்,
2958,,2958,சிறுவர் நாடோடிக் கதைகள்,கி.ராஜநாராயணன்,அகரம் பதிப்பகம்,2009,55.00,சிறுவர் நூல்கள்,
2960,,2960,மோகனமுறுவல்,கீ. வாலம்,தமிழ்ப் பண்ணை,,2.00,சிறுவர் நூல்கள்,
2961,,2961,வள்ளல் பாரி,கு. ராஜவேலு,பாரி நிலையம்,1957,2.00,சிறுவர் நூல்கள்,
2962,,2962,வாழ்வியல் நகைச்சுவை,கு.ஞானசம்பந்தன்,விஜயா பதிப்பகம்,2009,40.00,சிறுவர் நூல்கள்,
2965,,2965,தந்தை மகளுக்கு எழுதிய கடிதங்கள்  ,கே.ஆர்.வாசுதேவன் ,பூரம் பதிப்பகம்,2010,,சிறுவர் நூல்கள்,
2966,,2966,விஞ்ஞான விநோதக் கதைகள் ,கே.என்.ராமச்சந்திரன்,அலமு நிலையம்,1989,7.50,சிறுவர் நூல்கள்,
2967,,2967,மனம் விட்டுச் சிரியுங்கள் ,கே.ஜி.எப்.பழனிச்சாமி,கவிதா பப்ளிகேசன்ஸ்,1999,25.00,சிறுவர் நூல்கள்,
2968,,2968,அறுவை ஜோக்ஸ்,கே.ஜி.எப்.பழனிச்சாமி,கவிதா பப்ளிகேசன்ஸ்,1998,20.00,சிறுவர் நூல்கள்,
2970,,2970,உச்சிமலை ரகசியம்,கொ.மா.கோதண்டன்,நர்மதா பதிப்பகம்,1994,16.00,சிறுவர் நூல்கள்,
2971,,2971,"கள்ளனுக்குப்பாதி, குள்ளனுக்குப்பாதி",கோ.மோகனரங்கன்,வசந்தா பதிப்பகம்,1985,7.75,சிறுவர் நூல்கள்,
2973,,2973,டாக்டர் ராதாகிருஷ்ணன்,கௌசிகன்,வானதி பதிப்பகம்,1987,7.00,வாழ்க்கை வரலாறு,
2974,,2974,வெடிச் சிரிப்புகள் ,சங்கர்,கவிதா பப்ளிகேசன்ஸ்,1997,18.00,சிறுவர் நூல்கள்,
2975,,2975,பரிவு,சங்கரராம்,முத்தமிழ் நூலக பிரசுரம்,1964,1.75,சிறுகதைகள்,
2977,,2977,மானம்காத்த மருது பாண்டியர்,சஞ்சீவி,பாரி நிலையம்,1954,1.80,சிறுவர் நூல்கள்,
2978,,2978,அன்னையடா அன்னை,சண்முகம்,வளர்மதி பதிப்பகம்,1971,2.75,கவிதைகள்,
2979,,2979,கங்குல் வெள்ளம்,சண்முகம்,வளர்மதி பதிப்பகம்,1968,1.25,கவிதைகள்,
2980,,2980,இந்தியா 1000 கேள்வி பதில்கள் ,சா.ஆனந்தகுமார்,அருந்ததி நிலையம்,2008,40.00,சிறுவர் நூல்கள்,
2984,,2984,திராவிட நாட்டுக்  கதைகள்,சிரஞ்சீவி,பிரேமா பிரசுரம்,1997,58.00,சிறுவர் நூல்கள்,
2985,,2985,உமாக்குட்டியின் அம்மாயி,சிவதாஸ்,அறிவியல் வெளியீடு,2005,25.00,சிறுவர் நூல்கள்,
2986,,2986,உலக நீதிக்கதைகள்,சிவபாரதி,ராமையா பதிப்பகம்,2012,60.00,சிறுவர் நூல்கள்,
2987,,2987,தெனாலி ராமன் நாடகங்கள்,சுகுமாரன்,தாமரை பப்ளிகேசன்ஸ்,2013,80.00,சிறுவர் நூல்கள்,
2988,,2988,பஞ்ச தந்திர கதைகள்,சுப்ரஜா,சந்தியா பதிப்பகம்,2009,90.00,சிறுவர் நூல்கள்,
2989,,2989,ஸ்ரீரங்கத்து தேவதைகள் ,சுஜாதா,விசா பப்ளிகேசன்ஸ்,1997,28.00,சமூக நாவல்,
2990,,2990,மத்யமர்,சுஜாதா,விசா பப்ளிகேசன்ஸ்,,43.00,சிறுகதைகள்,
2991,,2991,புதிய நீதிக்கு கதைகள் ,சுஜாதா,உயிர்மை பதிப்பகம்,2005,90.00,சிறுவர் நூல்கள்,
2992,,2992,சுப்ரமணிய பாரதி,செந்துறை முத்து,வானதி பதிப்பகம்,1979,2.00,சிறுவர் நூல்கள்,
2993,,2993,எந்திர நாய் குட்டியும் நிலா பையனும் ,செங்கோ,நியுசெஞ்சுரி புக் ஹவுஸ்,2008,50.00,சிறுவர் நூல்கள்,
2994,,2994,குமரனுக்குக் கடிதங்கள்,சே.கணேசலிங்கம்,குமரன் பப்ளிகேசன்ஸ்,2008,48.00,சிறுவர் நூல்கள்,
2995,,2995,ஹாத்திம் தாய்,சேரன்,பிரேமா பிரசுரம்,2000,65.00,சிறுவர் நூல்கள்,
2996,,2996,1௦௦ குட்டிக்கதைகள் ,சேவியர் அந்தோணி,விஜயா பதிப்பகம்,2010,90.00,சிறுவர் நூல்கள்,
2997,,2997,அழகர் கிள்ளைவிடுத்துது,சொக்கநாதன்,தி.சை.சி.நூற்பதிப்புக் கழகம்,1967,,சிறுவர் நூல்கள்,
2998,,2998,கோக் - வரலாறு,சொக்கன்,கிழக்கு பதிப்பகம்,2008,75.00,பொது அறிவு,
2999,,2999,அப்பா மகன் ,சோம.வள்ளியப்பன்,விஜயா பதிப்பகம்,2011,55.00,சிறுவர் நூல்கள்,
3000,,3000,நாட்டுப்புற சிறுகதைகள் ,சோலை சுந்தரபெருமாள்,பாவை பப்ளிகேசன்ஸ்,2007,45.00,சிறுவர் நூல்கள்,
3001,,3001,தந்தையும் மகனும்,டால்ஸ்டாய்,நியுசெஞ்சுரி புக் ஹவுஸ்,1972,2.00,சிறுவர் நூல்கள்,
3002,,3002,சிரிப்பூக்கள் ,டி.என்.இமாஜான்,அறிவுப் பதிப்பகம்,2010,55.00,சிறுவர் நூல்கள்,
3003,,3003,சொல் வரலாறு,தங்கவயல் லோகிதாசன்,மணி பதிப்பகம்,1991,20.00,மொழியியல்,
3004,,3004,மூவேந்தர் உலா,தங்கவயல் லோகிதாசன்,ஓரி நிலையம்,,1.50,இலக்கியம்,
3005,,3005,வான்வெளி பயணம்,தாமோதரன்,கலைக்கதிர் வெளியீடு,1958,3.00,சிறுவர் நூல்கள்,
3006,,3006,பரம்பரை குணம் ,தி.நடராசன்,சர்வோதயா பதிப்பகம்,1981,5.00,சிறுவர் நூல்கள்,
3008,,3008,தமிழகத்தில் தங்கக்காசு,து.முரளிகிருஷ்ணன்,ஸ்ரீ வச்சலா பதிப்பகம்,1958,15.00,சிறுவர் நூல்கள்,
3009,,3009,குஞ்சரத்தின் கதை,தென் அரசு,முத்து புத்தக நிலையம்,1959,1.75,சிறுவர் நூல்கள்,
3010,,3010,நினைத்தால் நிம்மதி ,தென்கச்சி கோ.சுவாமிநாதன் ,விகடன் பிரசுரம்,2011,65.00,சிறுவர் நூல்கள்,
3012,,3012,தமிழுக்குத் தலை,தொலைக்காப்பியன்,எத்திராஜ் பதிப்பகம்,2002,40.00,சிறுவர் நூல்கள்,
3013,,3013,ஐ… பாட்டி ,நந்தினி கார்க்கி,மெல்லினம்,2003,,சிறுவர் நூல்கள்,
3015,,3015,ஆயிரம் நீதிக்கதைகள்,நாடோடி,சாந்தி பதிப்பகம்,1991,45.00,சிறுவர் நூல்கள்,
3016,,3016,இது ஓர் இந்திய குழந்தை ,நித்தியமூர்த்தி,பூங்கொடி பதிப்பகம்,1994,25.00,சிறுகதைகள்,
3018,,3018,கவிமணியின் கதை,நீலமணி,பழனியப்பா பிரதர்ஸ்,1977,3.50,சிறுவர் நூல்கள்,
3020,,3020,பீர்பால் கதைகள் ,பட்டத்தி மைந்தன்,ராமையா பதிப்பகம்,2007,60.00,சிறுவர் நூல்கள்,
3022,,3022,இளங்கோவடிகள்,பழனிச்சாமி,பழநி பதிப்பகம்,1988,12.00,சிறுவர் நூல்கள்,
3023,,3023,முத்தான 10 கதைகள்,பழனியப்பன்,நியுசெஞ்சுரி புக் ஹவுஸ்,1994,17.00,சிறுவர் நூல்கள்,
3025,,3025,ஆடிப்பாரு மங்காத்தா,பா.ராகவன்,மதி நிலையம்,2014,100.00,அரசியல்,
3026,,3026,உலகை வியக்க வைக்கும் கின்னஸ் சாதனைகள்,பாபநாசம்குரல்ப்பித்தான்,அம்சா பதிப்பகம்,1998,36.00,பொது அறிவு,
3027,,3027,பெண்ணொன்று கண்டேன் ,பாமரன்,அம்ருதா பதிப்பகம்,2009,70.00,கட்டுரைகள்,
3028,,3028,வேடிக்கை கதைகள்,பாரதியார்,#,,,சிறுவர் நூல்கள்,
3030,,3030,ஞானரதம்,பாரதியார்,தமிழ்ப்பண்ணை,1963,1.25,சிறுவர் நூல்கள்,
3031,,3031,பாரதியார் கதைகள் ,பாரதியார்,அருணா பதிப்பகம்,1964,2.50,சிறுவர் நூல்கள்,
3032,,3032,பாரதியின் வேடிக்கை கதைகள்,பாரதியார்,தாமரை பப்ளிகேசன்ஸ்,2013,115.00,சிறுவர் நூல்கள்,
3033,,3033,பெரியபுராணக்கதைகள் ,பாலகுமாரன்,விசா பப்ளிகேசன்ஸ்,1999,56.00,ஆன்மீகம்,
3034,,3034,சத்தியமூர்த்தியின் கதை,பாலாஜி ,பாரதி பதிப்பகம்,1991,6.50,வாழ்க்கை வரலாறு,
3036,,3036,மனித கதை,பிறபிகர்,பாரதி புத்தகாலயம்,2010,90.00,பொது அறிவு,
3037,,3037,கடமை உயர்வு தரும்,புலவர்அரசுமணி,சோமு புத்தக நிலையம்,1974,3.50,சிறுவர் நூல்கள்,
3038,,3038,மீண்டும் ஜென் கதைகள்,கவிஞர்.புவியரசு ,கண்ணதாசன் பதிப்பகம்,2009,60.00,சிறுவர் நூல்கள்,
3039,,3039,நல்ல நாள்,பூமணி,பாமா பிரசுரம்,1993,22.50,சிறுகதைகள்,
3041,,3041,மனிதருள் மாணிக்கம்,பொன்பரமகுரு,Brain Bank,2004,25.00,வாழ்க்கை வரலாறு,
3043,,3043,குலோத்துங்கன் மூவர்,பொன்னுசாமி,தி.சை.சி.நூற்பதிப்புக் கழகம்,1954,,சிறுவர் நூல்கள்,
3044,,3044,வானதி பதிப்பகம் சிறப்பு சிறுகதைகள் - 4,மகரம்,வானதி பதிப்பகம்,1998,40.00,சிறுவர் நூல்கள்,
3045,,3045,வானதி பதிப்பகம் சிறப்பு சிறுகதைகள் - 3,மகரம்,வானதி பதிப்பகம்,1992,40.00,சிறுவர் நூல்கள்,
3046,,3046,கென்னடியின் கதை,மாயன்,விகடன் பிரசுரம்,1964,,சிறுவர் நூல்கள்,
3047,,3047,கென்னடியின் கதை,மாயன் ,விகடன் பிரசுரம்,1964,,சிறுவர் நூல்கள்,
3048,,3048,தீச்சுடர்கள்,மார்க்கோ-யூ,முன்னேற்ற பதிப்பகம்,,2.50,சிறுவர் நூல்கள்,
3049,,3049,அன்புமுடி,மீனாட்சி சுந்தரம்,கயிலை பதிப்பகம்,,2.00,இலக்கியம்,
3050,,3050,அறிஞர் பெர்னாட்ஷா,மு.வ ,பாரி நிலையம்,1955,2.00,சிறுவர் நூல்கள்,
3052,,3052,அகலிகை,முத்தையா,#,,,சிறுவர் நூல்கள்,
3053,,3053,பஞ்சதந்திர கதைகள் - 1,முத்தையா,நியுசெஞ்சுரி புக் ஹவுஸ்,1993,25.00,சிறுவர் நூல்கள்,
3054,,3054,பஞ்சதந்திர கதைகள் - 2,முத்தையா,நியுசெஞ்சுரி புக் ஹவுஸ்,1993,20.00,சிறுவர் நூல்கள்,
3058,,3058,பரமார்த்த குரு கதைகள் ,முருகேசன்,ராமையா பதிப்பகம்,2012,60.00,சிறுவர் நூல்கள்,
3059,,3059,மரியாதைராமன் தீர்ப்புக் கதைகள் ,முல்லை.முத்தையா,நியுசெஞ்சுரி புக் ஹவுஸ்,2010,35.00,சிறுவர் நூல்கள்,
3060,,3060,எண்ணி விளையாட எண்கள்,மெ.மெய்யப்பன்,நியுசெஞ்சுரி புக் ஹவுஸ்,2006,40.00,சிறுவர் நூல்கள்,
3063,,3063,ஈசாப் கதைகள்,ரா.சரஸ்வதி,பிரேமா பிரசுரம்,2000,22.00,சிறுவர் நூல்கள்,
3064,,3064,"அணியும், மணியும்",ரா.சீனிவாசன்,பாரி நிலையம்,1959,2.00,சிறுவர் நூல்கள்,
3065,,3065,பசும்பொன் சிங்கம்,ராமகிருஷ்ணன்,சரவணா பதிப்பகம்,1984,10.00,சிறுவர் நூல்கள்,
3068,,3068,வாழ்க தம்பதிகள்,ராஜா சேகரன்,மோகன் & ராஜ் பதிப்பகம்,1960,1.00,சிறுவர் நூல்கள்,
3074,,3074,பரமார்த்தகுரு நகைச்சுவைக் கதைகள் ,வழித்துணை ராமன்,சாந்தி நிலையம்,1994,12.00,சிறுவர் நூல்கள்,
3075,,3075,நெஞ்சத்திரையில் நினைவுகோடுகள்,வளவன் ,முத்தையன் பதிப்பகம்,1998,25.00,சிறுவர் நூல்கள்,
3076,,3076,ஔவையார் அருளிய ஆத்திச்சூடி ,வாண்டு மாமா,வானதி பதிப்பகம்,1997,24.00,சிறுவர் நூல்கள்,
3078,,3078,மூலைக்கு வேலை - 1 ,வாண்டு மாமா ,வானதி பதிப்பகம்,1993,18.00,சிறுவர் நூல்கள்,
3079,,3079,திருக்குறள் கதைகள்,வாரியார்,குகஸ்ரீ வாரியார் பதிப்பகம்,2007,35.00,சிறுவர் நூல்கள்,
3080,,3080,தென்கச்சியின் 100 சுவையான தகவல்கள்,வானதி பதிப்பகம்,வானதி பதிப்பகம்,2013,175.00,சிறுவர் நூல்கள்,
3082,,3082,மாயக்கண்ணாடி,வி.எஸ்.வெங்கடேசன்,பாரதி பதிப்பகம்,1995,15.00,சிறுவர் நூல்கள்,
3083,,3083,ஒரு நிமிட கதைகள்,விகடன் பிரசுரம்,விகடன் பிரசுரம்,2008,40.00,சிறுவர் நூல்கள்,
3084,,3084,வயிறு குலுங்கச் சிரியுங்கள் ,விக்னேஷ்,கண்ணப்பன் பதிப்பகம்,2010,25.00,சிறுவர் நூல்கள்,
3085,,3085,விவேகக் கதைகள்,விவேகானந்தர்,ஸ்ரீராமகிருஷ்ண மடம்,1997,12.00,சிறுவர் நூல்கள்,
3086,,3086,மா கடிகாரம் ,விழியன் ,Books of Children,2013,30.00,சிறுவர் நூல்கள்,
3088,,3088,அருள் அமுதம்,வே. கபிலன்,வள்ளுவர் பண்ணை,1962,2.00,சிறுவர் நூல்கள்,
3089,,3089,வாழ்ந்து காட்டுங்கள்,வே. கபிலன்,வள்ளுவர் பண்ணை,1961,1.00,சிறுவர் நூல்கள்,
3090,,3090,பொது அறிவுக்களஞ்சியம்  ,வே.தமையந்திரன்,வித்யா பப்ளிகேசன்,2005,80.00,பொது அறிவு,
3091,,3091,நீதி நூல்,வேதநாயகம்,தி.சை.சி.நூற்பதிப்புக் கழகம்,1956,,சிறுவர் நூல்கள்,
3092,,3092,மாயவிளக்கு,வை.கோவிந்தன்,கண்ணப்பன் பதிப்பகம்,1994,25.00,சிறுவர் நூல்கள்,
3093,,3093,அணில் அண்ணன் கதைகள் ,வை.கோவிந்தன் ,நியுசெஞ்சுரி புக் ஹவுஸ்,2010,35.00,சிறுவர் நூல்கள்,
3094,,3094,மகாபாரத கதை,வைத்யானந்தன்,தமிழ்ப் புத்தகாலயம்,1988,5.00,சிறுவர் நூல்கள்,
3095,,3095,சிற்பியே உன்னை செதுக்குகிறேன்,வைரமுத்து,சூர்யா பதிப்பகம்,1995,20.00,கட்டுரைகள்,
3096,,3096,ஆறாவது தாகம்,ஜெகசிற்பியன்,வானதி பதிப்பகம்,,,சமூக நாவல்,
3097,,3097,குழந்தைகளுக்கான மனோ தத்துவ கதைகள்,ஜெகதா ,சாருபிரபா பப்ளிகேஷன்,2007,40.00,சிறுவர் நூல்கள்,
3099,,3099,கரிகால் வளவன்,ஜெகநாதன்,அமுத நிலையம்,1952,1.40,சிறுவர் நூல்கள்,
3100,,3100,குமண வள்ளல்,ஜெகநாதன்,அமுத நிலையம்,1958,1.25,சிறுவர் நூல்கள்,
3101,,3101,முன்னிர் விழா ,ஜெகநாதன்,அமுத நிலையம்,1958,1.75,சிறுவர் நூல்கள்,
3102,,3102,யாருக்காக அழுதான்,ஜெயகாந்தன்,மீனாட்சி புத்தக நிலையம்,1966,2.00,சிறுவர் நூல்கள்,
3104,,3104,உலக அரங்கில் ,ஸ்ரீனிவாசன்,டி.கே.எஸ்.சரஸ்வதி,1983,6.00,சிறுவர் நூல்கள்,
3105,,3105,கி.மு.வில் சோமு,சிம்பு,நர்மதா பதிப்பகம்,1999,27.00,சிறுவர் நூல்கள்,
3106,,3106,விரதவீரர் பீஷ்மர்,தபோவன பிரசுராலயம்,தபோவன பிரசுராலயம்,1953,,சிறுவர் நூல்கள்,
3107,,3107,சிறுவருக்கான சிறுகதைகள்,மனிதவள மேம்பாட்டுக்கான கல்விமுறை,,1984,,சிறுவர் நூல்கள்,
3109,,3109,ஸ்வாமியும் ஸ்நேகிதர்களும்,ஆர்.கே.நாராயணன்,விகடன் பிரசுரம்,2006,90.00,சிறுவர் நூல்கள்,
3110,,3110,மதன காமராசன் கதைகள்,அரு.ராமநாதன்,#,,,சிறுவர் நூல்கள்,
3111,,3111,பஞ்ச தந்திர கதைகள்,சுப்ரஜா,மணிமேகலை பிரசுரம்,1990,26.00,சிறுவர் நூல்கள்,
3113,,3113,பகத்சிங் மணி மொழிகள்,பாவலர் கருமலைப் பழநி,பயணம் பதிப்பகம்,2011,40.00,சிறுவர் நூல்கள்,
3115, ,3115,வண்ணப்பூக்கள் - 2,ப.நீலகண்டன்,வானதி பதிப்பகம்,1979,9.00,சிறுவர் நூல்கள்,
3119,,3119,வேதாளம் சொன்ன புதிர் கதைகள்,நெ.சி.தெய்வசிகாமணி,கண்ணப்பன் பதிப்பகம்,2013,40.00,சிறுவர் நூல்கள்,
3123,,3123,விதியா? மதியா?,ஜான் பிரகாஷ்,நாளை வெளியீடு,1993,18.00,பொது அறிவு,
3124,,3124,அரிச்சந்திரன்,நெ.சி.தெய்வசிகாமணி,கண்ணப்பன் பதிப்பகம்,2014,35.00,சிறுவர் நூல்கள்,
3125,,3125,பசுமை நினைவுகள் (மொழிபெயர்ப்பு),ஆ.சு.இளங்கோவன்,சாகித்திய அக்காதெமி,2001,75.00,மொழிபெயர்ப்பு,
3126,,3126,பிரேம்சந்தின் சிறந்த சிறுகதைகள் (சாகித்ய அகாடமி),என்.ஸ்ரீதரன்,சாகித்திய அக்காதெமி,2003,50.00,சிறுகதைகள்,
3127,,3127,சிந்துவும் வண்ணக் குருவியும்,ஏ.ஆர்.முருகேசன்,வெற்றிமொழி பதிப்பகம்,2016,,சிறுவர் நூல்கள்,
3130,,3130,ஏமாற்றாதே ஏமாறாதே,ஆசி.கண்ணம்பிரத்தினம்,அறிவுப் பதிப்பகம்,2010,40.00,சிறுவர் நூல்கள்,
3131,,3131,பரமார்த்த குரு கதைகள்,முல்லை முத்தையா,,,,சிறுவர் நூல்கள்,
3132,,3132,ஈசாப் கதைகள்,பரத்குமார்,சென்னை புக்ஸ்,2016,25.00,சிறுவர் நூல்கள்,
3133,,3133,பஞ்சதந்திரக் கதைகள்,பி.எஸ்.ஆச்சார்யா,நர்மதா பதிப்பகம்,2013,300.00,சிறுவர் நூல்கள்,
3134,,3134,தர்மத்தலைவர் கர்ம வீரர் காமராஜர்,கமலா கந்தசாமி,திருமகள் நிலையம்,2015,60.00,வாழ்க்கை வரலாறு,
3135,,3135,சிந்துபாத்தின் சாகச கடற்பயணாங்கள்,அருள்நம்பி,நற்பவி பதிப்பகம்,2013,70.00,சிறுவர் நூல்கள்,
3136,,3136,அலாவுதீனும் அற்புத விளக்கும்,சி.எஸ்.தேவ்நாத்,நற்பவி பதிப்பகம்,2014,70.00,சிறுவர் நூல்கள்,
3137,,3137,சரித்திர சம்பவங்கள்,வாண்டுமாமா,கங்கை புத்தகநிலையம்,2016,70.00,சிறுவர் நூல்கள்,
3138,,3138,பட்டிவேதாளம் விக்கிரமாதித்தன் கதைகள்,பி.எஸ்.ஆச்சார்யா,நர்மதா பதிப்பகம்,2017,400.00,சிறுவர் நூல்கள்,
3139,,3139,சந்திரஹாசம் (சித்திர தொகுப்பு),சு.வெங்கடேசன்,விகடன் பிரசுரம்,2018,,சிறுவர் நூல்கள்,
3140,,3140,முல்லா கதைகள்,எஸ்.லீலா,கண்ணப்பன் பதிப்பகம்,2013,50.00,சிறுவர் நூல்கள்,
3141,,3141,சிறுவர்களுக்கான சித்திரசிறுகதைக் களஞ்சியம்,அருள்நம்பி,நர்மதா பதிப்பகம்,,,,
3142,,3142,புதிய நீதிக்கதைகள்,சுஜாதா,உயிர்மை பதிப்பகம்,,,,
3143,,3143,பாரதியின் பூனைகள்,மருதன்,தமிழ் திசை,2019,80.00,சிறுவர் நூல்கள்,
3144,,3144,ஒரே நாளில் கணித மேதை ஆகலாம்,க.ஸ்ரீதரன்,நர்மதா பதிப்பகம்,2016,140.00,சிறுவர் நூல்கள்,
3152,,3152,புதிய தமிழ் சிறுகதைகள்,அசோகமித்திரன்,நேஷனல் புக் டிரஸ்ட்,1999,30.00,சிறுகதைகள்,
3153,,3153,மங்கம்மா சத்திரத்து மனமோகனக்கதைகள் - 1,"அரு.ராமநாதன் 
நாக.முத்தையா",பிரேமா பிரசுரம்,1998,58.00,சிறுகதைகள்,
3155,,3155,தவிப்பு ,இரா.கதைப்பித்தன்,கவிதா பதிப்பகம்,1975,5.00,சிறுகதைகள்,
3156,,3156,தயவு செய்து ,இலக்கிய சிந்தனை,வானதி பதிப்பகம்,1984,10.00,சிறுகதைகள்,
3163,,3163,கூளப்ப நாயக்கன் காதல் ,கண்ணதாசன் ,கண்ணதாசன் பதிப்பகம்,2001,15.00,சிறுகதைகள்,
3164,,3164,கல்கி சிறுகதைகள்,கல்கி,எல் கே எம் பப்ளிகேஷன்,2011,400.00,சிறுகதைகள்,
3165,,3165,தமிழ்க்கலை,கலியாணசுந்தரனார்,பாரி நிலையம்,1991,7.00,சிறுகதைகள்,
3166,,3166,முறிந்த சிறகுகள்,கலின் ஜிப்ரான்,கண்ணதாசன் பதிப்பகம்,1994,15.00,சிறுகதைகள்,
3167,,3167,கலைஞர்  சொன்ன கதைகள்,கலைஞர்,பாரதி பதிப்பகம்,2008,30.00,சிறுகதைகள்,
3170,,3170,அன்பளிப்பு ,கு.அழகிரிசாமி,தேன் மழைப் பதிப்பகம்,1992,28.00,சிறுகதைகள்,
3171,,3171,காலகண்டி,கு.அழகிரிசாமி,ஐந்திணைப் பதிப்பகம்,1988,13.50,சிறுகதைகள்,
3172,,3172,காவியும் காதலும் ,கு.அழகிரிசாமி,ஐந்திணைப் பதிப்பகம்,1990,20.00,சிறுகதைகள்,
3173,,3173,புதிய ரோஜா ,கு.அழகிரிசாமி,ஐந்திணைப் பதிப்பகம்,1990,13.00,சிறுகதைகள்,
3176,,3176,மதினிமார்கள் கதை,கோணங்கி,அன்னம் பதிப்பகம்,1987,8.00,சிறுகதைகள்,
3179,,3179,ஓலைப் பட்டாசு,சுஜாதா,விசா பப்ளிகேசன்,2002,40.00,சிறுகதைகள்,
3181,,3181,கேட்டிருப்பாய் காற்றே,செ.யோகநாதன் ,ஐந்திணைப் பதிப்பகம்,1984,12.00,சிறுகதைகள்,
3186,,3186,பேசும் கலை,ஞானசம்பந்தன் ,நியுசெஞ்சுரி புக் ஹவுஸ்,2005,50.00,கட்டுரைகள்,
3187,,3187,ரங்மஹால்,த.நா.குமரஸ்வாமி,பூரவி பதிப்பகம்,1978,4.00,சிறுகதைகள்,
3188,,3188,நாரணம்மா,தனுஷ்கோடி ராமசாமி,அன்னம் பதிப்பகம்,1983,8.50,சிறுகதைகள்,
3189,,3189,கைக்குள் வானம்,திலகவதி,நர்மதா பதிப்பகம்,1992,40.00,சிறுகதைகள்,
3190,,3190,தென்கச்சியின் 100 சுவையான தகவல்,தென்கச்சி சாமிநாதன்,வானதி பதிப்பகம்,2014,200.00,பொது அறிவு,
3191,,3191,தத்துவ தரிசனம் ,தேவபாரதி,கலைஞன் பதிப்பகம்,1974,4.50,சிறுகதைகள்,
3193,,3193,ந.பிச்சமூர்த்தி கதைகள் - 2,ந.பிச்சமூர்த்தி,மதி நிலையம்,2000,125.00,சிறுகதைகள்,
3194,,3194,உளி தொடாத சிலை,திலகவதி,நர்மதா பதிப்பகம்,1995,43.00,சிறுகதைகள்,
3195,,3195,"தெய்வங்கள், ஓநாய்கள், ஆடுகள். ",நாஞ்சில்நாடன்,புஷ்பாஞ்சலி பதிப்பகம்,1981,4.00,சிறுகதைகள்,
3196,,3196,தெற்கே செல்லும் டீசல் வண்டி ,நீலவன் ,தமிழரசி பதிப்பகம்,1981,10.00,சிறுகதைகள்,
3197,,3197,எனது நினைவுகள் ,பக்தவச்சலம்,ஜனநாயக் சேவா சங்கம்,1971,6.00,வாழ்க்கை வரலாறு,
3199,,3199,ஒரு தேசத்தின் டைரி,பவா.சமத்துவன்,செஞ்சூர்யா பதிப்பகம்,1992,25.00,சிறுகதைகள்,
3200,,3200,பாரதிதாசன் சிறுகதைகள்,பாரதிதாசன்,கங்கை புத்தக நிலையம்,1994,20.00,சிறுகதைகள்,
3201,,3201,ஒரே வானம் ஒரே நிலா,பி.வி.கிரி,திருமலை பதிப்பகம்,1991,14.00,சிறுகதைகள்,
3204,,3204,புதுமைப்பித்தன் சிறுகதைகள் ,புதுமைபித்தன்,நேஷனல் புக் டிரஸ்ட்,1993,16.00,சிறுகதைகள்,
3205,,3205,தழுவல்கள்,புதுமைபித்தன்,ஐந்திணைப் பதிப்பகம்,1992,10.00,சிறுகதைகள்,
3206,,3206,புதுமைப்பித்தன் கதைகள்,பூம்புகார் பதிப்பகம்,பூம்புகார் பதிப்பகம்,2006,200.00,சிறுகதைகள்,
3207,,3207,பூக்காத மாலை (சிறுகதைகள்),பொன்னுசாமி,குமரி பதிப்பகம்,1998,35.00,சிறுகதைகள்,
3208,,3208,தேர்ந்தெடுத்த கதைகள் ,மக்சீம் கார்க்கி ,ராதுகா பதிப்பகம்,1990,25.00,சிறுகதைகள்,
3209,,3209,அன்று - 2,மாலன்,ஓரியண்ட் லாங்மேன்,1993,55.00,சிறுகதைகள்,
3210,,3210,இன்னொரு மகாத்மா ,முத்து. தங்க ஐயப்பன்,மணிவண்ணன் பதிப்பகம்,1990,10.00,சிறுகதைகள்,
3212,,3212,ஏவாளின் இன்னொரு முகம்,மேத்தா,தேன்தமிழ் பதிப்பகம்,1975,4.00,சிறுகதைகள்,
3213,,3213,மூன்று தடியர்கள்,யூரி சுலேகா ,ராதுகா பதிப்பகம்,1985,,சிறுவர் நூல்கள்,
3215,,3215,அவள் ,லா.ச.ராமாமிர்தம்,வானதி பதிப்பகம்,1995,90.00,சிறுகதைகள்,
3216,,3216,கிரகப் பிரவேசம் ,வசந்த் செந்தில்,இலக்குமி நிலையம்,2000,30.00,சிறுகதைகள்,
3218,,3218,இராயர் அப்பாஜியின் நகைசுவைக்கதைகள்,வழித்துணைராமன்,பாரதி பதிப்பகம்,1993,6.00,சிறுவர் நூல்கள்,
3219,,3219,கணையாழிக் களஞ்சியம்,வே.சபாநாயகம்,கலைஞன் பதிப்பகம்,2000,250.00,சிறுகதைகள்,
3222,,3222,கிழமைக் கதைகள்,,கலைமகள் காரியாலயம்,1957,1.80,சிறுகதைகள்,
3223,,3223,கசடதபற தொகுப்பு,சா.கந்தசாமி,கலைஞன் பதிப்பகம்,1999,100.00,சிறுகதைகள்,
3225,,3225,மணிக்கொடி தொகுப்பு ,தொகுப்பு,கலைஞன் பதிப்பகம்,2001,300.00,சிறுகதைகள்,
3226,,3226,சுவையான பிரஞ்சு பக்கங்கள்,சு.சச்சிதானந்தம்,சாரதா பதிப்பகம்,1991,16.00,சிறுகதைகள்,
3227,,3227,முதல்பரிசு,கவிமதி சோலாச்சி,இனிய நந்தவனம் பதிப்பகம்,2016,110.00,சிறுகதைகள்,
3228,,3228,அறிவியல் அறிந்திடு பாப்பா,செம்பை சேவியர்,தாமரை பப்ளிகேசன்,2013,50.00,சிறுவர் நூல்கள்,
3229,,3229,கதைகள் விதைகள்,இந்திரா சௌந்தர்ராஜன்,திருமகள் நிலையம்,2018,140.00,சிறுகதைகள்,
3230,,3230,இந்திரா சௌந்தரராஜன் சிறுகதைகள்,இந்திரா சௌந்தரராஜன்,திருமகள் நிலையம்,2018,120.00,சிறுகதைகள்,
3231,,3231,ராஜேஷ்குமார் சிறந்த சிறுகதைகள்,ராஜேஷ்குமார்,உயிர்மை பதிப்பகம்,2019,200.00,சிறுகதைகள்,
3232,,3232,ஜெயகாந்தன் கதைகள்,ஜெயகாந்தன்,விகடன் பிரசுரம்,2018,490.00,சிறுகதைகள்,
3233,,3233,காதலும் காமமும் பாகம்-1,வலம்புரி ஜான்,நக்கீரன்,2010,,சிறுகதைகள்,
3234,,3234,காதலும் காமமும் பாகம்-2,வலம்புரி ஜான்,நக்கீரன்,2010,190.00,சிறுகதைகள்,
3235,,3235,மங்கம்மா சத்திரத்து மனமோகனக்கதைகள் - 2,"அரு.ராமநாதன் 
நாக.முத்தையா",பிரேமா பிரசுரம்,1998,67.00,சிறுகதைகள்,
3236,,3236,சுபா சிறுகதை தொகுப்பு பாகம்-1,சுபா,பூம்புகார் பதிப்பகம்,,,சிறுகதைகள்,
3237,,3237,அனுராதா ரமணனின் சிறுகதைகள் பாகம்-1,அனுராதா ரமணன்,பூம்புகார் பதிப்பகம்,,,சிறுகதைகள்,
3238,,3238,அனுராதா ரமணனின் சிறுகதைகள் பாகம்-2,அனுராதா ரமணன்,பூம்புகார் பதிப்பகம்,,,சிறுகதைகள்,
3239,,3239,பாலகுமாரன் சிறுகதைகள் பாகம் 1,பாலகுமாரன்,விசா பப்ளிகேஷன்ஸ்,2019,385.00,சிறுகதைகள்,
3240,,3240,பாலகுமாரன் சிறுகதைகள் பாகம் 2,பாலகுமாரன்,விசா பப்ளிகேஷன்ஸ்,2018,310.00,சிறுகதைகள்,
3241,,3241,மண்... மக்கள்... தெய்வங்கள் !,வெ.நீலகண்டன் ,விகடன் பிரசுரம்,2019,185.00,சிறுகதைகள்,
3242,,3242,எமகாதக எத்தர்கள்,சி.ஹரிகிருஷ்ணன்,கிழக்கு பதிப்பகம்,2017,175.00,சிறுகதைகள்,
3243,,3243,தற்கொலை - குறுங்கதைகள்,அராத்து,கிழக்கு பதிப்பகம்,2017,250.00,சிறுகதைகள்,
3244,,3244,கதைகளின் கதை,சு.வெங்கடேசன்,விகடன் பிரசுரம்,2019,165.00,சிறுவர் நூல்கள்,
3245,,3245,மௌனி படைப்புகள் - தொகுப்பு,சுகுமாரன்,காலச்சுவடு பதிப்பகம்,2019,325.00,சிறுகதைகள்,
3246,,3246,அதிகாரி,ஆத்மார்த்தி,உயிர்மை பதிப்பகம்,2019,140.00,சிறுகதைகள்,
3247,,3247,எஸ்.ராமகிருஷ்ணன் கதைகள் முதல் தொகுதி,எஸ்.ராமகிருஷ்ணன்,உயிர்மை பதிப்பகம்,2014,630.00,சிறுகதைகள்,
3248,,3248,எஸ்.ராமகிருஷ்ணன் கதைகள் இரண்டாம் தொகுதி,எஸ்.ராமகிருஷ்ணன்,உயிர்மை பதிப்பகம்,2014,410.00,சிறுகதைகள்,
3249,,3249,நாட்டுப்புறக் கதைகள்,பட்டத்தி மைந்தன்,மங்கை வெளியீடு,2015,400.00,சிறுகதைகள்,
3250,,3250,சபர்மதி ஆற்றோரம் - சங்கத்தமிழர் வரலாறு,செந்தமிழ் செல்வன் ,அன்பு பதிப்பகம்,2000,30.00,மொழியியல்,
3252,,3252,கூத்தும் சிலம்பும்,அ. அறிவுநம்பி,அறிவுநம்பி பதிப்பகம்,1980,7.00,மொழியியல்,
3253,,3253,தீந்தமிழ் செல்வம்,அ. மு. குழந்தை,லோட்டஸ் பப்ளிகேசன்ஸ்,1963,1.75,மொழியியல்,
3254,,3254,உலக தமிழர்களுக்கான தமிழ் முகவரி களஞ்சியம்,அ.சரவணகுமார்,"ஓவியம் தமிழ்
தகவல் மையம்",2001,175.00,மொழியியல்,
3255,,3255,ஓளவையாரின் அறநூல்கள் ,அ.சா.குருசாமி,சுரா பதிப்பகம்,2007,300.00,இலக்கியம்,
3261,,3261,பாரத அன்னைக்கு நீதி விடு தூது - 6,ஆ.நா வாய்மை,நவமி பதிப்பகம்,2002,30.00,மொழியியல்,
3262,,3262,பாரத அன்னைக்கு நீதி விடு தூது - 7,ஆ.நா வாய்மை,நவமி பதிப்பகம்,2002,30.00,மொழியியல்,
3263,,3263,19 ஆம் நூற்றாண்டு தமிழ் இதழ்கள்,அ.மா.சாமி,நவமணி பதிப்பகம்,1992,75.00,மொழியியல்,
3264,,3264,திருக்குறள் அம்மனை,அரங்கநாதராசன்,அகத்தியர் அச்சகம்,2010,60.00,மொழியியல்,
3265,,3265,ஈழம் தமிழினம் இந்தியா ,அரு.கோபாலன் ,முத்தமிழ்ப் புத்தகாலயம்,1987,20.00,மொழியியல்,
3267,,3267,தமிழரின் தத்துவ மரபு - 1,அருணன்,வசந்தம் வெளியீடு,2004,100.00,ஆன்மீகம்,
3268,,3268,தமிழர் தம் மறுபக்கம் ,க.ப.அறவாணன்,தமிழ்க்கோட்டம் பதிப்பகம்,1994,45.00,மொழியியல்,
3269,,3269,கம்பரசம்,அறிஞர் அண்ணா,பாரதி பதிப்பகம்,1996,15.00,பகுத்தறிவு,
3270,,3270,தமிழ் முழங்கும் வேளையிலே ,ஆ.சி.கந்தராஜா,மித்ரா வெளியீடு,2000,60.00,மொழியியல்,
3271,,3271,அபிதான சிந்தாமணி,ஆ.சிங்காரவேலு,சீதை பதிப்பகம்,2012,700.00,மொழியியல்,
3272,,3272,தமிழ்நாடா?  தெலுங்கு தேசமா?,ஆதவன்.சேதுவராயன்,தமிழி பதிப்பகம்,2000,20.00,மொழியியல்,
3274,,3274,ஆனந்த விகடன் அகராதி,ஆனந்தவிகடன்,விகடன் பிரசுரம்,1948,,மொழியியல்,
3275,,3275,சிறப்புத்தமிழ் கற்பிக்கும் முறைகள் ,இ.பா.வேணுகோபால்,சாரதா பதிப்பகம்,2008,100.00,மொழியியல்,
3276,,3276,கருப்பு தமிழனே கலங்காதே ,இ.ஜே.சுந்தர்,எழில்நிலா பதிப்பகம்,1998,30.00,பொது அறிவு,
3278,,3278,வெண்பா நன்மாலை,இசைஞானி இளையராஜா,அரும்பு பதிப்பகம்,2002,80.00,கவிதைகள்,
3279,,3279,தொல்காப்பியம் சொற்பொருட் களஞ்சியம் (முதல்தொகுதி),இரா.இளங்குமரன்,தமிழ்ம்மண் பதிப்பகம்,2002,210.00,இலக்கியம்,
3280,,3280,தொல்காப்பியம் (இளம் பூரணம்),இரா.இளங்குமரன்,தமிழ்ம்மண் பதிப்பகம்,2009,220.00,இலக்கியம்,
3281,,3281,தொல்காப்பியம் (பேராசிரியம் -1),இரா.இளங்குமரன்,தமிழ்ம்மண் பதிப்பகம்,2003,180.00,இலக்கியம்,
3282,,3282,தொல்காப்பியம் (பேராசிரியம் -2),இரா.இளங்குமரன்,தமிழ்ம்மண் பதிப்பகம்,2003,255.00,இலக்கியம்,
3283,,3283,தொல்காப்பியம் (நச்சினார்கினியம் - 1),இரா.இளங்குமரன்,தமிழ்ம்மண் பதிப்பகம்,2009,285.00,இலக்கியம்,
3284,,3284,தொல்காப்பியம் (நச்சினார்கினியம் - 2),இரா.இளங்குமரன்,தமிழ்ம்மண் பதிப்பகம்,2003,220.00,இலக்கியம்,
3285,,3285,தொல்காப்பியம் (இளம்பூரணம் -1),இரா.இளங்குமரன்,தமிழ்ம்மண் பதிப்பகம்,2000,315.00,இலக்கியம்,
3286,,3286,தொல்காப்பியம் (இளம்பூரணம் -1),இரா.இளங்குமரன்,தமிழ்ம்மண் பதிப்பகம்,2003,170.00,இலக்கியம்,
3287,,3287,தொல்காப்பியம் (செய்புளியல் நச்சினார்கினியம்),இரா.இளங்குமரன்,தமிழ்ம்மண் பதிப்பகம்,2009,185.00,இலக்கியம்,
3288,,3288,தொல்காப்பியம் சொல்லதிகாரம் (சேனாவரையம்),இரா.இளங்குமரன்,தமிழ்ம்மண் பதிப்பகம்,2009,240.00,இலக்கியம்,
3289,,3289,தொல்காப்பியம் சொல்லதிகாரம் (தெய்வச்சிலையாம்),இரா.இளங்குமரன்,தமிழ்ம்மண் பதிப்பகம்,2009,215.00,இலக்கியம்,
3290,,3290,தொல்காப்பியம் சொல்லதிகாரம் (கல்லாடம்),இரா.இளங்குமரன்,தமிழ்ம்மண் பதிப்பகம்,2009,180.00,இலக்கியம்,
3291,,3291,தொல்காப்பியம் சொல்லதிகாரம் (இளம் புராணம்),இரா.இளங்குமரன்,தமிழ்ம்மண் பதிப்பகம்,2003,195.00,இலக்கியம்,
3292,,3292,தொல்காப்பியம் சொல்லதிகாரம் (நச்சினாக்கினியம்),இரா.இளங்குமரன்,தமிழ்ம்மண் பதிப்பகம்,2009,250.00,இலக்கியம்,
3293,,3293,கலித்தொகை எனும் காதல் தொகை ,இரா.சரவணமுத்து,சாரதா பதிப்பகம்,2008,180.00,இலக்கியம்,
3294,,3294,சமஸ்கிருதத்தின் தாய்மொழி தமிழே,இரா.வீரமணி,சிவத்தமிழ் பதிப்பகம்,2011,310.00,மொழியியல்,
3295,,3295,தீண்டாமை ஒழிப்பும் தமிழர் ஒற்றுமையும்,இராசேந்திரசோழன்,அலைகள் வெளியீடு,1997,48.00,அரசியல்,
3296,,3296,நானும் என் திராவிட இயக்க நினைவுகளும்,இராம.சுப்பையா,தமிழ்ப் பண்ணை,1998,25.00,வாழ்க்கை வரலாறு,
3297,,3297,இருபதாம் நூற்றாண்டு தமிழ் பெயரகராதி - 2,இராமநாதன்,இன்ஸ்டிடியூட் ஆப் சவுத் இண்டியன்,1991,,மொழியியல்,
3298,,3298,இருபதாம் நூற்றாண்டு தமிழ் பெயரகராதி - 1,இராமநாதன் ,இன்ஸ்டிடியூட் ஆப் சவுத் இண்டியன்,1991,265.00,மொழியியல்,
3299,,3299,வள்ளுவர் வாசகம் ,இராஜகோபாலாச்சாரி,கல்கி பதிப்பகம்,1960,1.00,மொழியியல்,
3300,,3300,ஜாலியா தமிழ் இலக்கணம் ,இலவச  கொத்தனார்,கிழக்கு பதிப்பகம்,2012,75.00,மொழியியல்,
3301,,3301,இந்திய இதழ்கள்,இளங்கோவன்,சேகர் பதிப்பகம்,1981,15.00,பொது அறிவு,
3302,,3302,சிலம்பு மடல்கள்,இளங்கோவன்,அல்லிராணி மின்,2000,50.00,மொழியியல்,
3303,,3303,வள்ளுவரும் வள்ளலாரும் ,இளங்கோவன் ,இளவழகன் பதிப்பகம்,2003,80.00,மொழியியல்,
3304,,3304,ஆத்மா என்றொரு தெருப்பாடகன்,இளவேனில்,நந்தன் வெளியீடு,2002,100.00,சமூக நாவல்,
3305,,3305,தமிழ் தமிழன் தமிழ்நாடு,ஈரோடு தமிழன்பன்,பூம்புகார் பதிப்பகம்,2001,42.00,மொழியியல்,
3306,,3306,TNPSC  பொதுத்தமிழ்,எக்கில்லஸ் ஐ,#,2010,190.00,பொது அறிவு,
3307,,3307,"தமிழ், தமிழன், தமிழ்நாடு",ஈரோடு தமிழன்பன்,பூம்புகார் பதிப்பகம்,2001,42.00,மொழியியல்,
3308,,3308,தமிழ் வளர்த்த பெருமக்கள் ,என்.ஸ்ரீனிவாசன்,அல்லயன்ஸ்,2002,100.00,மொழியியல்,
3309,,3309,அறிஞர்களின் பொன்மொழிகள் ,எஸ்.லாரன்ஸ்,சக்தி பப்ளிகேசன்ஸ்,,50.00,மொழியியல்,
3310,,3310,தமிழ் பண்பாடு,எஸ்.வையாபுரிப்பிள்ளை,தமிழ்ப் புத்தகாலயம்,1974,5.00,மொழியியல்,
3312,,3312,மருதநில மங்கை,க. கோவிந்தன்,தேனருவி பதிப்பகம்,1959,3.00,மொழியியல்,
3313,,3313,அற இலக்கியக் களஞ்சியம் ,க.ப.அறவாணன்,தமிழ்க்கோட்டம் பதிப்பகம்,2008,1000.00,இலக்கியம்,
3314,,3314,ஆசாரக்கோவை ,க.ப.அறவாணன்,தமிழ்க்கோட்டம் பதிப்பகம்,2010,50.00,இலக்கியம்,
3315,,3315,இன்னா நாற்பது ,க.ப.அறவாணன்,தமிழ்க்கோட்டம் பதிப்பகம்,2010,65.00,இலக்கியம்,
3316,,3316,ஏலாதி,க.ப.அறவாணன்,தமிழ்க்கோட்டம் பதிப்பகம்,2010,50.00,இலக்கியம்,
3317,,3317,ஐந்திணை ஐம்பது,க.ப.அறவாணன்,தமிழ்க்கோட்டம் பதிப்பகம்,2010,100.00,இலக்கியம்,
3318,,3318,களவழி நாற்பது ,க.ப.அறவாணன்,தமிழ்க்கோட்டம் பதிப்பகம்,2010,40.00,இலக்கியம்,
3319,,3319,கார்நாற்பது,க.ப.அறவாணன்,தமிழ்க்கோட்டம் பதிப்பகம்,2010,125.00,இலக்கியம்,
3320,,3320,சிறுபஞ்ச மூலம் ,க.ப.அறவாணன்,தமிழ்க்கோட்டம் பதிப்பகம்,2010,50.00,இலக்கியம்,
3323,,3323,தமிழர் தம் மறுபக்கம் ,க.ப.அறவாணன்,தமிழ்க்கோட்டம் பதிப்பகம்,1994,45.00,மொழியியல்,
3324,,3324,தமிழர்மேல் நிகழ்ந்த பண்பாட்டுப் படையெடுப்புகள் ,க.ப.அறவாணன்,தமிழ்க்கோட்டம் பதிப்பகம்,2009,150.00,மொழியியல்,
3325,,3325,திரிகடுகம் ,க.ப.அறவாணன்,தமிழ்க்கோட்டம் பதிப்பகம்,2010,50.00,இலக்கியம்,
3326,,3326,திருக்குறள் உரை ,க.ப.அறவாணன்,தமிழ்க்கோட்டம் பதிப்பகம்,2007,75.00,இலக்கியம்,
3327,,3327,நாலடியார் ,க.ப.அறவாணன்,தமிழ்க்கோட்டம் பதிப்பகம்,2010,150.00,இலக்கியம்,
3328,,3328,நான்மணிக்கடிகை,க.ப.அறவாணன்,தமிழ்க்கோட்டம் பதிப்பகம்,2010,50.00,இலக்கியம்,
3329,,3329,பழமொழி ,க.ப.அறவாணன்,தமிழ்க்கோட்டம் பதிப்பகம்,2010,150.00,இலக்கியம்,
3330,,3330,நல்ல தமிழ் ,க.வெள்ளிமலை,விஜயா பதிப்பகம்,2009,47.00,மொழியியல்,
3331,,3331,தமிழ்ப் புதையல் ,கண்ணப்பன் ,மங்கை வெளியீடு,2011,50.00,மொழியியல்,
3332,,3332,புதுக்குறள் ,கருணை தாசன்,கருணைதாசன் பதிப்பகம்,2000,90.00,மொழியியல்,
3333,,3333,திருக்குறள் கலைஞர் உரை,கலைஞர்,திருமகள் நிலையம்,1997,60.00,மொழியியல்,
3334,,3334,வான் புகழ் கொண்ட வள்ளுவம்,கலைஞர்,திருமகள் நிலையம்,2005,250.00,மொழியியல்,
3335,,3335,கேட்டதும் கிடைத்ததும் ,கனகசுப்புரத்தினம் ,திருக்குறள் ராமையா,1991,25.00,மொழியியல்,
3336,,3336,ஆரியர்க்கு முற்பட்ட தமிழ்ப்பண்பாடு ,கா.கோவிந்தன்,திருக்குறள் ராமையா,2011,75.00,மொழியியல்,
3337,,3337,தாய் மொழி பெறாததை சமுதாயம் பெறாது.,வ.செ.குழந்தைசாமி,பாரதி பதிப்பகம்,1996,36.00,மொழியியல்,
3338,,3338,தனிப்பாடல் திரட்டு (பல வித்துவான்கள் பாடியது -2),காசிப்பிள்ளை ,தி.தெ.சை.சி.நூற்பதிப்புக் கழகம்,2009,310.00,மொழியியல்,
3339,,3339,கலித் தொகை ,காசிவிஸ்வநாதன்,தி.தெ.சை.சி.நூற்பதிப்புக் கழகம்,1962,,இலக்கியம்,
3340,,3340,திராவிடமொழிகளின் ஒப்பிலக்கணம் ,கால்டுவெல்,சாரதா பதிப்பகம்,2011,400.00,மொழியியல்,
3341,,3341,கற்பக மலர்,கி.வா.ஜகந்நாதன்,தமிழ் எழுத்தாளார் கூட்டுறவு,1964,2.50,மொழியியல்,
3342,,3342,கம்பராமாயணக் களஞ்சியம் ,கீரன்,அல்லி நிலையம்,1987,45.00,இலக்கியம்,
3343,,3343,இந்தியாவின் தேசிய நூல்கள்,கு.மோகன்ராசு,மணிவாசகர் பதிப்பகம்,2005,40.00,மொழியியல்,
3344,,3344,திருக்குறள் பெரியாரும் திராவிட பெரியாரும்,கு.மோகனராசு,மணிவாசகர் பதிப்பகம்,2007,60.00,மொழியியல்,
3345,,3345,திருவள்ளுவர் கண்ட கடவுளும் தெய்வங்களும்,கு.மோகனராசு,மணிவாசகர் பதிப்பகம்,2006,25.00,மொழியியல்,
3346,,3346,திருவள்ளுவர் கண்ட புதுமைப்பெண் பகுதி - 2,கு.மோகனராசு,மணிவாசகர் பதிப்பகம்,2005,,மொழியியல்,
3347,,3347,வாழ்வியல் வள்ளுவம்,கு.மோகனராசு,உலக திருக்குறள் மையம்,2009,,மொழியியல்,
3348,,3348,செம்மொழி தமிழ்,குமரிச்செழியன்,சாரதா பதிப்பகம்,2012,50.00,மொழியியல்,
3349,,3349,யாப்பதிகாரம்,குழந்தை,பாரி நிலையம்,2003,45.00,மொழியியல்,
3350,,3350,அறிவியல் தமிழ்,குழந்தைசாமி,பாரதி பதிப்பகம்,1985,12.50,மொழியியல்,
3351,,3351,"தமிழில் தவறின்றி எழுத, பேச, கற்க",கோ.பெரியண்ணன்,ஜோதி புக் ஹவுஸ்,2000,48.00,மொழியியல்,
3354,,3354,முல்லை தமிழ் இலக்கண நூல்,சங்கரன்,சுரா பதிப்பகம்,,30.00,மொழியியல்,
3355,,3355,தமிழுலகம் நினைக்கமறந்த தமிழறிஞர்கள்,சத்தியமூர்த்தி,மணிவாசகர் பதிப்பகம்,2001,70.00,மொழியியல்,
3356,,3356,மதுரை தமிழ்ப் பேரகராதி - 1,சந்தியா பதிப்பகம்,சந்தியா பதிப்பகம்,2004,625.00,மொழியியல்,
3357,,3357,மதுரை தமிழ்ப் பேரகராதி - 2,சந்தியா பதிப்பகம்,சந்தியா பதிப்பகம்,2004,575.00,மொழியியல்,
3358,,3358,நாலடியார் ,சந்திரன் ,வர்த்தமானன் பதிப்பகம்,2000,10.00,மொழியியல்,
3359,,3359,புதுக்குறள் ,சாமி.சிதம்பரனார்,இலக்கிய நிலையம்,1970,1.50,மொழியியல்,
3360,,3360,இந்தியம் ஈழம் நக்சலியம்,சாலய்.இளந்திரையன்  ,சாலய் வெளியீடு,1989,7.50,மொழியியல்,
3361,,3361,தமிழ் தமிழன் தமிழ்நாடு,சாலய்.இளந்திரையன்   ,சாலய் வெளியீடு,1992,15.00,மொழியியல்,
3362,,3362,மனோன்மணியம்,சி. பாலசுப்பிரமணியம்,பாரி நிலையம்,1969,,மொழியியல்,
3363,,3363,மாக்ஸிமம் ஆப் ட்ருத் (Maximum of Truth),சி.ஆர்.ஆச்சார்யா,சி.ஆர்.ஆச்சார்யா,2000,360.00,மொழியியல்,
3364,,3364,சுகவாரி,சித்பவானந்தர் ,ஸ்ரீராமகிருஷ்ண தபோவனம்,1978,,ஆன்மீகம்,
3365,,3365,30 நாட்களில் பிரெஞ்சு பாஷை,சிவ கண்ணப்பா,பாலாஜி பப்ளிகேசன்ஸ்,2004,20.00,பொது அறிவு,
3366,,3366,தொல்காப்பியம் சிறப்பு பாயிரம் ,சிவலிங்கனார்,உலக தமிழாராய்ச்சி நிறுவனம்,1980,10.00,இலக்கியம்,
3367,,3367,தொல்காப்பியம் நூல் மரபு,சிவலிங்கனார்,உலக தமிழாராய்ச்சி நிறுவனம்,1980,9.00,இலக்கியம்,
3368,,3368,தொல்காப்பியம் - புணரியல்,சிவலிங்கனார்,உலக தமிழாராய்ச்சி நிறுவனம்,1982,10.00,இலக்கியம்,
3369,,3369,மரபு தமிழ் மலர்கள் ,சிவனய்யா ,விம்தாஸ் பதிப்பகம்,2005,65.00,கவிதைகள்,
3370,,3370,அருட்குறள்,சிவனய்யா ,விம்தாஸ் பதிப்பகம்,2005,65.00,கவிதைகள்,
3371,,3371,நாலடியார்,சின்னசாமி,சரசு பதிப்பகம்,1991,19.50,இலக்கியம்,
3373,,3373,தமிழா நாம் பேசுவது தமிழா,சின்னப்பா தமிழர்,தமிழம்மா பதிப்பகம்,2007,,மொழியியல்,
3374,,3374,30 நாட்களில் இந்தி பாஷை,சீனிவாச்சாரி,பாலாஜி பப்ளிகேசன்ஸ்,2004,25.00,பொது அறிவு,
3375,,3375,தேசியம் வளர்த்தத் தமிழ் ,சீனிவாசன்,#,,,மொழியியல்,
3376,,3376,தமிழ் மொழியியல் வரலாறு,சு.சக்திவேல்,மணிவாசகர் பதிப்பகம்,1995,75.00,மொழியியல்,
3378,,3378,புறநானூறு ஒரு எளிய அறிமுகம்,சுஜாதா,உயிர்மை பதிப்பகம்,2003,225.00,மொழியியல்,
3379,,3379,இலக்கண குறிப்பு கண்டுபிடிப்பது எப்படி,சுந்தரி,எழில்நிலா பதிப்பகம்,2000,10.00,மொழியியல்,
3380,,3380,தமிழ் கடல் - இராய.சொ,சுப்புரெட்டியார்,மணிவாசகர் பதிப்பகம்,1998,35.00,மொழியியல்,
3381,,3381,இசைத் தமிழ் - 2,சுரும்பியன்,கடம்பன்,2007,60.00,மொழியியல்,
3382,,3382,சிலப்பதிகாரம் ஒரு எளிய அறிமுகம் ,சுஜாதா,உயிர்மை பதிப்பகம்,2005,200.00,இலக்கியம்,
3383,,3383,ஐஞ்சிறு காப்பியங்கள் 2,சூளாமணி,வர்த்தமானன் பதிப்பகம்,2007,315.00,இலக்கியம்,
3384,,3384,"தமிழே, தமிழா, உனக்காக",செந்தமிழ்க்கிழார்,புதுமண் புத்தக ஆலயம்,1999,35.00,மொழியியல்,
3385,,3385,பிழையின்றி தமிழில் எழுத வழிகள் ,செந்துறை.முத்து ,தேவி வெளியீடு,2002,50.00,மொழியியல்,
3386,,3386,தமிழின்பம் ,சேதுபிள்ளை ,பழனியப்பா பிரதர்ஸ்,2000,51.00,மொழியியல்,
3387,,3387,பாதையாகும் பாறைகள்,டாக்டர்.க.ப.அறவாணன்,தமிழ்க்கோட்டம் பதிப்பகம்,1997,12.00,மொழியியல்,
3388,,3388,அறிவியல் தமிழ் ,டாக்டர்.குழந்தைசாமி,பாரதி பதிப்பகம்,1991,16.00,மொழியியல்,
3389,,3389,தமிழ் எழுத்துச் சீரமைப்பு,டாக்டர்.குழந்தைசாமி,பாரதி பதிப்பகம்,1990,5.50,மொழியியல்,
3390,,3390,சிலப்பதிகார விருந்து,டாக்டர்.சஞ்சீவ் ,பாரி நிலையம்,1976,4.00,இலக்கியம்,
3391,,3391,அறிவியல் தமிழ் ,டி.பத்மநாபன்,கலைக்கதிர் பதிப்பகம்,2000,45.00,மொழியியல்,
3392,,3392,மள்ளர்கள்,த.கனகமுத்து,பாவாணர் பதிப்பகம்,2012,25.00,மொழியியல்,
3393,,3393,நன்னூல் விருத்தியுரை ,தண்டபாணி ,பாரி நிலையம்,2003,100.00,இலக்கியம்,
3395,,3395,அருங்கலைச் சொல் அகர முதலி (ஆங்கிலம் - தமிழ்),தமிழ் பல்கலை தஞ்சாவூர் ,தமிழ் பல்கலை தஞ்சாவூர் ,2002,600.00,மொழியியல்,
3396,,3396,வள்ளுவர் நெறியில் வாழ்வது எப்போது,தமிழண்ணல் ,மெய்யப்பன் பதிப்பகம்,2008,30.00,மொழியியல்,
3398,,3398,தமிழருவி ,தமிழருவிமணியம் ,தமிழருவி பதிப்பகம்,2011,115.00,மொழியியல்,
3399,,3399,சிவபோகசாரமும் சொக்கநாதவெண்பாவும்,தருமபுரி ஆதினம்,தருமபுரி ஆதினம்,1956,,மொழியியல்,
3400,,3400,பொல்லாத  பேரழகி,த.கண்ணன்,குமரன் பதிப்பகம்,2008,60.00,கவிதைகள்,
3401,,3401,பூச்செண்டு,தாமல் கண்ணன்,நவபாரதி பிரசுரம்,1986,,கவிதைகள்,
3402,,3402,தையலை உயர்வு செய்,தாயம்மாள் அறவாணன்,பச்சைப் பசேல்,2002,40.00,பொது அறிவு,
3403,,3403,தனிதமிழ் இயக்கத்தந்தை மறைமலைஅடிகளார்,தி.தாயுமானவன்,மறைமலையடிகள் பதிப்பகம்,2009,200.00,வாழ்க்கை வரலாறு,
3405,,3405,தமிழ்க்கலை ,திரு.வி.க,பாரி நிலையம்,1991,7.00,மொழியியல்,
3406,,3406,மூவருலா,துறை ராசாராம்,முல்லை நிலையம்,2000,75.00,மொழியியல்,
3409,,3409,இசைத்தமிழ்க் கலம்பகம்,தேவநேயப்பாவாணர்,தமிழ்ம்மண் பதிப்பகம்,2000,130.00,மொழியியல்,
3410,,3410,இந்தியால் தமிழ் எவ்வாறு கெடும் ?,தேவநேயப்பாவாணர்,தமிழ்ம்மண் பதிப்பகம்,2000,75.00,மொழியியல்,
3411,,3411,இயற்றமிழ் இலக்கணம்,தேவநேயப்பாவாணர்,தமிழ்ம்மண் பதிப்பகம்,2000,90.00,மொழியியல்,
3412,,3412,இலக்கண கட்டுரைகள் ,தேவநேயப்பாவாணர்,தமிழ்ம்மண் பதிப்பகம்,2001,120.00,மொழியியல்,
3413,,3413,உயர்தரக் கட்டுரை இலக்கணம் - 1,தேவநேயப்பாவாணர்,தமிழ்ம்மண் பதிப்பகம்,2000,130.00,மொழியியல்,
3414,,3414,உயர்தரக் கட்டுரை இலக்கணம் - 2,தேவநேயப்பாவாணர்,தமிழ்ம்மண் பதிப்பகம்,2000,120.00,மொழியியல்,
3415,,3415,ஒப்பியன் மொழியியல்நூல் - 1,தேவநேயப்பாவாணர்,தமிழ்ம்மண் பதிப்பகம்,2001,140.00,மொழியியல்,
3416,,3416,ஒப்பியன் மொழியியல்நூல் - 2,தேவநேயப்பாவாணர்,தமிழ்ம்மண் பதிப்பகம்,2000,110.00,மொழியியல்,
3417,,3417,கட்டுரை கசடறை என்னும் வியாசவிளக்கம்,தேவநேயப்பாவாணர்,தமிழ்ம்மண் பதிப்பகம்,2001,80.00,மொழியியல்,
3418,,3418,கட்டுரை வரைவியல் ,தேவநேயப்பாவாணர்,தமிழ்ம்மண் பதிப்பகம்,2000,100.00,மொழியியல்,
3419,,3419,சுட்டு விளக்கம் ,தேவநேயப்பாவாணர்,தமிழ்ம்மண் பதிப்பகம்,2001,80.00,மொழியியல்,
3420,,3420,செந்தமிழ் காஞ்சி,தேவநேயப்பாவாணர்,தமிழ்ம்மண் பதிப்பகம்,2000,95.00,மொழியியல்,
3421,,3421,செந்தமிழ்ச் சிறப்பு,தேவநேயப்பாவாணர்,தமிழ்ம்மண் பதிப்பகம்,2001,120.00,மொழியியல்,
3422,,3422,சென்னை பல்கலைக்கழக தமிழ் அகராதியில் சீர்கேடு ,தேவநேயப்பாவாணர்,தமிழ்ம்மண் பதிப்பகம்,2001,80.00,மொழியியல்,
3423,,3423,சொல்லாராய்ச்சிக் கட்டுரைகள் ,தேவநேயப்பாவாணர்,தமிழ்ம்மண் பதிப்பகம்,2000,55.00,மொழியியல்,
3425,,3425,தமிழ் வரலாறு - 2,தேவநேயப்பாவாணர்,தமிழ்ம்மண் பதிப்பகம்,2000,90.00,மொழியியல்,
3426,,3426,தமிழ்நாட்டு விளையாட்டுகள் ,தேவநேயப்பாவாணர்,தமிழ்ம்மண் பதிப்பகம்,2000,90.00,மொழியியல்,
3427,,3427,தமிழர் திருமணம் ,தேவநேயப்பாவாணர்,தமிழ்ம்மண் பதிப்பகம்,2000,70.00,மொழியியல்,
3430,,3430,தமிழர் வரலாறு - 2,தேவநேயப்பாவாணர்,தமிழ்ம்மண் பதிப்பகம்,2000,110.00,மொழியியல்,
3431,,3431,தமிழ்வளம்,தேவநேயப்பாவாணர்,தமிழ்ம்மண் பதிப்பகம்,2000,105.00,மொழியியல்,
3432,,3432,தமிழியற்கட்டுரைகள் ,தேவநேயப்பாவாணர்,தமிழ்ம்மண் பதிப்பகம்,2001,135.00,மொழியியல்,
3433,,3433,தமிழிலக்கிய வரலாறு - 1,தேவநேயப்பாவாணர்,தமிழ்ம்மண் பதிப்பகம்,2000,120.00,மொழியியல்,
3434,,3434,தமிழிலக்கிய வரலாறு - 2,தேவநேயப்பாவாணர்,தமிழ்ம்மண் பதிப்பகம்,2000,70.00,மொழியியல்,
3435,,3435,தலைமைத்தமிழ்,தேவநேயப்பாவாணர்,தமிழ்ம்மண் பதிப்பகம்,2001,150.00,மொழியியல்,
3436,,3436,திராவிடத் தாய்,தேவநேயப்பாவாணர்,தமிழ்ம்மண் பதிப்பகம்,2000,75.00,மொழியியல்,
3438,,3438,திருக்குறள் தமிழ் மரபுரை - 2,தேவநேயப்பாவாணர்,தமிழ்ம்மண் பதிப்பகம்,2000,90.00,மொழியியல்,
3439,,3439,திருக்குறள் தமிழ் மரபுரை - 3,தேவநேயப்பாவாணர்,தமிழ்ம்மண் பதிப்பகம்,2000,130.00,மொழியியல்,
3440,,3440,திருக்குறள் தமிழ் மரபுரை - 4,தேவநேயப்பாவாணர்,தமிழ்ம்மண் பதிப்பகம்,2000,125.00,மொழியியல்,
3441,,3441,தென்சொல் கட்டுரைகள் ,தேவநேயப்பாவாணர்,தமிழ்ம்மண் பதிப்பகம்,2001,120.00,மொழியியல்,
3442,,3442,பண்டைத்தமிழ நாகரிகமும் பண்பாடும் ,தேவநேயப்பாவாணர்,தமிழ்ம்மண் பதிப்பகம்,2000,100.00,மொழியியல்,
3443,,3443,பண்பாட்டுக் கட்டுரைகள் ,தேவநேயப்பாவாணர்,தமிழ்ம்மண் பதிப்பகம்,2001,110.00,மொழியியல்,
3444,,3444,பழந்தமிழாட்சி,தேவநேயப்பாவாணர்,தமிழ்ம்மண் பதிப்பகம்,2000,90.00,மொழியியல்,
3445,,3445,பாவாணர் உரைகள் ,தேவநேயப்பாவாணர்,தமிழ்ம்மண் பதிப்பகம்,2001,80.00,மொழியியல்,
3446,,3446,பாவாணர் நோக்கில் பெருமக்கள் ,தேவநேயப்பாவாணர்,தமிழ்ம்மண் பதிப்பகம்,2001,70.00,மொழியியல்,
3447,,3447,மண்ணில் விண் அல்லது வள்ளுவர் கூட்டுடைமை,தேவநேயப்பாவாணர்,தமிழ்ம்மண் பதிப்பகம்,2000,130.00,மொழியியல்,
3448,,3448,மறுப்புரை மாண்பு ,தேவநேயப்பாவாணர்,தமிழ்ம்மண் பதிப்பகம்,2001,125.00,மொழியியல்,
3449,,3449,முதற்றாய் மொழியியல் - 1,தேவநேயப்பாவாணர்,தமிழ்ம்மண் பதிப்பகம்,2000,100.00,மொழியியல்,
3450,,3450,முதற்றாய் மொழியியல் - 2,தேவநேயப்பாவாணர்,தமிழ்ம்மண் பதிப்பகம்,2000,105.00,மொழியியல்,
3451,,3451,மொழியியல்நூல் கட்டுரைகள் ,தேவநேயப்பாவாணர்,தமிழ்ம்மண் பதிப்பகம்,2001,70.00,மொழியியல்,
3452,,3452,மொழியியல்யாராய்ச்சிக் கட்டுரைகள் ,தேவநேயப்பாவாணர்,தமிழ்ம்மண் பதிப்பகம்,2001,105.00,மொழியியல்,
3453,,3453,வடமொழியியல் வரலாறு - 1,தேவநேயப்பாவாணர்,தமிழ்ம்மண் பதிப்பகம்,2000,105.00,மொழியியல்,
3454,,3454,வடமொழியியல் வரலாறு - 2,தேவநேயப்பாவாணர்,தமிழ்ம்மண் பதிப்பகம்,2000,105.00,மொழியியல்,
3455,,3455,வண்ணனை மொழியியல்நூலின் வழுவியல் ,தேவநேயப்பாவாணர்,தமிழ்ம்மண் பதிப்பகம்,2000,90.00,மொழியியல்,
3456,,3456,வேர்ச்சொல் கட்டுரைகள் - 1,தேவநேயப்பாவாணர்,தமிழ்ம்மண் பதிப்பகம்,2000,80.00,மொழியியல்,
3457,,3457,வேர்ச்சொல் கட்டுரைகள் - 2,தேவநேயப்பாவாணர்,தமிழ்ம்மண் பதிப்பகம்,2000,110.00,மொழியியல்,
3458,,3458,வேர்ச்சொல் கட்டுரைகள் - 3,தேவநேயப்பாவாணர்,தமிழ்ம்மண் பதிப்பகம்,2001,140.00,மொழியியல்,
3459,,3459,வேர்ச்சொல் கட்டுரைகள் - 4,தேவநேயப்பாவாணர்,தமிழ்ம்மண் பதிப்பகம்,2001,130.00,மொழியியல்,
3460,,3460,அகநானூறு,புலியூர் தேசிகன் தொகுப்பு ,பாரி நிலையம்,1970,4.50,இலக்கியம்,
3461,,3461,புறநானூறு,தொகுப்பு ,எஸ்.ராஜம் பதிப்பகம்,1958,1.00,இலக்கியம்,
3462,,3462,முப்பால் முதல்வன்,தொல்காப்பியன்,கலைவாணி பதிப்பகம்,2004,70.00,மொழியியல்,
3463,,3463,முப்பால் முதல்வன் திருவள்ளுவர் காவியம்,தொல்காப்பியன்,கலைவாணி பதிப்பகம்,2004,70.00,மொழியியல்,
3464,,3464,சிலப்பதிகாரம் ,ந.மு.வேங்கடசாமி,ராமையா பதிப்பகம்,2011,250.00,இலக்கியம்,
3465,,3465,தமிழ்மொழியியல் அகராதி ,நா.கதிர்வேல்,சாரதா பதிப்பகம்,2012,650.00,மொழியியல்,
3466,,3466,கபிலர்,நா.மு.வேங்கடசாமி,சாரதா பதிப்பகம்,2012,60.00,மொழியியல்,
3467,,3467,Learn English Grammer through Tamil - லேர்ன் இங்கிலீஸ் கிராமர் த்ரு தமிழ்,நாகராஜன்,சுரா பதிப்பகம்,,35.00,பொது அறிவு,
3468,,3468,தேமதுர தமிழோசை ,நாமக்கல் கவிஞர்,கவிஞர் பதிப்பகம்,1957,2.00,மொழியியல்,
3470,,3470,தமிழ்மொழியின் வரலாறு,பரிதிமாற் கலைஞர்,நாம் தமிழர் பதிப்பகம்,2012,40.00,மொழியியல்,
3471,,3471,தமிழ்மொழியின் வரலாறு,பரிதிமாற் கலைஞர்,நாம் தமிழர் பதிப்பகம்,2012,40.00,மொழியியல்,
3472,,3472,திருக்குறள் ,பரிமேலழகர் உரை,சாரதா பதிப்பகம்,2012,80.00,மொழியியல்,
3473,,3473,வேண்டும் விடுதலை ,பாவலரேறு பெருஞ்சித்திரனார்,தென்மொழி பதிப்பகம்,2005,120.00,மொழியியல்,
3474,,3474,குடும்பத்திற்கு ஏற்ற குறள் மணிகள்,பவானி தாசன்,N.R. பதிப்பகம்,1988,9.50,மொழியியல்,
3475,,3475,"தமிழரும், கீதையும்",பழ.நெடுமாறன்,தமிழ்க்குலம் பதிப்பகம்,2002,20.00,மொழியியல்,
3476,,3476,பழந்தமிழர் பரவிய நாடுகள்,பழ.நெடுமாறன்,தமிழ்க்குலம் பதிப்பகம்,2006,80.00,மொழியியல்,
3477,,3477,காயாம் பூ,பழனி,எஸ்.பழனி பதிப்பகம்,2006,35.00,கவிதைகள்,
3478,,3478,வள்ளுவர் காலத்து மண்ணும் மனிதரும்,பழனி ,எஸ்.பழனி பதிப்பகம்,2008,55.00,மொழியியல்,
3479,,3479,கேட்டலும் கிளத்தலும்,பாரதிதாசன்,பூம்புகார் பதிப்பகம்,1995,15.00,கவிதைகள்,
3480,,3480,சேர தாண்டவம்,பாரதிதாசன்,பாரி நிலையம்,1988,10.00,நாடகம்,
3481,,3481,தமிழ் இயக்கம் ,பாரதிதாசன்,கங்கை புத்தக நிலையம்,1992,7.00,மொழியியல்,
3483,,3483,வந்தவர் மொழியா? செந்தமிழ் செல்வமா?,பாரதிதாசன்,பூம்புகார் பதிப்பகம்,2003,30.00,மொழியியல்,
3484,,3484,"பாவேந்தம் - 1 (இறைமை, நாட்டுப்பாடல் இலக்கியம்)",பாரதிதாசன்,இளங்கனி பதிப்பகம்,2009,240.00,மொழியியல்,
3485,,3485,பாவேந்தம் - 2 (காப்பிய இலக்கியம்-1),பாரதிதாசன்,இளங்கனி பதிப்பகம்,2009,215.00,மொழியியல்,
3486,,3486,பாவேந்தம் - 3  (காப்பிய இலக்கியம்-2),பாரதிதாசன்,இளங்கனி பதிப்பகம்,2009,205.00,மொழியியல்,
3487,,3487,பாவேந்தம் - 4  (காப்பிய இலக்கியம்-3),பாரதிதாசன்,இளங்கனி பதிப்பகம்,2009,205.00,மொழியியல்,
3488,,3488,பாவேந்தம் - 5  (காப்பிய இலக்கியம்-4),பாரதிதாசன்,இளங்கனி பதிப்பகம்,2009,245.00,மொழியியல்,
3489,,3489,பாவேந்தம் - 6 (காப்பிய இலக்கியம்-5),பாரதிதாசன்,இளங்கனி பதிப்பகம்,2009,320.00,மொழியியல்,
3490,,3490,"பாவேந்தம் - 7 (கதை, கவிதை, நாடக இலக்கியம்)",பாரதிதாசன்,இளங்கனி பதிப்பகம்,2009,220.00,மொழியியல்,
3491,,3491,"பாவேந்தம் - 8 (உரைநடை, நாடக இலக்கியம்-1)",பாரதிதாசன்,இளங்கனி பதிப்பகம்,2009,270.00,மொழியியல்,
3492,,3492,"பாவேந்தம் - 9 (உரைநடை, நாடக இலக்கியம்-2)",பாரதிதாசன்,இளங்கனி பதிப்பகம்,2009,285.00,மொழியியல்,
3493,,3493,"பாவேந்தம் - 10 (உரைநடை, நாடக இலக்கியம்-3)",பாரதிதாசன்,இளங்கனி பதிப்பகம்,2009,240.00,மொழியியல்,
3494,,3494,"பாவேந்தம் - 1 (உரைநடை, நாடக இலக்கியம்-4)",பாரதிதாசன்,இளங்கனி பதிப்பகம்,2009,245.00,மொழியியல்,
3495,,3495,"பாவேந்தம் - 12 (உரைநடை, நாடக இலக்கியம்-5)",பாரதிதாசன்,இளங்கனி பதிப்பகம்,2009,190.00,மொழியியல்,
3496,,3496,பாவேந்தம் - 13 (கதை இலக்கியம்),பாரதிதாசன்,இளங்கனி பதிப்பகம்,2009,215.00,மொழியியல்,
3497,,3497,பாவேந்தம் - 14 (திரை இலக்கியம்),பாரதிதாசன்,இளங்கனி பதிப்பகம்,2009,345.00,மொழியியல்,
3498,,3498,பாவேந்தம் - 15 (பாட்டு இலக்கியம்-1),பாரதிதாசன்,இளங்கனி பதிப்பகம்,2009,425.00,மொழியியல்,
3499,,3499,பாவேந்தம் - 16 (பாட்டு இலக்கியம்-2),பாரதிதாசன்,இளங்கனி பதிப்பகம்,2009,365.00,மொழியியல்,
3500,,3500,பாவேந்தம் - 17 (பாட்டு இலக்கியம்-3),பாரதிதாசன்,இளங்கனி பதிப்பகம்,2009,340.00,மொழியியல்,
3501,,3501,பாவேந்தம் - 18 (பாட்டு இலக்கியம்-4),பாரதிதாசன்,இளங்கனி பதிப்பகம்,2009,445.00,மொழியியல்,
3502,,3502,பாவேந்தம் - 19 (மடல் இலக்கியம்),பாரதிதாசன்,இளங்கனி பதிப்பகம்,2009,145.00,மொழியியல்,
3503,,3503,பாவேந்தம் - 20 (கட்டுரை இலக்கியம்-1),பாரதிதாசன்,இளங்கனி பதிப்பகம்,2009,180.00,மொழியியல்,
3504,,3504,பாவேந்தம் - 21(கட்டுரை இலக்கியம்-2),பாரதிதாசன்,இளங்கனி பதிப்பகம்,2009,235.00,மொழியியல்,
3505,,3505,பாவேந்தம் - 22 (கட்டுரை இலக்கியம்-3),பாரதிதாசன்,இளங்கனி பதிப்பகம்,2009,310.00,மொழியியல்,
3506,,3506,பாவேந்தம் - 23 (கட்டுரை இலக்கியம்-4),பாரதிதாசன்,இளங்கனி பதிப்பகம்,2009,255.00,மொழியியல்,
3507,,3507,பாவேந்தம் - 24 (கட்டுரை இலக்கியம்-5),பாரதிதாசன்,இளங்கனி பதிப்பகம்,2009,225.00,மொழியியல்,
3508,,3508,பாவேந்தம் - 25 (கட்டுரை இலக்கியம்-6),பாரதிதாசன்,இளங்கனி பதிப்பகம்,2009,275.00,மொழியியல்,
3509,,3509,பாரதியார் பகவத்கீதை,பாரதியார்,பூம்புகார் பதிப்பகம்,1977,3.90,மொழியியல்,
3510,,3510,தென்னூல்,பால சுந்தரம்,தாமரை வெளியீடு,1991,,மொழியியல்,
3511,,3511,தொல்காப்பியமும் எழுத்ததிகாரமும்,பாலசுந்தர்,தாமரை வெளியீடு,1988,40.00,மொழியியல்,
3512,,3512,தொல்காப்பியம் சொல் அதிகாரம்,பாலசுந்தர்,தாமரை வெளியீடு,1988,45.00,மொழியியல்,
3513,,3513,"கம்பர் காட்டும் ஏரும், போரும்",பாவலர் ஆடல் ,பாவாணர் பதிப்பகம்,2012,80.00,மொழியியல்,
3514,,3514,தமிழினக் கட்டுமானம்,பாவலர் ஆடல் ,பாவாணர் பதிப்பகம்,2012,30.00,மொழியியல்,
3515,,3515,இந்தியால் தமிழ் எவ்வாறு கெடும்?,பாவாணர்,தமிழ்ம்மண் பதிப்பகம்,2000,75.00,மொழியியல்,
3516,,3516,வேங்கையே எழுக,பாவேந்தர்,நாம் தமிழர் பதிப்பகம்,2009,30.00,மொழியியல்,
3518,,3518,பராசக்தி,பி.கோதண்டராமன்,ஸ்ரீ அரவிந்த ஆசிரமம்,1962,,ஆன்மீகம்,
3519,,3519,கையெழுத்தின் ரகசியம்,பிரபாகர ராஜ் ,திருமகள் நிலையம்,,165.00,பொது அறிவு,
3520,,3520,அண்ணாவின் பொன்மொழிகள்,பிரேமா அரவிந்தன்,குமரன் பதிப்பகம்,2008,25.00,பொது அறிவு,
3521,,3521,தமிழ் எழுச்சி பாடல்கள்,புஞ்சையரசன்,தமிழ்ச் சான்றோர் பேரவை,2001,10.00,மொழியியல்,
3522,,3522,தண்டலையார் சதகம் ,புலவர் அரசு ,தி.சை.சி.நூற்பதிப்புக் கழகம்,1966,,மொழியியல்,
3523,,3523,திருக்குறளும் பரிமேலழகரும்,புலவர் குழந்தை,சாரதா பதிப்பகம்,2006,40.00,மொழியியல்,
3525,,3525,காளமேகப்புலவர் தனிப்பாடல்கள் ,புலியூர் கேசிகன்,சாரதா பதிப்பகம்,2010,70.00,இலக்கியம்,
3526,,3526,வள்ளுவரும் இளங்கோவும் ,புவியரசு,கலைஞன் பதிப்பகம்,1999,20.00,மொழியியல்,
3527,,3527,தமிழ் இலக்கிய வரலாறு,பூவண்ணன்,வர்த்தமானன் பதிப்பகம்,1996,38.00,மொழியியல்,
3528,,3528,ஆரிய பார்ப்பனரின் அளவிறந்த கொட்டங்கள்,பெருஞ்சித்திரனார்,தென்மொழி பதிப்பகம்,2005,100.00,மொழியியல்,
3529,,3529,இட்டசாவம் முட்டியது,பெருஞ்சித்திரனார்,தென்மொழி பதிப்பகம்,1998,10.00,மொழியியல்,
3530,,3530,உலகியல் நூறு,பெருஞ்சித்திரனார்,மறைமலையடிகள் பதிப்பகம்,1982,10.00,மொழியியல்,
3532,,3532,செயலும் செயல் திறனும் ,பெருஞ்சித்திரனார்,தென்மொழி பதிப்பகம்,2005,90.00,மொழியியல்,
3533,,3533,செயலும் செயல் திறனும் ,பெருஞ்சித்திரனார்,தென்மொழி பதிப்பகம்,2005,90.00,மொழியியல்,
3534,,3534,திருக்குறள் மெய்ப்பொருளுரை - 2,பெருஞ்சித்திரனார்,தென்மொழி பதிப்பகம்,2006,120.00,மொழியியல்,
3535,,3535,திருக்குறள் மெய்ப்பொருளுரை - 3,பெருஞ்சித்திரனார்,தென்மொழி பதிப்பகம்,2006,120.00,மொழியியல்,
3536,,3536,திருக்குறள் மெய்ப்பொருளுரை - 4,பெருஞ்சித்திரனார்,தென்மொழி பதிப்பகம்,2006,100.00,மொழியியல்,
3537,,3537,நூறாசிரியம்,பெருஞ்சித்திரனார்,தென்மொழி பதிப்பகம்,1996,100.00,மொழியியல்,
3539,,3539,பெருஞ்சித்திரனார் பாடல்கள்,பெருஞ்சித்திரனார்,தென்மொழி பதிப்பகம்,1999,90.00,மொழியியல்,
3540,,3540,பெருஞ்சித்திரனார் பாடல்கள்,பெருஞ்சித்திரனார்,தென்மொழி பதிப்பகம்,1999,90.00,மொழியியல்,
3541,,3541,மொழிஞாயுறு பாவாணர்,பெருஞ்சித்திரனார்,தென்மொழி பதிப்பகம்,2001,50.00,மொழியியல்,
3542,,3542,வேண்டும் விடுதலை,பெருஞ்சித்திரனார்,தென்மொழி பதிப்பகம்,2005,120.00,மொழியியல்,
3543,,3543,பரிபாடல் (உரை),பொன். ராமநாதன்,அருணா பப்ளிகேசன்ஸ்,1958,2.00,மொழியியல்,
3544,,3544,தமிழ் மரபு,போன். முத்துக்குமரன் ,காந்தளகம்,2002,75.00,மொழியியல்,
3545,,3545,அணியின் மணியும் ,ம.அர்த்தநாரி,பாரி நிலையம்,1951,,மொழியியல்,
3546,,3546,தமிழன் கதை,ம.செல்வராசன்,சுதந்திரா பதிப்பகம்,1960,1.00,மொழியியல்,
3547,,3547,எழுத்துச் சீர்த்திருத்தம் தேவையா ?,ம.பொ.சி,பூங்கொடி பதிப்பகம்,1945,10.00,மொழியியல்,
3548,,3548,மொழி ஒரு முன்னுரை,மக்கள் தமிழகம்,மக்கள் தமிழகம்,2001,20.00,மொழியியல்,
3549,,3549,"செம்மொழி உள்ளும், புறமும்",மணவை முஸ்தபா,அறிவியல் தமிழ் அறக்கட்டளை,2004,35.00,மொழியியல்,
3550,,3550,30 நாட்களில் பிரெஞ்சு மொழி,மணிமேகலை பதிப்பகம்,பாலாஜி பப்ளிகேசன்ஸ்,1998,16.00,பொது அறிவு,
3551,,3551,திருவள்ளுவரும் பெண்கள் முன்னேற்றமும்,மணிவாசகர்,மணிவாசகர் பதிப்பகம்,2005,65.00,மொழியியல்,
3552,,3552,விடுதலைக்குப்பின் தமிழ் ஆராய்ச்சியின் வளர்ச்சி,மதியழகன்,மணிவாசகர் பதிப்பகம்,1999,20.00,மொழியியல்,
3553,,3553,தமிழர் வளர்த்த அழகுக்கலைகள்,மயிலை.சீனி.வேங்கடசாமி,நாம் தமிழர் பதிப்பகம்,2010,60.00,மொழியியல்,
3554,,3554,மொழியும் இனமும்,மலையமான்,அன்புப் பதிப்பகம்,2000,42.00,மொழியியல்,
3555,,3555,மறைமலைஅடிகளார் ,மறை.தி.தாயுமானவன்,மறைமலையடிகள் பதிப்பகம்,2009,200.00,வாழ்க்கை வரலாறு,
3556,,3556,மறைமலைஅடிகளார் ,மறை.தி.தாயுமானவன்,மறைமலையடிகள் பதிப்பகம்,2009,200.00,வாழ்க்கை வரலாறு,
3557,,3557,தனி தமிழ்மாட்சி,மறைமலை அடிகளார்,மணிவாசகர் பதிப்பகம்,2000,15.00,மொழியியல்,
3558,,3558,தொலைவில் உணர்தல் என்னும் மறைபொருள் உணர்ச்சி,மறைமலையடிகள்,தி.சை.சி.நூற்பதிப்புக் கழகம்,1961,,மொழியியல்,
3559,,3559,கல்விக் கழக கசடற எழுதுதல்,மா.நன்னன்,ஞாயிறு பதிப்பகம்,2001,45.00,மொழியியல்,
3560,,3560,செந்தமிழா?  கொடுந்தமிலா?,மா.நன்னன்,ஏகம் பதிப்பகம்,2007,60.00,மொழியியல்,
3561,,3561,தடம்புரள்கிறதா தமிழ் உரைநடை,மா.நன்னன்,ஞாயிறு பதிப்பகம்,1999,35.00,மொழியியல்,
3563,,3563,தவறின்றி தமிழ் எழுதுவோம்,மா.நன்னன்,ஏகம் பதிப்பகம்,2006,35.00,மொழியியல்,
3565,,3565,தமிழா ? ஆங்கிலமா ?,மா.பொ.சிவஞானம்,பூங்கொடி பதிப்பகம்,2000,25.00,மொழியியல்,
3566,,3566,"புறநானூறு மூலமும், உரையும் - 1",மாணிக்கனார்,வர்த்தமானன் பதிப்பகம்,2001,750.00,இலக்கியம்,
3567,,3567,"புறநானூறு மூலமும், உரையும் - 2",மாணிக்கனார்,வர்த்தமானன் பதிப்பகம்,2001,750.00,இலக்கியம்,
3568,,3568,குறள் காட்டும் காதலர்,மு.வ,பாரி நிலையம்,2005,30.00,மொழியியல்,
3569,,3569,தமிழ் இலக்கிய வரலாறு,மு.வரதராசன்,சாகித்ய அக்காதெமி,2000,65.00,மொழியியல்,
3570,,3570,திருவள்ளுவர் (அ) வாழ்க்கை விளக்கம்),மு.வரதராசன்,பாரி நிலையம்,2002,80.00,மொழியியல்,
3571,,3571,கலிங்கத்து பரணி ( விளக்கம் ),முத்துசிவன்,#,1958,,மொழியியல்,
3574,,3574,தமிழியக்க வேர்கள்,மெய்யப்பன்,மணிவாசகர் பதிப்பகம்,2002,35.00,மொழியியல்,
3575,,3575,வாழும்கலை,மெய்வழி அனந்தர்,மெய்வழிச்சாலை,,,ஆன்மீகம்,
3576,,3576,இந்தியாவின் மொழிச்சிக்கல்,மோகன் குமாரமங்கலம்,நியுசெஞ்சுரி புக் ஹவுஸ்,1965,1.50,மொழியியல்,
3577,,3577,தமிழ் இலக்கிய வரலாறு ,ரா.சீனிவாசன்,அணியகம்,1997,20.00,மொழியியல்,
3578,,3578,எங்கெங்கு காணினும் சக்தியடா ?,ராதாகிருஷ்ணன்,கண்ணதாசன் பதிப்பகம்,2000,39.00,பொது அறிவு,
3580,,3580,புதுமை பூக்கள்,வ.செ.குழந்தைசாமி,செல்வராசன் பதிப்பகம்,1978,1.50,மொழியியல்,
3581,,3581,பதினெண்கீழ் கணக்கு நூல்கள்,வர்த்தமான் பதிப்பகம்,வர்த்தமானன் பதிப்பகம்,2007,250.00,இலக்கியம்,
3582,,3582,ஐஞ்சிறு காப்பியங்கள் (நீலகேசி 5),வர்த்தமான் பதிப்பகம்,வர்த்தமானன் பதிப்பகம்,2007,315.00,இலக்கியம்,
3583,,3583,யசோதர காவியம் 4,வர்த்தமான் பதிப்பகம்,வர்த்தமானன் பதிப்பகம்,2007,315.00,இலக்கியம்,
3584,,3584,"ஐஞ்சிறு காப்பியங்கள் உதயண குமார காவியம்
நாக குமார காவியம்",வர்த்தமான் பதிப்பகம்,வர்த்தமானன் பதிப்பகம்,2007,315.00,இலக்கியம்,
3585,,3585,ஆண்டாள் பிள்ளை தமிழ் ,வரதராஜுலு,#,,,ஆன்மீகம்,
3586,,3586,உலகச்செவ்வியல் மொழிகளின் வரிசையில் தமிழ்,வா.செ.குழந்தைசாமி,பாவை பப்ளிகேசன்ஸ்,2011,60.00,மொழியியல்,
3587,,3587,அறிவியல் தமிழ் ,வா.சே.குழந்தைசாமி,பாரதி பதிப்பகம்,1991,16.00,மொழியியல்,
3588,,3588,இன்றைய தமிழ் இலக்கியம்,வாசகர் வட்டம்,Book Venture,1965,,மொழியியல்,
3589,,3589,உலகப் பொன்மொழிகளும் திருக்குறளும்,வி.டி.ராமகிருஷ்ணன்,மணிமேகலை பிரசுரம்,2007,45.00,மொழியியல்,
3590,,3590,தமிழ் மண்ணே வணக்கம் !,விகடன் பிரசுரம்,விகடன் பிரசுரம்,2006,95.00,மொழியியல்,
3591,,3591,தமிழ்  தமிழ்ஆங்கில அகராதி  ,விட்டில்,தி லிட்டில் பிளவர்,2000,80.00,மொழியியல்,
3595,,3595,திருக்குறள் உட்பொருள் விளக்கம் ,வேதாத்திரி மகரிஷி,உலக சமுதாய சேவா சங்கம்,2012,65.00,மொழியியல்,
3596,,3596,திருக்குறள் கருத்துரை ,வெற்றிவேல்,நிர்மலா பிரேமகுமாரி,1999,50.00,மொழியியல்,
3597,,3597,நக்கீரர்,வேங்கடசாமி,சாரதா பதிப்பகம்,2011,40.00,மொழியியல்,
3598,,3598,இன்ன நாற்பது,வேங்கடசாமி நாடார்,மாணவர் பதிப்பகம்,2006,15.00,இலக்கியம்,
3599,,3599,தஞ்சை மன்னரும் சரஸ்வதி நூலகமும்,வேணு கோபால்,மயில் பதிப்பகம்,1978,8.00,மொழியியல்,
3600,,3600,திருக்குறள் உட்பொருள் விளக்கம்,வேதாத்திரி மகரிஷி,வேதாத்திரி பதிப்பகம்,2006,40.00,மொழியியல்,
3601,,3601,செயல் விளைவு தத்துவம்,வேதாத்திரி மகரிஷி,வேதாத்திரி பதிப்பகம்,1997,20.00,ஆன்மீகம்,
3602,,3602,ஐம்பெரும் காப்பியங்கள் சீவக சிந்தாமணி -1,ஜெ.ஸ்ரீசந்திரன்,தமிழ் நிலையம்,2007,500.00,இலக்கியம்,
3603,,3603,ஐம்பெரும் காப்பியங்கள் சீவக சிந்தாமணி - 2,ஜெ.ஸ்ரீசந்திரன்,தமிழ் நிலையம்,2007,500.00,இலக்கியம்,
3604,,3604,ஐம்பெரும் காப்பியங்கள் சீவக சிந்தாமணி - 3,ஜெ.ஸ்ரீசந்திரன்,தமிழ் நிலையம்,2007,500.00,இலக்கியம்,
3605,,3605,ஐம்பெரும் காப்பியங்கள் சிலப்பதிகாரம் - 4,ஜெ.ஸ்ரீசந்திரன்,தமிழ் நிலையம்,2007,500.00,இலக்கியம்,
3606,,3606,"ஐம்பெரும் காப்பியங்கள் - 5
குண்டலகேசி, மணிமேகலை, வளையாபதி",ஜெ.ஸ்ரீசந்திரன்,தமிழ் நிலையம்,2007,500.00,இலக்கியம்,
3607,,3607,உலக பழமொழிகள் 3581,ஜெகதா,ராம்பிரசாத் பப்ளிகேசன்ஸ்,2008,100.00,பொது அறிவு,
3608,,3608,விடைகள் ஆயிரம் ,ஜெகானந்தன் ,அமுத நிலையம்,2004,75.00,பொது அறிவு,
3609,,3609,அர்த்தமுள்ள சிந்தைகள் 1000 பொன்மொழிகள்,ஜெயகுமார்,குமரப்பா பதிப்பகம்,1992,24.00,மொழியியல்,
3610,,3610,விவேகசிந்தாமணி ,ஸ்ரீதனலட்சுமி பு.நிலையம்,ஸ்ரீதனலட்சுமி பு.நிலையம்,,1.00,மொழியியல்,
3611,,3611,"மொழி ஒப்பியலும், வரலாறும்",ஸ்ரீனிவாசன்,அணியகம்,1999,50.00,மொழியியல்,
3612,,3612,வாலி + வைரமுத்து = ஆபாசம்,,பினாங்கு பயனீட்டாளர் சங்கம்,,15.00,பொது அறிவு,
3613,,3613,இந்தியா - இலங்கை உடன்பாடு,,#,,,மொழியியல்,
3614,,3614,உலக செவ்வியல் மொழிகளின் வரிசையில் தமிழ்,வா.செ.குழந்தைசாமி,பாரதி பதிப்பகம்,2005,60.00,மொழியியல்,
3615,,3615,சுந்தரகாண்டம் (கம்பராமாயணம்),கம்பர்,எஸ்.ராஜம் பதிப்பகம்,1958,,இலக்கியம்,
3616,,3616,சிலப்பதிகாரம்,,எஸ்.ராஜம் பதிப்பகம்,1957,1.00,இலக்கியம்,
3617,,3617,சாகுந்தலம்,மறைமலையடிகள்,எஸ்.ராஜம் பதிப்பகம்,,,மொழியியல்,
3618,,3618,சேர தாண்டவம்,பாரதிதாசன்,பாரதிதாசன் பதிப்பகம்,1954,2.00,நாடகம்,
3619,,3619,பிசிராந்தையார் ,பாரதிதாசன்,பாரி நிலையம்,1976,3.00,மொழியியல்,
3620,,3620,நான் முன்னுரைத்த முன்னுரைகள் - 2,ப.அருளி,வேரியம் பதிப்பகம்,2007,200.00,மொழியியல்,
3621,,3621,நான் முன்னுரைத்த முன்னுரைகள் - 1,ப.அருளி,வேரியம் பதிப்பகம்,2007,200.00,மொழியியல்,
3622,,3622,குழந்தைகளுக்கான தமிழ் பெயர்கள்,ரம்யா,சாப்ட்வியூ பப்ளிகேசன்ஸ்,2006,22.00,மொழியியல்,
3623,,3623,பதிற்று பத்து,சங்க இலக்கியம்,நியுசெஞ்சுரி புக் ஹவுஸ்,1981,,மொழியியல்,
3624,,3624,குறுந்தொகை ,சங்க இலக்கியம்,நியுசெஞ்சுரி புக் ஹவுஸ்,1981,,இலக்கியம்,
3625,,3625,பதினென் கீழ்க்கணக்கு நூல் ,சங்க இலக்கியம்,நியுசெஞ்சுரி புக் ஹவுஸ்,1981,,இலக்கியம்,
3626,,3626,அகநானூறு ,சங்க இலக்கியம்,நியுசெஞ்சுரி புக் ஹவுஸ்,1981,,இலக்கியம்,
3627,,3627,பத்துப்பாட்டு ,சங்க இலக்கியம்,நியுசெஞ்சுரி புக் ஹவுஸ்,1981,,இலக்கியம்,
3628,,3628,நற்றிணை,சங்க இலக்கியம்,நியுசெஞ்சுரி புக் ஹவுஸ்,1981,,இலக்கியம்,
3629,,3629,ஐங்குறு நூறு ,சங்க இலக்கியம்,நியுசெஞ்சுரி புக் ஹவுஸ்,1981,,இலக்கியம்,
3630,,3630,பரிபாடல் ,சங்க இலக்கியம்,நியுசெஞ்சுரி புக் ஹவுஸ்,1981,,இலக்கியம்,
3631,,3631,கலித்தொகை ,சங்க இலக்கியம்,நியுசெஞ்சுரி புக் ஹவுஸ்,1981,,இலக்கியம்,
3632,,3632,தொல்காப்பியம் ,சங்க இலக்கியம்,நியுசெஞ்சுரி புக் ஹவுஸ்,1981,,இலக்கியம்,
3633,,3633,புறநானூறு ,சங்க இலக்கியம்,நியுசெஞ்சுரி புக் ஹவுஸ்,1981,,இலக்கியம்,
3636,,3636,திருக்குறள் கருத்துரை,புலவர்.து.அரங்கன்,சித்ரா பதிப்பகம்,2016,90.00,மொழியியல்,
3637,,3637,திருக்குறள் தெளிவுரை,இராஜ.ஜெயபால்,,,25.00,மொழியியல்,
3638,,3638,குறள் அமுதம் பருக வாரீர்,பூவை.இராம.வீரப்பன்,தேவி ஆப்செட் பிரஸ்,2018,70.00,மொழியியல்,
3640,,3640,நல்லுரை நானூறு,எஸ்.செல்வம்,மணிவாசகர் பதிப்பகம்,2014,,மொழியியல்,
3641,,3641,பைந்தமிழ் சோலை,பாவலர் மா.வரதராசன்,பைந்தமிழ் சோலை,,,மொழியியல்,
3642,,3642,இரட்டுற மொழிதல் நூறு,பே.வள்ளிமுத்து,முகில் பதிப்பகம்,,150.00,மொழியியல்,
3643,,3643,இன்னா நாற்பது இனியவை நாற்பது,ஆரணி அறவாழி,அறவாழி பதிப்பகம்,2015,,மொழியியல்,
3644,,3644,தமிழர் மிகுதியாக இழந்தவற்றை மீட்பதற்கு என்னவழி,புலவர்.இறைக்குருவனார்,தமிழ்நிலம்,2009,10.00,மொழியியல்,
3645,,3645,வள்ளலாரும் நாவுக்கரசரும்,புலவர்.செந்துறை முத்து,மணிவாசகர் பதிப்பகம்,1985,10.00,ஆன்மீகம்,
3646,,3646,தமிழில் பிழைகள் தவிர்ப்போம்,புலவர்.அ.சா.குருசாமி,நர்மதா,2016,,மொழியியல்,
3647,,3647,வாழ்வியற்சொல் அகரமுதலி,இறைக்குருவனார்,தமிழ்நிலம்,2010,70.00,மொழியியல்,
3648,,3648,தமிழ்ப் பேரரசுகளின் சரிவும் வீழ்ச்சியும்,அஐராமசாமி,பூம்புகார் பதிப்பகம்,2013,250.00,மொழியியல்,
3649,,3649,திருவள்ளுவரின் ராணுவ சிந்தனைகள்,தோராளி சங்கர்,பத்மா பதிப்பகம்,2017,110.00,மொழியியல்,
3650,,3650,திருவள்ளுவர் யார்,கௌதம கண்ணா,ஆழி,2019,180.00,மொழியியல்,
3651,,3651,ஆதிச்சநல்லூர் முதல் கீழடி வரை ,நீவேதிதா லூயிஸ் ,கிழக்கு பதிப்பகம்,2019,255.00,மொழியியல்,
3652,,3652,தமிழரின் உருவ வழிபாடு,இளஞ்செழியன்,காலச்சுவடு,,,மொழியியல்,
3653,,3653,புதையுண்ட தமிழகம்,ச.செல்வராஜ்,சாரதா பதிப்பகம்,,,மொழியியல்,
3654,,3654,கடல்கொண்ட நகரமும் ஆழ்கடல் அகழாய்வும்,ச.செல்வராஜ்,சாரதா பதிப்பகம்,,,மொழியியல்,
3656,,3656,இலக்கியம் கூறும் தமிழர் வாழ்வியல் (சங்ககாலம்),சி.இலக்குவனார்,இலக்குவனார் இலக்கிய இணையம்,2009,65.00,மொழியியல்,
3657,,3657,நீராட்டும் ஆறாட்டும்,தொ.பரமசிவன்,காலச்சுவடு,2021,75.00,மொழியியல்,
3658,,3658,தமிழ்மொழிக் கல்வி,சு.இராசாராம்,காலச்சுவடு,2014,190.00,மொழியியல்,
3659,,3659,மாணவர் பயில எளிய இலக்கணம்,இறை.பொற்கொடி,இறையகம்,2017,70.00,மொழியியல்,
3660,,3660,அணித்துரைகளின் அணிவகுப்பு,புலவர் உ.தேவதாசு,உதவும் உள்ளங்கள்,2021,,மொழியியல்,
3661,,3661,திருக்குறளில் பெண்ணியம்,க. பூபதி,கலையரசி பதிப்பகம்,2021,120.00,மொழியியல்,
3662,,3662,தமிழர் திருமணம்,புலவர்  அ. நக்கீரன்,தமிழ்மண் பதிப்பகம்,2000,70.00,மொழியியல்,
3700,,3700,அல்லாடும் ஆண்டவன்,அறிஞர் அண்ணா,பூம்புகார் பதிப்பகம்,2004,15.00,பகுத்தறிவு,
3701,,3701,ஆரிய மாயை,அறிஞர் அண்ணா,சீதை பதிப்பகம்,2007,20.00,பகுத்தறிவு,
3702,,3702,இதன் விலை ரூபாய் மூவாயிரம்,அறிஞர் அண்ணா,பூம்புகார் பதிப்பகம்,2009,45.00,பகுத்தறிவு,
3703,,3703,இரும்பு முள்வேலி,அறிஞர் அண்ணா,பூம்புகார் பதிப்பகம்,1997,,பகுத்தறிவு,
3704,,3704,இலக்கிய சோலை,அறிஞர் அண்ணா,பூம்புகார் பதிப்பகம்,1994,10.00,மொழியியல்,
3705,,3705,கடவுள் தண்டிப்பார்,அறிஞர் அண்ணா,சீதை பதிப்பகம்,2008,30.00,பகுத்தறிவு,
3706,,3706,கம்பரசம்,அறிஞர் அண்ணா,சீதை பதிப்பகம்,2006,40.00,பகுத்தறிவு,
3707,,3707,தமிழரின் தனிப்பண்பு திராவிடர் நிலை ,அறிஞர் அண்ணா,சீதை பதிப்பகம்,2008,25.00,பகுத்தறிவு,
3708,,3708,தீ பரவட்டும்,அறிஞர் அண்ணா,#,,18.00,பகுத்தறிவு,
3709,,3709,புன்னகை,அறிஞர் அண்ணா,திராவிடர் கழக வெளியீடு,1997,10.00,பகுத்தறிவு,
3711,,3711,இந்து நாகரிகமா - நயவஞ்சகமா,அம்பேத்கர்,பல்கலைப் பதிப்பகம்,2000,35.00,அரசியல்,
3712,,3712,கவர்மெண்ட் பிராமணன் ,அரவிந்தமாலகத்தி,விடியல் பதிப்பகம்,1998,45.00,அரசியல்,
3713,,3713,சங்கரமடத்தின் உண்மை வரலாறு,அருணன்,வசந்தம் பதிப்பகம்,2002,25.00,அரசியல்,
3715,,3715,திராவிடத்தின் குறள்,அன்பரசன்,தமிழ்க்கொடி பதிப்பகம்,1982,2.50,அரசியல்,
3716,,3716,நாயகன் - பெரியார் ,அஜயன் பாலா ,விகடன் பிரசுரம்,2009,55.00,வாழ்க்கை வரலாறு,
3717,,3717,பார்ப்பனர் சூழ்ச்சியும் மன்னர்கள் வீழ்ச்சியும்,இமய வர்மன்,பெரியார் சுயமரியாதை பிரச்சார வெளியீடு,2001,35.00,பகுத்தறிவு,
3718,,3718,சமஸ்கிருதம் இணைப்பு மொழியா ?,இராமநாதன் ,திராவிடர் கழக வெளியீடு,1987,,பகுத்தறிவு,
3719,,3719,பரமக்குடி என்கிற படுகளம்,க.இளம்பரிதி,செ.இயக்கம்,2011,30.00,பகுத்தறிவு,
3720,,3720,எனது சாளரத்தின் வழியே ,இளவேனில்,சூடாமணி பதிப்பகம்,1999,25.00,பகுத்தறிவு,
3721,,3721,பெரியார் - தலித்துகள் - முஸ்லிம்கள்,எ.மார்க்ஸ்,கருப்பு பிரதிகள்,2006,55.00,பகுத்தறிவு,
3722,,3722,இந்துத்துவ சூழலில் பெரியாரின் தேவை,கண.குறிஞ்சி,புதுமலர் பதிப்பகம்,2004,50.00,பகுத்தறிவு,
3723,,3723,மக்களுக்கான தேடலில் மதிவாணன்,கணேசன்,விமலமதி பதிப்பகம்,2016,75.00,வாழ்க்கை வரலாறு,
3724,,3724,பகுத்தறிவு வேர்கள்,கமலக்கண்ணன்,ஐந்திணை பதிப்பகம்,1989,4.00,பகுத்தறிவு,
3726,,3726,தந்தை பெரியார்,கருணானந்தம்,தமிழ்க்குடி அரசு,2007,350.00,வாழ்க்கை வரலாறு,
3727,,3727,மண்டல் குழு,கலசம்,புது வாழ்வு பதிப்பகம்,,60.00,அரசியல்,
3728,,3728,சமுதாய இயக்கமா (ஆர்.எஸ்.எஸ்),கலி பூங்குன்றன்,திராவிடர் கழக வெளியீடு,2001,30.00,அரசியல்,
3729,,3729,சாமியார்களின் திருவிளையாடல்கள்,கலி பூங்குன்றன்,திராவிடர் கழக வெளியீடு,2008,25.00,பகுத்தறிவு,
3730,,3730,நாத்திகனை?  ஆதிக்கமே?,கலி பூங்குன்றன்,திராவிடர் கழக வெளியீடு,1999,20.00,பகுத்தறிவு,
3731,,3731,சேது சமுத்திரத் திட்டமும் ராமனின் பலமும்,கலைஞர் கருணாநிதி,திராவிடர் கழக வெளியீடு,2007,10.00,பகுத்தறிவு,
3732,,3732,இளவேனில்,கலைஞர் கருணாநிதி,மாணவர் மருதோன்றி பதிப்பகம்,1995,30.00,பகுத்தறிவு,
3733,,3733,இரு பெரும் புரட்சிகள்,கார்முகில்,த.நா.மா.லெ.கழகம்,2004,20.00,பகுத்தறிவு,
3734,,3734,சமுதாயத்தின் அடிப்படை,கார்முகில்,த.நா.மா.லெ.கழகம்,2004,20.00,பகுத்தறிவு,
3735,,3735,தவறுகளுக்கு தத்துவார்த்த    முலாம்,கார்முகில்,த.நா.மா.லெ.கழகம்,2004,25.00,பகுத்தறிவு,
3736,,3736,திரிபு வாதத்திற்கு எதிராக,கார்முகில்,த.நா.மா.லெ.கழகம்,2004,40.00,பகுத்தறிவு,
3737,,3737,பெரியார் தத்துவம் ஒரு மார்க்சிய விமர்சனம்,கார்முகில்,த.நா.மா.லெ.கழகம்,2004,25.00,பகுத்தறிவு,
3738,,3738,மார்க்சியம் வெல்லும்,கார்முகில்,த.நா.மா.லெ.கழகம்,2004,15.00,பகுத்தறிவு,
3739,,3739,இனமானம் காப்போம்,கி.வீரமணி,விடுதலை வெளியீடு,1983,,பகுத்தறிவு,
3742,,3742,பெரியார் களஞ்சியம் - 2,கி.வீரமணி,பெரியார் சுயமரியாதை பிரச்சார வெளியீடு,1998,45.00,பகுத்தறிவு,
3743,,3743,பெரியார் களஞ்சியம் - 3,கி.வீரமணி,பெரியார் சுயமரியாதை பிரச்சார வெளியீடு,2001,70.00,பகுத்தறிவு,
3745,,3745,"பெரியார் களஞ்சியம் - 5
பெண்ணுரிமை - 1",கி.வீரமணி,பெரியார் சுயமரியாதை பிரச்சார வெளியீடு,1999,50.00,பகுத்தறிவு,
3746,,3746,"பெரியார் களஞ்சியம் - 6
பெண்ணுரிமை - 2",கி.வீரமணி,பெரியார் சுயமரியாதை பிரச்சார வெளியீடு,2001,70.00,பகுத்தறிவு,
3747,,3747,விடுதலை போரும் திராவிடர் இயக்கமும் உண்மை வரலாறு,கி.வீரமணி,திராவிடர் கழக வெளியீடு,1999,125.00,பகுத்தறிவு,
3748,,3748,கீதையின் மறுபக்கம் ,கி.வீரமணி,திராவிடர் கழக வெளியீடு,1998,100.00,பகுத்தறிவு,
3749,,3749,ஐயாவின் அடிச்சுவட்டில்,கி.வீரமணி,திராவிடர் கழக வெளியீடு,2008,125.00,பகுத்தறிவு,
3751,,3751,பெரியார்களஞ்சியம் தொகுதி - 2,கி.வீரமணி,பெரியார் சுயமரியாதை பிரசார வெளியீடு,2004,80.00,பகுத்தறிவு,
3752,,3752,பெரியார்களஞ்சியம் தொகுதி - 3,கி.வீரமணி,பெரியார் சுயமரியாதை பிரச்சார வெளியீடு,2001,90.00,பகுத்தறிவு,
3753,,3753,பெரியார்களஞ்சியம் தொகுதி - 4,கி.வீரமணி,பெரியார் சுயமரியாதை பிரச்சார வெளியீடு,2002,90.00,பகுத்தறிவு,
3754,,3754,பெரியார்களஞ்சியம் தொகுதி - 5,கி.வீரமணி,பெரியார் சுயமரியாதை பிரச்சார வெளியீடு,2011,140.00,பகுத்தறிவு,
3755,,3755,பெரியார்களஞ்சியம் தொகுதி - 6,கி.வீரமணி,பெரியார் சுயமரியாதை பிரச்சார வெளியீடு,2001,90.00,பகுத்தறிவு,
3756,,3756,பெரியார்களஞ்சியம் தொகுதி - 7,கி.வீரமணி,பெரியார் சுயமரியாதை பிரச்சார வெளியீடு,2011,180.00,பகுத்தறிவு,
3757,,3757,பெரியார்களஞ்சியம் தொகுதி - 8,கி.வீரமணி,பெரியார் சுயமரியாதை பிரச்சார வெளியீடு,2005,80.00,பகுத்தறிவு,
3758,,3758,பெரியார்களஞ்சியம் தொகுதி - 9,கி.வீரமணி,பெரியார் சுயமரியாதை பிரச்சார வெளியீடு,2005,80.00,பகுத்தறிவு,
3759,,3759,பெரியார்களஞ்சியம் தொகுதி - 10,கி.வீரமணி,பெரியார் சுயமரியாதை பிரச்சார வெளியீடு,2005,80.00,பகுத்தறிவு,
3760,,3760,பெரியார்களஞ்சியம் தொகுதி - 11,கி.வீரமணி,பெரியார் சுயமரியாதை பிரச்சார வெளியீடு,2005,50.00,பகுத்தறிவு,
3761,,3761,பெரியார்களஞ்சியம் தொகுதி - 12,கி.வீரமணி,பெரியார் சுயமரியாதை பிரச்சார வெளியீடு,2005,80.00,பகுத்தறிவு,
3762,,3762,பெரியார்களஞ்சியம் தொகுதி - 13,கி.வீரமணி,பெரியார் சுயமரியாதை பிரச்சார வெளியீடு,2009,100.00,பகுத்தறிவு,
3763,,3763,பெரியார்களஞ்சியம் தொகுதி - 14,கி.வீரமணி,பெரியார் சுயமரியாதை பிரச்சார வெளியீடு,2006,80.00,பகுத்தறிவு,
3764,,3764,பெரியார்களஞ்சியம் தொகுதி - 15,கி.வீரமணி,பெரியார் சுயமரியாதை பிரச்சார வெளியீடு,2006,80.00,பகுத்தறிவு,
3765,,3765,பெரியார்களஞ்சியம் தொகுதி - 16,கி.வீரமணி,பெரியார் சுயமரியாதை பிரச்சார வெளியீடு,2006,80.00,பகுத்தறிவு,
3766,,3766,பெரியார்களஞ்சியம் தொகுதி - 17,கி.வீரமணி,பெரியார் சுயமரியாதை பிரச்சார வெளியீடு,2006,80.00,பகுத்தறிவு,
3767,,3767,பெரியார்களஞ்சியம் தொகுதி - 18,கி.வீரமணி,பெரியார் சுயமரியாதை பிரச்சார வெளியீடு,2006,80.00,பகுத்தறிவு,
3768,,3768,பெரியார்களஞ்சியம் தொகுதி - 19,கி.வீரமணி,பெரியார் சுயமரியாதை பிரச்சார வெளியீடு,2006,80.00,பகுத்தறிவு,
3769,,3769,பெரியார்களஞ்சியம் தொகுதி - 20,கி.வீரமணி,பெரியார் சுயமரியாதை பிரச்சார வெளியீடு,2006,80.00,பகுத்தறிவு,
3770,,3770,பெரியார்களஞ்சியம் தொகுதி - 21,கி.வீரமணி,பெரியார் சுயமரியாதை பிரச்சார வெளியீடு,2006,90.00,பகுத்தறிவு,
3771,,3771,பெரியார்களஞ்சியம் தொகுதி - 22,கி.வீரமணி,பெரியார் சுயமரியாதை பிரச்சார வெளியீடு,2007,75.00,பகுத்தறிவு,
3772,,3772,பெரியார்களஞ்சியம் தொகுதி - 23,கி.வீரமணி,பெரியார் சுயமரியாதை பிரச்சார வெளியீடு,2007,75.00,பகுத்தறிவு,
3773,,3773,பெரியார்களஞ்சியம் தொகுதி - 24,கி.வீரமணி,பெரியார் சுயமரியாதை பிரச்சார வெளியீடு,2007,75.00,பகுத்தறிவு,
3774,,3774,பெரியார்களஞ்சியம் தொகுதி - 25,கி.வீரமணி,பெரியார் சுயமரியாதை பிரச்சார வெளியீடு,2007,75.00,பகுத்தறிவு,
3775,,3775,பெரியார்களஞ்சியம் தொகுதி - 26,கி.வீரமணி,பெரியார் சுயமரியாதை பிரச்சார வெளியீடு,2007,75.00,பகுத்தறிவு,
3776,,3776,பெரியார்களஞ்சியம் தொகுதி - 27,கி.வீரமணி,பெரியார் சுயமரியாதை பிரச்சார வெளியீடு,2007,80.00,பகுத்தறிவு,
3777,,3777,பெரியார்களஞ்சியம் தொகுதி - 28,கி.வீரமணி,பெரியார் சுயமரியாதை பிரச்சார வெளியீடு,2007,80.00,பகுத்தறிவு,
3778,,3778,பெரியார்களஞ்சியம் தொகுதி - 29,கி.வீரமணி,பெரியார் சுயமரியாதை பிரச்சார வெளியீடு,2008,80.00,பகுத்தறிவு,
3779,,3779,பெரியார்களஞ்சியம் தொகுதி - 30,கி.வீரமணி,பெரியார் சுயமரியாதை பிரச்சார வெளியீடு,2008,75.00,பகுத்தறிவு,
3780,,3780,பெரியார்களஞ்சியம் தொகுதி - 31,கி.வீரமணி,பெரியார் சுயமரியாதை பிரச்சார வெளியீடு,2008,80.00,பகுத்தறிவு,
3781,,3781,பெரியார்களஞ்சியம் தொகுதி - 32,கி.வீரமணி,பெரியார் சுயமரியாதை பிரச்சார வெளியீடு,2009,150.00,பகுத்தறிவு,
3782,,3782,13 மாத பி.ஜெ.பி ஆட்சி,கி.வீரமணி,திராவிடர் கழக வெளியீடு,1999,10.00,அரசியல்,
3783,,3783,கர்ப்ப ஆட்சி,கி.வீரமணி,திராவிடர் கழக வெளியீடு,1985,15.00,பகுத்தறிவு,
3784,,3784,கல்லூரிகளில் ஜோதிட மூடநம்பிக்கையா?,கி.வீரமணி,திராவிடர் கழக வெளியீடு,2001,3.00,பகுத்தறிவு,
3785,,3785,சுயமரியாதைத் திருமணம் ,கி.வீரமணி,திராவிடர் கழக வெளியீடு,1997,40.00,பகுத்தறிவு,
3786,,3786,செயின்ட் கீட்ஸ் வழக்கு,கி.வீரமணி,திராவிடர் கழக வெளியீடு,1996,10.00,பகுத்தறிவு,
3787,,3787,சேது சமுத்திரத் திட்டமும் ராமனின் பலமும்,கி.வீரமணி,திராவிடர் கழக வெளியீடு,2007,,பகுத்தறிவு,
3788,,3788,டாக்டர் அம்பேத்கர் புத்த நெறியை தழுவியது என் ?,கி.வீரமணி,திராவிடர் கழக வெளியீடு,2007,25.00,பகுத்தறிவு,
3790,,3790,பகவத் கீதை இதுதான் ,கி.வீரமணி,திராவிடர் கழக வெளியீடு,2007,10.00,பகுத்தறிவு,
3791,,3791,புட்டபர்த்தி சாய்பாபா,கி.வீரமணி,திராவிடர் கழக வெளியீடு,1993,3.00,பகுத்தறிவு,
3792,,3792,மனிதநேயம்,கி.வீரமணி,திராவிடர் கழக வெளியீடு,1998,2.00,பகுத்தறிவு,
3793,,3793,வர்ண (அ) தர்மமும் பெண்ணடிமையும் (ஆதாரங்களுடன்),கி.வீரமணி,திராவிடர் கழக வெளியீடு,2004,15.00,பகுத்தறிவு,
3794,,3794,வெறுக்கத்தக்கதே பிராமணீயம் ,கி.வீரமணி,திராவிடர் கழக வெளியீடு,2001,35.00,பகுத்தறிவு,
3795,,3795,வெறுக்கத்தக்கதே பிராமணீயம் ,கி.வீரமணி,திராவிடர் கழக வெளியீடு,2001,35.00,பகுத்தறிவு,
3796,,3796,பெரியாரிய பெண்ணியம்,கு.ம.இராமநாதன்,உலக தமிராய்ச்சி நிறுவனம்,2007,35.00,பகுத்தறிவு,
3799,,3799,வள்ளுவ பாரம்பரியம்,குணா ,தமிழக ஆய்வரண்,2006,100.00,பகுத்தறிவு,
3800,,3800,தோற்பதே நல்லது ,குத்தூசி,பொன்னி பதிப்பகம்,2004,50.00,பகுத்தறிவு,
3801,,3801,நமது இந்துமதம் ,குத்தூசி குருசாமி,குத்தூசி குருசாமி பதிப்பகம்,2003,30.00,பகுத்தறிவு,
3803,,3803,பன்னீர் செல்வம் (எ) லட்சியவாதி,குத்தூசி குருசாமி,தமிழ்க்குடி அரசு,2007,30.00,வாழ்க்கை வரலாறு,
3804,,3804,"விடுதலை இயக்கமும், திராவிட இயக்கமும்",குமரவேலன்,தமிழச்சி பதிப்பகம்,1991,30.00,அரசியல்,
3805,,3805,இதுதான் வேதம்,குருவிக்கரம்பைவேலு,வளவன் பதிப்பகம்,1989,15.00,பகுத்தறிவு,
3806,,3806,உண்மை இந்துமதம்,கைவல்ய சாமியார்,பெரியார் சுயமரியாதை பிரச்சார வெளியீடு,1997,10.00,பகுத்தறிவு,
3807,,3807,கலைஞரின் இலட்சிய முரசு,கோதண்டம்,அன்பரசி பதிப்பகம்,2013,7.50,பகுத்தறிவு,
3808,,3808,புதுவையில் பாரதி,கோதண்டராமன்,பழனியப்பா பிரதர்ஸ்,1980,6.00,பகுத்தறிவு,
3809,,3809,திராவிடர் இயக்கம் நோக்கம் - தாக்கம் - தேக்கம்,கோவி.லெனின்,நக்கீரன் பதிப்பகம்,2012,175.00,அரசியல்,
3812,,3812,திராவிட மாயை,சிங்காரவேலன்,உணர்ச்சிக் கவிஞர்,2003,100.00,பகுத்தறிவு,
3813,,3813,ஆபாச போஸ்டர் சத்தியாகிரகம் ,சிவசுப்பிரமணியம்,சர்வோதயா பிரசுரம்,2000,0.75,பகுத்தறிவு,
3814,,3814,முற்போக்கு இலக்கிய செம்மல்கள்,சிவா சுப்பிரமணியன்,நியுசெஞ்சுரி புக் ஹவுஸ்,2010,50.00,பகுத்தறிவு,
3815,,3815,ஈழம் இந்தியம்,சின்னப்பர்,தமிழம்மா பதிப்பகம்,2009,20.00,அரசியல்,
3817,,3817,கருப்பு கேட்கிறான் கிடா எங்கே,சு.வெங்கடெசன் ,த.நா.மு.எழுத்தாளர் சங்கம்,2003,10.00,பகுத்தறிவு,
3818,,3818,இந்துத்துவாவின் படையெடுப்பு,சுதாகர்,கனல் வெளியீடு,,10.00,பகுத்தறிவு,
3819,,3819,இந்தியாவில் உண்மை கூட்டாட்சி வேண்டும்,சுப்பிரமணி,மார்ச்சிய லெனினிய பொதுவுடைமைக் கட்சி,2003,15.00,பகுத்தறிவு,
3820,,3820,பெரியாரின் இடதுசாரி தமிழ்த்தேசியம்,சுபவீ,தமிழ் முழக்கம்,2005,125.00,பகுத்தறிவு,
3821,,3821,பண்பாட்டுப் புரட்சி என்றால் என்ன?,செந்தில்நாதன்,ராம்பிரசாத் பப்ளிகேசன்ஸ்,2006,50.00,பகுத்தறிவு,
3822,,3822,"மானமும், அறிவும்",சேவியர்,தமிழ் முழக்கம்,2001,40.00,பகுத்தறிவு,
3823,,3823,இந்தி கட்டாய பாடமா ?,சோமசுந்தரபாரதி,தமிழ்க்குடி அரசு,2007,30.00,அரசியல்,
3824,,3824,"இந்து மடமும்,  தமிழர்களும்",தந்தை பெரியார்,திராவிடர் கழக வெளியீடு,1997,4.00,பகுத்தறிவு,
3827,,3827,இனி வரும் உலகம்,தந்தை பெரியார்,பெரியார் சுயமரியாதை பிரச்சார வெளியீடு,1996,,பகுத்தறிவு,
3828,,3828,உண்மை ராமாயணம்,தந்தை பெரியார்,மார்க்கியப் பெரியாரியப் பொதுவுடைமைக் கட்சி,2003,15.00,பகுத்தறிவு,
3829,,3829,கடவுள் மறுப்பு புத்தகம்,தந்தை பெரியார்,பெரியார் சுயமரியாதை பிரச்சார வெளியீடு,1999,5.00,பகுத்தறிவு,
3830,,3830,கிராமச் சீர்த்திருத்தம்,தந்தை பெரியார்,பெரியார் சுயமரியாதை பிரச்சார வெளியீடு,2005,2.00,பகுத்தறிவு,
3831,,3831,சமதர்மம் சமைப்போம்,தந்தை பெரியார்,மார்க்கியப் பெரியாரியப் பொதுவுடைமைக் கட்சி,2003,25.00,பகுத்தறிவு,
3836,,3836,நீதி கெட்டது யாரால்,தந்தை பெரியார்,பெரியார் சுயமரியாதை பிரச்சார வெளியீடு,2001,25.00,பகுத்தறிவு,
3837,,3837,பகுத்தறிவு என்? எதற்காக ?,தந்தை பெரியார்,பெரியார் சுயமரியாதை பிரச்சார வெளியீடு,2008,40.00,பகுத்தறிவு,
3839,,3839,புராணம்,தந்தை பெரியார்,திராவிடர் கழக வெளியீடு,1999,38.00,பகுத்தறிவு,
3841,,3841,பெண் ஏன் அடிமையானாள் ?,தந்தை பெரியார்,பெரியார் சுயமரியாதை பிரச்சார வெளியீடு,1997,14.00,பகுத்தறிவு,
3843,,3843,"மனிதனும், மதமும்",தந்தை பெரியார்,பெரியார் சுயமரியாதை பிரச்சார வெளியீடு,1990,2.00,பகுத்தறிவு,
3844,,3844,மார்க்சியம் பெரியார்,தந்தை பெரியார்,மார்க்கியப் பெரியாரியப் பொதுவுடைமைக் கட்சி,1973,,பகுத்தறிவு,
3845,,3845,வாழ்க்கைத் துணைநலம்,தந்தை பெரியார்,பெரியார் சுயமரியாதை பிரச்சார வெளியீடு,2005,12.00,பகுத்தறிவு,
3846,,3846,ஊருக்கு  நல்லது சொல்வேன் ,தமிழருவி மணியன்,விகடன் பிரசுரம்,2006,135.00,அரசியல்,
3847,,3847,திராவிட இயக்க வேர்கள்- 1,தா.திருநாவுக்கரசு ,நக்கீரன் பதிப்பகம்,2007,100.00,அரசியல்,
3848,,3848,திராவிட இயக்க வேர்கள்- 2,தா.திருநாவுக்கரசு ,நக்கீரன் பதிப்பகம்,2007,100.00,அரசியல்,
3849,,3849,சங்கர மடத்துக்கு 108 கேள்விகள்,"தி,க",திராவிடர் கழக வெளியீடு,1998,,பகுத்தறிவு,
3850,,3850,பெரியார் திரைப்படம்,தி.க.வெளியீடு,திராவிடர் கழக வெளியீடு,2007,40.00,பகுத்தறிவு,
3852,,3852,சன்மார்க்கம் கண்ட சமத்துவபுரம்,துரையரசன்,மணிவாசகர் பதிப்பகம்,1999,20.00,அரசியல்,
3853,,3853,பாரதியும் கடவுளும்,தூரன்,வானதி பதிப்பகம்,1981,11.00,பகுத்தறிவு,
3854,,3854,இந்தியா ஒரு தோமா வழி திராவிட கிருஸ்தவநாடே எவ்வாறு,தேவகலா,கிறிஸ்தவ ஊழியருக்கான சுருக்க கையேடு,2004,150.00,அரசியல்,
3856,,3856,பார்ப்பனர் எதிர்ப்புக் கருத்துக்கள்,தொகுப்பு,திராவிடர் கழக வெளியீடு,1997,4.00,பகுத்தறிவு,
3857,,3857,தாய்மண்ணே வணக்கம்,நம்மாழ்வார்,நவீன வேளாண்மை,2003,35.00,அறிவியல்,
3858,,3858,இடஒதுக்கீடு தொடரும் விவாதம்,நலங்கிள்ளி,சாளரம்,2006,10.00,அரசியல்,
3859,,3859,பாரதி அறுபது,நல்லிகுப்புசாமி செட்டியார்,ஸ்ரீ புவனேஸ்வரி பதிப்பகம்,2003,60.00,வாழ்க்கை வரலாறு,
3860,,3860,தமிழ்நாடு மாதருக்கு பாரதியார்,நல்லிகுப்புசாமி செட்டியார்,ஸ்ரீ புவனேஸ்வரி பதிப்பகம்,2003,50.00,பொது அறிவு,
3862,,3862,காந்தியின் தீண்டாமை,நா.செயராமன்,பூபாளம் புத்தகப்பண்ணை,2010,130.00,பகுத்தறிவு,
3864,,3864,தமிழ்நாடு வந்தேறிகளின் வேட்டைக்காடு,பழ.நெடுமாறன்,ஸ்நேகா,2004,25.00,அரசியல்,
3865,,3865,பார்ப்பன இந்துத்துவா கூப்பாடு ,பழ.நெடுமாறன்,தமிழர் தேசிய இயக்கம்,2003,10.00,அரசியல்,
3866,,3866,பேருருவம் கொள்ளும் தமிழ் தேசியம்,பழ.நெடுமாறன்,தமிழர் தேசிய இயக்கம்,2002,10.00,அரசியல்,
3867,,3867,சிந்தனைக்  மலர்கள்,பா. ராசாராம்,வள்ளலார் பதிப்பகம்,1988,4.00,தன்முன்னேற்ற நூல்கள்,
3868,,3868,திராவிடர் இயக்க வரலாறு - 1,பாவலர் நெடுஞ்செழியன்,நாவலர் நெடுஞ்செழியன் கல்வி,1996,200.00,அரசியல்,
3869,,3869,இதுதான் பார்ப்பான் ஆட்சி,பி.இராமசாமி,நாத்திகம் வெளியீடு,2003,30.00,பகுத்தறிவு,
3870,,3870,சங்கர மடத்துக்கு சவுக்கடி - 1,பி.இராமசாமி,நாத்திகம் வெளியீடு,2003,,பகுத்தறிவு,
3871,,3871,சங்கர மடத்துக்கு சவுக்கடி - 2,பி.இராமசாமி,நாத்திகம் வெளியீடு,2003,10.00,பகுத்தறிவு,
3873,,3873,சங்கர மடம் பற்றி உண்மைகள் ,பி.இராமசாமி,நாத்திகம் வெளியீடு,2003,30.00,பகுத்தறிவு,
3874,,3874,சமூக நீதி போராட்டம்,பி.இராமசாமி,நாத்திகம் வெளியீடு,1991,,அரசியல்,
3875,,3875,தமிழன் வீட்டுக்குள் புகுந்த பாம்பு,பி.இராமசாமி,நாத்திகம் வெளியீடு,2003,10.00,அரசியல்,
3876,,3876,ஜெயலலிதா ஆட்சி கொடுமைகள்,பி.இராமசாமி,நாத்திகம் வெளியீடு,2003,20.00,அரசியல்,
3877,,3877,கடவுள் கைது பஃதான் விடுதலை,புதிய கலாச்சாரம்,புதிய கலாச்சாரம்,2009,25.00,அரசியல்,
3878,,3878,குரானோ குரான்,புவனன்,வாய்மையகம்,1983,,பகுத்தறிவு,
3880,,3880,ரமண மஹரிஷியின் மர்மங்கள்,பெருமாள் சுவாமி,லைட் ஹவுஸ்,1998,10.00,பகுத்தறிவு,
3881,,3881,பாரதியார் சிந்தனைகள் ,போரா க. அருணாச்சலம் ,தென்றல் பப்ளிகேசன்ஸ்,2003,,இலக்கியம்,
3882,,3882,தொல்காப்பியத்திலிருந்து பாரதியார் உரை,ம.போ.சி,பூம்புகார் பதிப்பகம்,2008,36.00,இலக்கியம்,
3883,,3883,சங்கரமட ரகசியங்கள் சங்கராச்சாரி யார்,கி.வீரமணி,திராவிடர் கழக வெளியீடு,2005,30.00,பகுத்தறிவு,
3884,,3884,அர்த்தமற்ற இந்துமதம்,மஞ்சை வசந்தம்,திராவிடர் கழக வெளியீடு,1998,27.00,பகுத்தறிவு,
3885,,3885,அர்த்தமற்ற இந்துமதம் - 1,மஞ்சை வசந்தன்,திராவிடர் கழக வெளியீடு,2003,30.00,பகுத்தறிவு,
3886,,3886,அர்த்தமற்ற இந்துமதம் - 2,மஞ்சை வசந்தன் ,திராவிடர் கழக வெளியீடு,2003,20.00,பகுத்தறிவு,
3887,,3887,பி.ஜெ.பி ஒரு பேரபாயம்,மஞ்சை வசந்தன்,புரட்சிக்கனல் பதிப்பகம்,2000,30.00,பகுத்தறிவு,
3888,,3888,சாதிகளின் பொய்தோற்றம்,மதிவாணன்,தாய்நாடு பதிப்பகம்,1999,6.00,பகுத்தறிவு,
3890,,3890,கூடங்குளம்,முத்துகிருஷ்ணன்,உயிர்மை பதிப்பகம்,2011,15.00,அரசியல்,
3891,,3891,நவீன மருத்துவ பெரியார்,முத்துசெல்வகுமார்,கற்பகம் புத்தகாலயம்,2003,65.00,பகுத்தறிவு,
3892,,3892,பொதுவுடைமைதான் என்ன ?,முத்தையா,தமிழ்ப் புத்தகாலயம்,1999,18.00,பகுத்தறிவு,
3893,,3893,அண்ணாவின் மனித நேயம்,மூவேந்தர் முத்து,பூவழகி பதிப்பகம்,1989,7.00,பகுத்தறிவு,
3898,,3898,லெனின் புரட்சிகரமான வாய்ச்சொல்,லெனின்,முன்னேற்ற பதிப்பகம்,1987,,அரசியல்,
3899,,3899,தந்தை பெரியாரின் பொன்மொழிகள்,வ.உ.சி  நூலகம்,வ உ சி நூலகம்,2006,30.00,பகுத்தறிவு,
3900,,3900,பார்ப்பன தந்திரங்கள்,வசந்தன்,புரட்சிக்கனல் பதிப்பகம்,1999,10.00,பகுத்தறிவு,
3901,,3901,ஆரிய ஆட்சி,வல்லவன்,தமிழ்க்குடி அரசு,2007,60.00,பகுத்தறிவு,
3902,,3902,குஞ்சிதம் குருசாமியின் சொற்பொழிவுகள்,வல்லவன் ,தமிழ்க்குடி அரசு,2007,30.00,பகுத்தறிவு,
3903,,3903,கோயில் நுழைவு போராட்டம்,வாலாசா.வல்லவன்,தமிழ்க்குடி அரசு,2007,120.00,பகுத்தறிவு,
3904,,3904,அறிய ஆட்சி,வாலாசா.வல்லவன்,தமிழ்க்குடி அரசு,2007,60.00,பகுத்தறிவு,
3905,,3905,கோயில் நுழைவு போராட்டங்களில் திராவிட இயக்கங்களின் பங்களிப்பு ,வாலாசா.வல்லவன்,தமிழ்க்குடி அரசு,2007,120.00,பகுத்தறிவு,
3906,,3906,கோயில் நுழைவு போராட்டங்களில் திராவிட இயக்கங்களின் பங்களிப்பு ,வாலாசா.வல்லவன்,தமிழ்க்குடி அரசு,2007,120.00,பகுத்தறிவு,
3909,,3909,தமிழா எங்கே போகிறாய் ?,கா.வேழ வேந்தன்,வேந்தர் பதிப்பகம்,2001,60.00,பகுத்தறிவு,
3910,,3910,கடவுள் தோன்றியது எப்படி ?,வெள்ளையன் ,பெரியார் சுயமரியாதை பிரச்சார வெளியீடு,1983,1.75,பகுத்தறிவு,
3911,,3911,பெரியார்சிந்தனைகள் தொகுதி -1 சமுதாயம் - 1,வே.ஆனைமுத்து,பெரியார் சுயமரியாதை பிரச்சார வெளியீடு,2009,,பகுத்தறிவு,
3912,,3912,பெரியார்சிந்தனைகள் தொகுதி -1 சமுதாயம் - 2,வே.ஆனைமுத்து,பெரியார் சுயமரியாதை பிரச்சார வெளியீடு,2009,,பகுத்தறிவு,
3913,,3913,பெரியார்சிந்தனைகள் தொகுதி -1 சமுதாயம் - 3,வே.ஆனைமுத்து,பெரியார் சுயமரியாதை பிரச்சார வெளியீடு,2009,,பகுத்தறிவு,
3914,,3914,பெரியர்சிந்தனைகள் தொகுதி -2 இயக்கங்கள் -1,வே.ஆனைமுத்து,பெரியார் சுயமரியாதை பிரச்சார வெளியீடு,2009,,பகுத்தறிவு,
3915,,3915,பெரியர்சிந்தனைகள் தொகுதி -2 இயக்கங்கள் -2,வே.ஆனைமுத்து,பெரியார் சுயமரியாதை பிரச்சார வெளியீடு,2009,,பகுத்தறிவு,
3916,,3916,பெரியர்சிந்தனைகள் தொகுதி -2 இயக்கங்கள் -3,வே.ஆனைமுத்து,பெரியார் சுயமரியாதை பிரச்சார வெளியீடு,2009,,பகுத்தறிவு,
3917,,3917,பெரியர்சிந்தனைகள் தொகுதி -2 இயக்கங்கள் -4,வே.ஆனைமுத்து,பெரியார் சுயமரியாதை பிரச்சார வெளியீடு,2009,,பகுத்தறிவு,
3918,,3918,பெரியர்சிந்தனைகள் தொகுதி -3 அரசியல் -1,வே.ஆனைமுத்து,பெரியார் சுயமரியாதை பிரச்சார வெளியீடு,2009,,பகுத்தறிவு,
3919,,3919,பெரியர்சிந்தனைகள் தொகுதி -3 அரசியல் -2,வே.ஆனைமுத்து,பெரியார் சுயமரியாதை பிரச்சார வெளியீடு,2009,,பகுத்தறிவு,
3920,,3920,பெரியர்சிந்தனைகள் தொகுதி -3 அரசியல் -3,வே.ஆனைமுத்து,பெரியார் சுயமரியாதை பிரச்சார வெளியீடு,2009,,பகுத்தறிவு,
3921,,3921,பெரியர்சிந்தனைகள் தொகுதி -3 அரசியல் -4,வே.ஆனைமுத்து,பெரியார் சுயமரியாதை பிரச்சார வெளியீடு,2009,,பகுத்தறிவு,
3922,,3922,பெரியர்சிந்தனைகள் தொகுதி -3 அரசியல் -5,வே.ஆனைமுத்து,பெரியார் சுயமரியாதை பிரச்சார வெளியீடு,2009,,பகுத்தறிவு,
3923,,3923,பெரியர்சிந்தனைகள் தொகுதி -3 அரசியல் -6,வே.ஆனைமுத்து,பெரியார் சுயமரியாதை பிரச்சார வெளியீடு,2009,,பகுத்தறிவு,
3924,,3924,பெரியர்சிந்தனைகள் தொகுதி -4 மதமும் கடவுளும் -1,வே.ஆனைமுத்து,பெரியார் சுயமரியாதை பிரச்சார வெளியீடு,2009,,பகுத்தறிவு,
3925,,3925,பெரியர்சிந்தனைகள் தொகுதி -4 மதமும் கடவுளும் -2,வே.ஆனைமுத்து,பெரியார் சுயமரியாதை பிரச்சார வெளியீடு,2009,,பகுத்தறிவு,
3926,,3926,பெரியர்சிந்தனைகள் தொகுதி -5 தத்துவம் -1,வே.ஆனைமுத்து,பெரியார் சுயமரியாதை பிரச்சார வெளியீடு,2009,,பகுத்தறிவு,
3927,,3927,பெரியர்சிந்தனைகள் தொகுதி -5 தத்துவம் -2,வே.ஆனைமுத்து,பெரியார் சுயமரியாதை பிரச்சார வெளியீடு,2009,,பகுத்தறிவு,
3928,,3928,"பெரியர்சிந்தனைகள் தொகுதி - 6
கிளர்ச்சிகளும், செய்திகளும் - 1",வே.ஆனைமுத்து,பெரியார் சுயமரியாதை பிரச்சார வெளியீடு,2009,,பகுத்தறிவு,
3929,,3929,"பெரியர்சிந்தனைகள் தொகுதி - 6
கிளர்ச்சிகளும், செய்திகளும் - 2",வே.ஆனைமுத்து,பெரியார் சுயமரியாதை பிரச்சார வெளியீடு,2009,,பகுத்தறிவு,
3930,,3930,பெரியர்சிந்தனைகள் ஆங்கிலம் தொகுதி -7,வே.ஆனைமுத்து,பெரியார் சுயமரியாதை பிரச்சார வெளியீடு,2009,,பகுத்தறிவு,
3931,,3931,காவேரி நம்ம காவேரி,ஜனா,தமிழ் இன உணர்வாளர்கள் கூட்டமைப்பு,2011,30.00,அரசியல்,
3932,,3932,கிறிஸ்துவர்கள் சிந்தனைக்கு,ஜார்ஜ்,பெரியார் சுயமரியாதை பிரச்சார வெளியீடு,2005,12.00,பகுத்தறிவு,
3933,,3933,சபரிமலையில் ஐயப்பன் உண்மையும் கதையும்,ஜோசப் இடமருகு,எமரல்ட் பதிப்பகம்,1997,25.00,பகுத்தறிவு,
3934,,3934,பெரியரியலா?  மார்க்சியமா?,பெரியார் மையம்,மூவேந்தர் அச்சகம்,1991,7.00,பகுத்தறிவு,
3935,,3935,சங்கமித்ரா விடையளிக்கிறார்,பெரியார் தமிழ்ப் பேரவை,பெரியார் தமிழ்ப் பேரவை,1999,12.00,பகுத்தறிவு,
3936,,3936,பெரியார் - ராமசாமி,,,,,பகுத்தறிவு,
3937,,3937,திராவிட கழகம்,வே.ஆனைமுத்து,பெரியார் நூல் வெளிஇட்டகம்,1997,65.00,அரசியல்,
3938,,3938,சோவியத் மக்களும் கள்வரியும்,சு.ந.சொக்கலிங்கம்,பாரி நிலையம்,1976,5.00,பகுத்தறிவு,
3939,,3939,தண்ணீர் தண்ணீர் தண்ணீர்,பேரா.ஆர்.சந்திரா,பாரதி புத்தகாலயம்,2005,5.00,அரசியல்,
3940,,3940,சுயமரியாதை (ஓரு நூற்றாண்டின் சொல்),சுப.வீரப் பாண்டியன்,நக்கீரன்,2017,100.00,பகுத்தறிவு,
3941,,3941,பெரியார் களஞ்சியம் (ஜாதி - தீண்டாமை - 9),கி.வீரமணி,பெரியார் சுயமரியாதை பிரச்சார வெளியீடு,2006,80.00,பகுத்தறிவு,
3942,,3942,அம்பேத்கர் பற்றிய அருண்சோரி நூலுக்கு மறுப்பு,கி.வீரமணி,வீடுதலை ஆப்செட்பிரின்டர்ஸ்,2005,15.00,அரசியல்,
3943,,3943,திராவிடத்தால் வாழ்ந்தோம்,மனுஷ்ய புத்திரன்,உயிர்மை பதிப்பகம்,2017,160.00,அரசியல்,
3944,,3944,நீதிதேவன் மயக்கம் ஆரிய மாயை தீ பரவட்டும்,அறிஞர் அண்ணா,தன்னாட்சி பதிப்பகம்,,200.00,அரசியல்,
3945,,3945,ஆதி திராவிடர் வரலாறு,பெருமாள் பிள்ளை,ஆழி பதிப்பகம்,2019,250.00,அரசியல்,
3946,,3946,பூனைகள் சொர்க்கத்திற்குச் செல்வதில்லை,தங்கபாண்டியன்,உயிர்மை பதிப்பகம்,2016,400.00,பகுத்தறிவு,
3947,,3947,சடங்குகளின் கதை! இந்து மதம் எங்கே போகிறது?,அக்னிஹோதரம் ராமானுஜ தாத்தாச்சாரியார்,நக்கீரன் வெளியீடு,2019,150.00,பகுத்தறிவு,
4000,,4000,பொது உடமை வளர்த்த தமிழ்,அகத்தியலிங்கம்,நியுசெஞ்சுரி புக் ஹவுஸ்,2010,70.00,பொது அறிவு,
4001,,4001,கம்யூனிஸ்ட் அறிக்கை,அருணன்,பாரதி புத்தகாலயம்,2008,20.00,பொதுவுடைமை,
4002,,4002,2௦ஆம் நூற்றாண்டின் சுருக்கமான வரலாறு,இந்திய மாணவர் சங்கம் ,இந்திய மாணவர் சங்கம் ,2000,6.00,பொதுவுடைமை,
4003,,4003,இடஒதுக்கீடும் சமுக நீதியும் ,இந்திய மாணவர் சங்கம் ,,,,பொதுவுடைமை,
4005,,4005,கல்வி,இந்திய மாணவர் சங்கம் ,இந்திய மாணவர் சங்கம் ,2000,18.00,பொதுவுடைமை,
4006,,4006,கலையும் இலக்கியமும் ,இந்திய மாணவர் சங்கம் ,இந்திய மாணவர் சங்கம் ,2000,12.00,பொதுவுடைமை,
4007,,4007,கற்பனை முடிந்துபோனது ,இந்திய மாணவர் சங்கம் ,இந்திய மாணவர் சங்கம் ,2000,6.00,பொதுவுடைமை,
4008,,4008,நமது வாழ்க்கை ,இந்திய மாணவர் சங்கம் ,இந்திய மாணவர் சங்கம் ,2000,9.00,பொதுவுடைமை,
4009,,4009,நாம் வாழும் உலகம் ,இந்திய மாணவர் சங்கம் ,இந்திய மாணவர் சங்கம் ,2000,6.00,பொதுவுடைமை,
4010,,4010,பெண்களும் விடுதலையும் ,இந்திய மாணவர் சங்கம் ,இந்திய மாணவர் சங்கம் ,2000,9.00,பொதுவுடைமை,
4011,,4011,மதசார்பின்மையும் நமது எதிர்காலமும் ,இந்திய மாணவர் சங்கம் ,இந்திய மாணவர் சங்கம் ,1999,12.00,பொதுவுடைமை,
4012,,4012,விடுதலையை நோக்கி ,இந்திய மாணவர் சங்கம் ,இந்திய மாணவர் சங்கம் ,2000,9.00,பொதுவுடைமை,
4013,,4013,கான்பூர் முதல் திருவனந்தபுரம் வரை ,எம்.ஏ.பழனியப்பன் ,நியுசெஞ்சுரி புக் ஹவுஸ்,2001,20.00,பொதுவுடைமை,
4015,,4015,லுமூம்பா,எஸ்.பாலச்சந்திரன்,விடியல் பதிப்பகம்,2002,150.00,வாழ்க்கை வரலாறு,
4016,,4016,கலாச்சாரத்தின் அரசியல்,க.வெங்கடேசன்,வைகை வெளியீடு,2001,45.00,அரசியல்,
4017,,4017,ராகுல்ஜியின் பொதுஉடைமைதான் என்ன?,கண.முத்தையா ,தமிழ்ப் புத்தகாலயம்,1986,3.50,பொதுவுடைமை,
4019,,4019,மூலதனம் - முதல் பக்கம் (2),கார்ல் மார்க்ஸ்,நியுசெஞ்சுரி புக் ஹவுஸ்,2003,1200.00,பொதுவுடைமை,
4020,,4020,மூலதனம் -  இரண்டாம் பக்கம் ,கார்ல் மார்க்ஸ்,நியுசெஞ்சுரி புக் ஹவுஸ்,2003,1200.00,பொதுவுடைமை,
4021,,4021,மூலதனம் - மூன்றாம் பக்கம் (1),கார்ல் மார்க்ஸ்,நியுசெஞ்சுரி புக் ஹவுஸ்,2003,1200.00,பொதுவுடைமை,
4022,,4022,மூலதனம் - மூன்றாம் பக்கம் (2),கார்ல் மார்க்ஸ்,நியுசெஞ்சுரி புக் ஹவுஸ்,2003,1200.00,பொதுவுடைமை,
4023,,4023,வரலாற்றில் தனி நபர் வகிக்கும் பாத்திரம்,கி.வ.பிளேஹானவ்,முன்னேற்ற பதிப்பகம்,1975,,பொதுவுடைமை,
4024,,4024,வாழ்வை வழிமறிப்பது எது ?,கே.கங்காதரன்,அலைகள் வெளியீட்டகம்,2002,60.00,பொதுவுடைமை,
4025,,4025,லட்சிய நதியாக ,கே.பாலபாரதி,அனைத்திந்திய ஜனநாயக மாதர் சங்கம்,1998,20.00,பொதுவுடைமை,
4026,,4026,ஜனநாயக சோசலிசம் ,கைல்ஸ்ட்ட்ரெடிஸ்,நேஷனல் அக்காடமி,1968,5.00,பொதுவுடைமை,
4027,,4027,"மண்டல கமிஷன் தீர்ப்பால் 
விளையும் நம்மையும், பெருந்தீமையும்",ச்.ராமகிருஷ்ணன்,கரிகாலன் பதிப்பகம்,1993,15.00,பொதுவுடைமை,
4028,,4028,குற்றம் தண்டனை மரண தண்டனை,சு.மார்க்ஸ்,கருப்பு பிரதிகள்,2013,100.00,பொதுவுடைமை,
4029,,4029,இயங்கியல் முறையில் சில பயிற்சிக் கட்டுரைகள் ,டி.டி.கோசாம்பி,சவுத் விஷன்,1999,45.00,பொதுவுடைமை,
4031,,4031,மார்க்ஸ் பிறந்தார்,தர்மராஜன் .நா,அலைகள் வெளியீட்டகம்,2001,70.00,பொதுவுடைமை,
4032,,4032,போர் இல்லாத இருபது நாட்கள்,நவீனம்,முன்னேற்ற பதிப்பகம்,1974,,பொதுவுடைமை,
4033,,4033,மார்க்சிய சமூகவியல் கொள்கை,நா.வாநடாமானால்,நியுசெஞ்சுரி புக் ஹவுஸ்,1976,,பொதுவுடைமை,
4034,,4034,ஏகாதிபத்தியம் மக்கவிரோதி சமாதான விரோதி,நீ.சே.குருஷசேவ்,புரோகிரஸ் பதிப்பகம்,1963,,பொதுவுடைமை,
4035,,4035,கீழத்தஞ்சை விவசாயிகள் இயக்கமும் தலித் மக்கள் உரிமைகளும்,நீ.ராமகிருஷ்ணன்,பாரதி பதிப்பகம்,2014,25.00,பொதுவுடைமை,
4036,,4036,தமிழ் இலக்கிய வரலாறு,பா. இறையரசன்,பூம்புகார் பதிப்பகம்,1997,90.00,மொழியியல்,
4037,,4037,பாசிசம் குறித்த விரிவுரைகள்,பால்மிரா டோக்ளியாட்டி,நியுசெஞ்சுரி புக் ஹவுஸ்,1998,50.00,பொதுவுடைமை,
4038,,4038,பெண்,பிரபஞ்சன்,தமிழ்ச்சங்கம்,1997,60.00,பொதுவுடைமை,
4039,,4039,காரல் மார்க்ஸ் கூலியுழைப்பும் மூலதனமும்,பிரிட்ரி ,முன்னேற்ற பதிப்பகம்,1974,,பொதுவுடைமை,
4040,,4040,கூலி முறை,பிரெடெரிக் ஏங்கல்ஸ்,முன்னேற்ற பதிப்பகம்,1977,25.00,பொதுவுடைமை,
4041,,4041,கூலியுழைப்பும் மூலதனமும்,மார்க்ஸ்,முன்னேற்ற பதிப்பகம்,1974,,பொதுவுடைமை,
4042,,4042,இயக்கவியல் பொருள் முதல்வாதம்- l ,மாரிசு,சென்னை புக் ஹவுஸ்,1984,,பொதுவுடைமை,
4043,,4043,மார்க்சியத்தின் அடிப்படைகள் ,லதா ராமகிருஷ்ணன்,நியுசெஞ்சுரி புக் ஹவுஸ்,2006,45.00,பொதுவுடைமை,
4044,,4044,அக்டோபர் புரட்சி பற்றி,லெனின்,முன்னேற்ற பதிப்பகம்,1977,0.60,பொதுவுடைமை,
4047,,4047,இரண்டாவது அகிலத்தின் தகர்வு,லெனின்,முன்னேற்ற பதிப்பகம்,1976,0.50,பொதுவுடைமை,
4048,,4048,ஊழியர் பயிற்சி,லெனின்,முன்னேற்ற பதிப்பகம்,1984,3.50,பொதுவுடைமை,
4049,,4049,ஓரடி முன்னால் ஓரடி பின்னால்,லெனின்,பாரதி புத்தகாலயம்,2010,15.00,பொதுவுடைமை,
4050,,4050,சோசியலிச சித்தாந்தமும் கலாச்சாரமும் குறித்து ,லெனின்,முன்னேற்ற பதிப்பகம்,1974,,பொதுவுடைமை,
4051,,4051,சோசியலிச ஜனநாயகம் பற்றி ,லெனின்,நியுசெஞ்சுரி புக் ஹவுஸ்,1978,4.50,பொதுவுடைமை,
4052,,4052,நாட்டுப்புற ஏழைமக்களுக்கு,லெனின்,முன்னேற்ற பதிப்பகம்,1974,,பொதுவுடைமை,
4053,,4053,பொருளாதாரா தன்னுணர்ச்சி வாதம் பற்றிய ஒரு பண்புரை,லெனின்,முன்னேற்ற பதிப்பகம்,1975,0.70,பொதுவுடைமை,
4054,,4054,மார்க்ஸ்-ஏங்கெல்க்ஸ் மார்க்ஸிசியம்,லெனின்,முன்னேற்ற பதிப்பகம்,1975,,பொதுவுடைமை,
4055,,4055,வி.இ.லெனின் சொற்பொழிவுகள்,லெனின்,முன்னேற்ற பதிப்பகம்,1968,,பொதுவுடைமை,
4056,,4056,தொழிலாளர் குடும்பம்,வி.சேவித்தசெத்தவ,முன்னேற்ற பதிப்பகம்,,,பொதுவுடைமை,
4057,,4057,தேசங்களுக்குச் சமாதானம்,வி.துருகநீப்ஸ்கி,நியுசெஞ்சுரி புக் ஹவுஸ்,1977,4.00,பொதுவுடைமை,
4058,,4058,அறை எண் 400,ஜூலியபூசிக்,புதுமலர் பதிப்பகம்,2001,7.00,பொதுவுடைமை,
4059,,4059,விடுதலை(புலிகளின்) போராட்ட வரலாறு,,விடுதலைப் புலிகள் வெளியீடு,1985,6.00,அரசியல்,
4061,,4061,அணுஅணுவாய் சாவோம்,பாமரன்,நக்கீரன் பதிப்பகம்,2011,80.00,பொதுவுடைமை,
4062,,4062,கம்யூனிசம் நேற்று-இன்று-நாளை,இரா.ஜவகர்,நக்கீரன் பதிப்பகம்,2004,70.00,பொதுவுடைமை,
4063,,4063,புரட்சியாளர் பெரியார்,நெ.து.சுந்தரவடிவேலு,ராமையா பதிப்பகம்,2018,180.00,வாழ்க்கை வரலாறு,
4064,,4064,அஞ்சிறைத்தும்பி,சுகுணா திவாகர்,எதிர் வெளியீடு,2021,400.00,பொதுவுடைமை,
4065,,4065,பெரியாரின் போர்வாள்,ச.சோமசுந்தரம்,தந்தை பெரியார் திராவிடர் கழகம்,2021,250.00,அரசியல்,
4066,,4066,பெண் ஏன் அடிமையானாள்?,தந்தை பெரியார்,பெரியார் சுயமரியாதைப் பிரச்சார நிறுவன வெளியீடு,2020,40.00,பகுத்தறிவு,
4084,,4084,உள்ளங்கையில் உலகம் ,ஆதனூர் சோழன்,ஜெயம் பப்ளிகேசன்ஸ்,2004,45.00,தன்முன்னேற்ற நூல்கள்,
4085,,4085,குட்டிச்சுவர் சிந்தனைகள்,ஆல்தோட்ட பூபதி,சூரியன் பதிப்பகம்,2014,140.00,தன்முன்னேற்ற நூல்கள்,
4086,,4086,கவிதை ஓவியம் சிற்பம் சினிமா,இந்திரன் ,மதிநிலையம்,2000,125.00,தன்முன்னேற்ற நூல்கள்,
4087,,4087,போர் தொழில் பழகு,இறையன்பு,புதிய தலைமுறை,2013,250.00,தன்முன்னேற்ற நூல்கள்,
4088,,4088,நில். கவனி. புறப்படு!,எ.வெற்றிவேலன்,வானதி பதிப்பகம்,1993,12.00,தன்முன்னேற்ற நூல்கள்,
4089,,4089,"நீங்க விரும்புவது எதுவானாலும் 
அதை அடைவது எப்படி?",எம்.ஆர்.காப் மேயர்,கண்ணதாசன் பதிப்பகம்,2001,,தன்முன்னேற்ற நூல்கள்,
4092,,4092,எண்ணங்கள்,எம்.எஸ்.உதயமூர்த்தி,#,,,தன்முன்னேற்ற நூல்கள்,
4093,,4093,சாதனைக்கோர் பாதை,எம்.எஸ்.உதயமூர்த்தி,கங்கை புத்தக நிலையம்,1996,18.00,தன்முன்னேற்ற நூல்கள்,
4094,,4094,சிந்தனை தொழில் செல்வம்,எம்.எஸ்.உதயமூர்த்தி,கங்கை புத்தக நிலையம்,1993,20.00,தன்முன்னேற்ற நூல்கள்,
4095,,4095,சொந்தக்காலில் நில்,எம்.எஸ்.உதயமூர்த்தி,கங்கை புத்தக நிலையம்,1997,30.00,தன்முன்னேற்ற நூல்கள்,
4096,,4096,சொந்தக்காலில் நில்,எம்.எஸ்.உதயமூர்த்தி,கங்கை புத்தக நிலையம்,1998,30.00,தன்முன்னேற்ற நூல்கள்,
4097,,4097,தன்னம்பிக்கையும் உயர் தர்ம நெறிகளும் ,எம்.எஸ்.உதயமூர்த்தி,கங்கை புத்தக நிலையம்,2003,32.00,தன்முன்னேற்ற நூல்கள்,
4098,,4098,நம்மால் முடியும் தம்பி நம்பு,எம்.எஸ்.உதயமூர்த்தி,கங்கை புத்தக நிலையம்,,30.00,தன்முன்னேற்ற நூல்கள்,
4099,,4099,நம்மால் முடியும் நம்பு தம்பி,எம்.எஸ்.உதயமூர்த்தி,கங்கை புத்தக நிலையம்,1997,30.00,தன்முன்னேற்ற நூல்கள்,
4101,,4101,மனம் பிரார்த்தனை மந்திரம்,எம்.எஸ்.உதயமூர்த்தி,கங்கை புத்தக நிலையம்,1993,17.00,தன்முன்னேற்ற நூல்கள்,
4102,,4102,மனித உறவுகள்,எம்.எஸ்.உதயமூர்த்தி,கங்கை புத்தக நிலையம்,1998,24.00,தன்முன்னேற்ற நூல்கள்,
4104,,4104,வாழ்க்கையை அமைக்கும் எண்ணங்கள்,எம்.எஸ்.உதயமூர்த்தி,கங்கை புத்தக நிலையம்,1997,20.00,தன்முன்னேற்ற நூல்கள்,
4105,,4105,வெற்றிக்கு முதல்படி,எம்.எஸ்.உதயமூர்த்தி,கங்கை புத்தக நிலையம்,2003,27.00,தன்முன்னேற்ற நூல்கள்,
4106,,4106,வெற்றிக்கு முதல்படி,எம்.எஸ்.உதயமூர்த்தி,கங்கை புத்தக நிலையம்,1997,20.00,தன்முன்னேற்ற நூல்கள்,
4108,,4108,பின்நவீனத்துவம் என்றால் என்ன?,எம்.ஜி.சுரேஷ்,புதுப்புனல் பதிப்பகம்,2004,100.00,தன்முன்னேற்ற நூல்கள்,
4109,,4109,லவ்லாலஜி,என்.கே.முருகன்,விகடன் பிரசுரம்,2012,85.00,தன்முன்னேற்ற நூல்கள்,
4111, ,4111,தோல்விகளைத் துதிபாடி,ஏஜில் கிருஷ்ணன்,கிழக்கு பதிப்பகம்,2008,75.00,தன்முன்னேற்ற நூல்கள்,
4113,,4113,கவலைப்படாதே சகோதரா,க.மனு.கோத்தாரி ,நலம் பதிப்பகம்,2007,60.00,தன்முன்னேற்ற நூல்கள்,
4114,,4114,அடோப் பிரீமியர்,கணியரசு மா.ஆன்டோபீட்டார்,Soft View Publications,2011,110.00,தன்முன்னேற்ற நூல்கள்,
4115,,4115,வேலைக்கு ரெடியா ?,கணியரசு மா.ஆன்டோபீட்டார்,Soft View Publications,2007,45.00,தன்முன்னேற்ற நூல்கள்,
4116,,4116,கற்றது கடலளவு,கணேசன்,மீடியா வேவ்ஸ்,2001,60.00,தன்முன்னேற்ற நூல்கள்,
4118,,4118,வாழ்கை உங்கள் கையில்,கணேசன்,கண்ணதாசன் பதிப்பகம்,1994,27.00,தன்முன்னேற்ற நூல்கள்,
4119,,4119,எளியவரின்  ஏணிப்படிகள்,கணேசன்,மீரா பதிப்பகம்,2014,70.00,தன்முன்னேற்ற நூல்கள்,
4120,,4120,ஒவ்வொரு மனிதனும் ஒரு மன்னவன் தான் ,கிருஷ்ணாவேணுகோபால் ,கண்ணதாசன் பதிப்பகம்,2001,55.00,தன்முன்னேற்ற நூல்கள்,
4121,,4121,"திட்டம், மூல உத்தி, செயல் உத்தி",கார்முகில்,தமிழ்நாடு மா.லெ.கட்சி,2004,25.00,தன்முன்னேற்ற நூல்கள்,
4122,,4122,வாழ்க்கையும் வாசல் படிகள் ,கிருஷ்ணமூர்த்தி,கண்ணதாசன் பதிப்பகம்,1994,15.00,தன்முன்னேற்ற நூல்கள்,
4123,,4123,நிறைவான வாழ்க்கைக்கு நேரம் ஒதுக்குங்கள் ,கிருஷ்ணா,கண்ணதாசன் பதிப்பகம்,1994,33.00,தன்முன்னேற்ற நூல்கள்,
4124,,4124,லினக்ஸ் ,கில்பெர்ட்ராஜ் ,பெரிகாம் பதிப்பகம்,2002,45.00,தன்முன்னேற்ற நூல்கள்,
4125,,4125,இன்றைய சிந்தனை,கு.ஞானசம்பந்தன்,விஜயா பதிப்பகம்,2008,70.00,தன்முன்னேற்ற நூல்கள்,
4126,,4126,கல்லூரி அதிசயங்கள் ,கு.ஞானசம்பந்தன்,விஜயா பதிப்பகம்,2010,40.00,தன்முன்னேற்ற நூல்கள்,
4127,,4127,மாறுபட்டு சிந்தியுங்கள்,குருஜி வாசுதேவ்,சிக்ஸ்த் சென்ஸ்,2011,90.00,தன்முன்னேற்ற நூல்கள்,
4128,,4128,ப்ளீஸ் இந்த புத்தகத்தை வாங்காதீர்கள்,கோபிநாத்,சிக்ஸ்த் சென்ஸ்,2007,60.00,தன்முன்னேற்ற நூல்கள்,
4129,,4129,நீயும் நானும் ,கோபிநாத்,விகடன் பிரசுரம்,2013,140.00,தன்முன்னேற்ற நூல்கள்,
4130,,4130,பாஸ்வேர்டு,கோபிநாத்,விகடன் பிரசுரம்,2014,110.00,தன்முன்னேற்ற நூல்கள்,
4131,,4131,மன அழுத்தத்திலிருந்து விடுபடுங்கள் ,ச.சூரியமூர்த்தி,நர்மதா பதிப்பகம்,2010,50.00,தன்முன்னேற்ற நூல்கள்,
4132,,4132,பெரிய பிரச்சனை,சாது ஸ்ரீராம்,கிழக்கு பதிப்பகம்,2007,70.00,தன்முன்னேற்ற நூல்கள்,
4133,,4133,பயிற்சி நம்பிக்கை திறமை ,சாருகேசி,CBH Publications,2005,29.00,தன்முன்னேற்ற நூல்கள்,
4134,,4134,நோ ப்ரோப்ளம் ,சாலமன் ,கிழக்கு பதிப்பகம்,2006,50.00,தன்முன்னேற்ற நூல்கள்,
4135,,4135,நேர்முகத் தேர்வுகளில் வெற்றி பெற நூறு யோசனைகள் ,சி.எஸ்.தேவநாதன்,நர்மதா பதிப்பகம்,2004,40.00,தன்முன்னேற்ற நூல்கள்,
4136,,4136,உனக்குள் ஒருதலைவன் ,சி.சைலேந்திரபாபு,விஜயா பதிப்பகம்,2011,60.00,தன்முன்னேற்ற நூல்கள்,
4137,,4137,என்ன பெட் ,சி.பி.கே.சாலமன் ,கிழக்கு பதிப்பகம்,2007,70.00,தன்முன்னேற்ற நூல்கள்,
4138,,4138,முன்னேற சிறப்பான அம்சங்கள் ,சிவசுவாமி,லியோ பப்ளிகேசன்ஸ்,2009,50.00,தன்முன்னேற்ற நூல்கள்,
4139,,4139,மூங்கில் மூச்சு ,சுகா,விகடன் பிரசுரம்,2011,95.00,தன்முன்னேற்ற நூல்கள்,
4140,,4140,"படிக்க, ஜெயிக்க",சுகி.சிவம்,சுஜி புக்ஸ்,2005,15.00,தன்முன்னேற்ற நூல்கள்,
4142,,4142,கர்நாடக சங்கீதம்,சுப்ரமணிய அய்யர் ,தி கர்னாடிக் மியூசிக் சென்டர்,2001,35.00,தன்முன்னேற்ற நூல்கள்,
4143,,4143,உடல் அசைவு மொழிகள் ,செல்வராகவ்,கண்ணதாசன் பதிப்பகம்,2001,33.00,தன்முன்னேற்ற நூல்கள்,
4144,,4144,குந்தவிக்கு மான்விழிக்கு கடிதங்கள்,சே.கணேசலிங்கம்,குமரன் பப்ளிகேசன்ஸ்,2008,50.00,தன்முன்னேற்ற நூல்கள்,
4145,,4145,அமுல் - வரலாறு,சொக்கன்,கிழக்கு பதிப்பகம்,2008,70.00,தன்முன்னேற்ற நூல்கள்,
4146,,4146,எனக்கு வேலை கிடைக்குமா ?,சொக்கன்,கிழக்கு பதிப்பகம்,2005,75.00,தன்முன்னேற்ற நூல்கள்,
4147,,4147,கேள்விக்கு என்ன பதில்,டி.காமராஜ்,நலம் பதிப்பகம்,2007,70.00,தன்முன்னேற்ற நூல்கள்,
4148,,4148,ஊருக்கு நல்லது செய்வேன்,தமிழருவி.மணியன்,விகடன் பிரசுரம்,2010,135.00,தன்முன்னேற்ற நூல்கள்,
4149,,4149,துணிவே துணை,தமிழ்வாணன்,மணிமேகலை பிரசுரம்,1986,9.00,தன்முன்னேற்ற நூல்கள்,
4150,,4150,நல்ல குணங்களும் அவற்றின் நன்மைகளும்,தமிழ்வாணன்,,,24.00,தன்முன்னேற்ற நூல்கள்,
4152,,4152,பத்திரிகைகளில் உங்கள் படைப்புகள் வெளிவர வேண்டுமா?,தமிழ்வாணன்,மணிமேகலை பிரசுரம்,1996,27.00,தன்முன்னேற்ற நூல்கள்,
4153,,4153,பிள்ளைகளை முன்னேற செய்வது எப்படி?,தமிழ்வாணன்,மணிமேகலை பிரசுரம்,1992,11.00,தன்முன்னேற்ற நூல்கள்,
4155,,4155,மகிழ்ச்சியின் ரகசியம் ,தமிழ்வாணன்,மணிமேகலை பிரசுரம்,1989,7.50,தன்முன்னேற்ற நூல்கள்,
4159,,4159,உங்களால் முடியும்,தர்ம கீர்த்தி,கண்ணதாசன் பதிப்பகம்,1994,36.00,தன்முன்னேற்ற நூல்கள்,
4160,,4160,வெற்றி பெறுங்களேன்,தி.க.சந்திர சேகரன்,விஜயா பதிப்பகம்,2003,40.00,தன்முன்னேற்ற நூல்கள்,
4162,,4162,நிர்வாக விஞ்ஞானம்,நா.மகாலிங்கம்,வானதி பதிப்பகம்,1992,37.00,தன்முன்னேற்ற நூல்கள்,
4163,,4163,பெரிய பிரச்சனை சின்ன தீர்வு,நாராயண ரெட்டிச்சாத்து ஸ்ரீராம்,கிழக்கு பதிப்பகம்,2007,70.00,தன்முன்னேற்ற நூல்கள்,
4164,,4164,ஊருக்கு நல்லது ,நெ.து.சுந்தரவடிவேலு,வானதி பதிப்பகம்,1980,7.50,தன்முன்னேற்ற நூல்கள்,
4165,,4165,மனம் தரும் பணம்,நெப்போலியன்,கண்ணதாசன் பதிப்பகம்,1998,60.00,தன்முன்னேற்ற நூல்கள்,
4167,,4167,டீன் ஏஜ்,பசுமைகுமார்,ஆர் எஸ் பி பப்ளிகேசன்ஸ்,2009,45.00,தன்முன்னேற்ற நூல்கள்,
4168,,4168,நினைப்பது முடியும்,பாலசாண்டில்யன்,இலக்கிய பீடம்,2003,65.00,தன்முன்னேற்ற நூல்கள்,
4172,,4172,நினைவாற்றல் பெருக மனப்பயிற்சிகள்,பி.எஸ்.ஆச்சாரியா ,நர்மதா பதிப்பகம்,2000,20.00,தன்முன்னேற்ற நூல்கள்,
4174,,4174,உன்னையே நீ அறிந்துக்கொள்,பி.சி.கணேசன்,வானதி பதிப்பகம்,1983,4.50,தன்முன்னேற்ற நூல்கள்,
4177,,4177,நீங்களும் பேச்சாளராகலாம் ,பி.சி.கணேசன்,வானதி பதிப்பகம்,1996,15.00,தன்முன்னேற்ற நூல்கள்,
4178,,4178,மாணவர்களுக்கான கட்டுரைகளும் பயிற்சி முறைகளும்,பி.சி.கணேசன்,கங்கை புத்தக நிலையம்,1994,14.00,தன்முன்னேற்ற நூல்கள்,
4179,,4179,வாழ்க்கை உங்கள் வசப்படும் ,பி.சி.கணேசன்,கங்கை புத்தக நிலையம்,1994,22.00,தன்முன்னேற்ற நூல்கள்,
4180,,4180,விதியும் மதியும் ,பி.சி.கணேசன்,கங்கை புத்தக நிலையம்,1996,18.00,தன்முன்னேற்ற நூல்கள்,
4181,,4181,ஜப்பான் முன்னேறியது எப்படி?,பி.சி.கணேசன்,வானதி பதிப்பகம்,2000,15.00,தன்முன்னேற்ற நூல்கள்,
4182,,4182,எண்ணங்களின் வலிமையே வெற்றிதரும் ,பிரம்மானந்தம்,அநுராகம்,1999,18.00,தன்முன்னேற்ற நூல்கள்,
4183,,4183,வாழ்வை உயர்த்தும் சிந்தனைகள்,புவியரசு,கண்ணதாசன் பதிப்பகம்,1995,30.00,தன்முன்னேற்ற நூல்கள்,
4184,,4184,சுலபமாக ஜோதிடம் கற்கலாம்,பூபதிராஜா,யமுனா பதிப்பகம்,1996,23.00,தன்முன்னேற்ற நூல்கள்,
4185,,4185,ஹாய் மதன் பக்கம் 8,மதன்,விகடன் பிரசுரம்,2010,90.00,அறிவியல்,
4186,,4186,ஏழாம் சுவை,மருத்துவர் சிவராமன்,விகடன் பிரசுரம்,2013,65.00,தன்முன்னேற்ற நூல்கள்,
4187,,4187,இனிவரும் காலம் ,மருத்துவர் பெருநை,பாவாணர் பதிப்பகம்,2012,120.00,தன்முன்னேற்ற நூல்கள்,
4188,,4188,நிழல்கள் நடந்த பாதை,மனுஷ்யபுத்திரன்,சூரியன் பதிப்பகம்,2013,200.00,தன்முன்னேற்ற நூல்கள்,
4190,,4190,நல்ல நண்பன் வாழ்வின் துணைவன்,மெர்வின்,முருகன் பதிப்பகம்,1987,6.50,தன்முன்னேற்ற நூல்கள்,
4192,,4192, +2 அடுத்து என்ன படிக்கலாம்,ரமேஷ் பிரபா,கேலக்ஸி பப்ளிகேசன்ஸ்,2004,60.00,தன்முன்னேற்ற நூல்கள்,
4193,,4193,நீ இப்ப பாஸ் பாஸ்,ரமேஷ் பிரபா,கேலக்ஸி பப்ளிகேசன்ஸ்,2004,20.00,தன்முன்னேற்ற நூல்கள்,
4194,,4194,படியப்பா,ரமேஷ் பிரபா,கேலக்ஸி பப்ளிகேசன்ஸ்,2004,30.00,தன்முன்னேற்ற நூல்கள்,
4195,,4195,வழிகாட்டும் மொழிகள்,ரவீந்திரன்,கண்ணதாசன் பதிப்பகம்,2000,24.00,தன்முன்னேற்ற நூல்கள்,
4196,,4196,நீங்களும் முதல்வர் ஆகலாம்,ரா.கி.ரங்கராஜன்,நக்கீரன் பதிப்பகம்,2010,225.00,தன்முன்னேற்ற நூல்கள்,
4197,,4197,"எழுத்துக்களும், எண்ணங்களும்",ராமநாதன்,வானதி பதிப்பகம்,2001,35.00,தன்முன்னேற்ற நூல்கள்,
4198,,4198,இன்றைய சூழலில் பெண்,ருக்குமணி,பாவை பப்ளிகேசன்ஸ்,2010,80.00,தன்முன்னேற்ற நூல்கள்,
4241,,4241,உள்மன ஆற்றல்கள் ,வாசு கண்ணன்,நர்மதா பதிப்பகம்,1995,,பொது அறிவு,
4242,,4242,நானே கேள்வி நானே பதில்,விகடன் பிரசுரம்,விகடன் பிரசுரம்,2011,65.00,தன்முன்னேற்ற நூல்கள்,
4244,,4244,வித்தகன் பதில்கள் - 1,வித்தகன்,அட்சரா பதிப்பகம்,2008,70.00,தன்முன்னேற்ற நூல்கள்,
4245,,4245,வித்தகன் பதில்கள் - 2,வித்தகன்,அட்சரா பதிப்பகம்,2009,65.00,தன்முன்னேற்ற நூல்கள்,
4247,,4247,அரிதாரம் ,வெ.இறையன்பு,நியுசெஞ்சுரி புக் ஹவுஸ்,2011,50.00,தன்முன்னேற்ற நூல்கள்,
4248,,4248,சின்னச்சின்ன மின்னல்கள் ,வெ.இறையன்பு,விஜயா பதிப்பகம்,2011,80.00,தன்முன்னேற்ற நூல்கள்,
4249,,4249,வேடிக்கை மனிதர்கள்,வெ.இறையன்பு,விஜயா பதிப்பகம்,2007,100.00,தன்முன்னேற்ற நூல்கள்,
4250,,4250,உடல்நலம்,வேதாத்திரி மகரிஷி,உலக சமுதாய சேவா சங்கம்,2010,55.00,ஆன்மீகம்,
4251,,4251,குணநலபேரும் சமுதாய நலனும்,வேதாத்திரி மகரிஷி,உலக சமுதாய சேவா சங்கம்,2010,60.00,ஆன்மீகம்,
4252,,4252,இறை நாணமும் முழுப்பெறும்,வேதாத்திரி மகரிஷி,உலக சமுதாய சேவா சங்கம்,2010,60.00,ஆன்மீகம்,
4253,,4253,சிற்பியே உன்னை செதுக்குகிறேன்,வைரமுத்து,சூர்யா பதிப்பகம்,2012,60.00,தன்முன்னேற்ற நூல்கள்,
4254,,4254,அனுபவ முத்திரைகள்,ஜீவா,நியுசெஞ்சுரி புக் ஹவுஸ்,1980,5.00,தன்முன்னேற்ற நூல்கள்,
4256,,4256,சிந்தனை முத்துக்கள்,சுகி சிவம்,சுகி புக்ஸ்,2005,35.00,தன்முன்னேற்ற நூல்கள்,
4257,,4257,வெற்றிவிதிகள் - 3,நெப்போலியன்,கண்ணதாசன் பதிப்பகம்,2011,170.00,தன்முன்னேற்ற நூல்கள்,
4258,,4258,கலாம் ஒரு கனவு நாயகன்,விகடன் பிரசுரம்,விகடன் பிரசுரம்,2015,185.00,தன்முன்னேற்ற நூல்கள்,
4260,,4260,சொல் அல்லது செயல்,அதிஷா,விகடன் பிரசுரம்,2017,215.00,தன்முன்னேற்ற நூல்கள்,
4261,,4261,முடிவல்ல ஆரம்பம்,து.சா.ப.செல்வம்,கண்ணதாசன் பதிப்பகம்,2009,40.00,தன்முன்னேற்ற நூல்கள்,
4262,,4262,இளைஞனே ரிலாக்ஸ் ப்ளீஸ்,சுவாமி சுகபோதானந்தா,விகடன் பிரசுரம்,2016,145.00,தன்முன்னேற்ற நூல்கள்,
4263,,4263,மணி மேனேஜ்மெண்ட்,சி.சரவணன்,விகடன் பிரசுரம்,2017,130.00,தன்முன்னேற்ற நூல்கள்,
4265,,4265,கற்க கசடற,பாரதி தம்பி,விகடன் பிரசுரம்,2016,145.00,தன்முன்னேற்ற நூல்கள்,
4267,,4267,எங்கே போகிறோம் நாம்,தமிழருவி மணியன்,விகடன் பிரசுரம்,2016,185.00,தன்முன்னேற்ற நூல்கள்,
4268,,4268,சகாயம் சந்தித்த சவால்கள்,கே.ராஜதிருவேங்கடம்,விகடன் பிரசுரம்,2016,100.00,தன்முன்னேற்ற நூல்கள்,
4269,,4269,வெற்றி வெளிச்சம்,இயகோகா சுப்பிரமணியம்,விகடன் பிரசுரம்,2015,105.00,தன்முன்னேற்ற நூல்கள்,
4270,,4270,உழைக்க உழைக்க சிரிப்பு வருது,கே.சத்திய நாராயணா,விகடன் பிரசுரம்,2009,75.00,தன்முன்னேற்ற நூல்கள்,
4271,,4271,அடுத்த விநாடி,நாகூர் ரூமி,கிழக்கு பதிப்பகம்,2007,170.00,தன்முன்னேற்ற நூல்கள்,
4272,,4272,மனம் என்னும் ஆயுதம்,நன்னம்பிக்கை நம்பி,மதி நிலையம்,2014,100.00,தன்முன்னேற்ற நூல்கள்,
4273,,4273,வாழ்வாங்கு வாழலாம் வா -1,மதிவண்ணன்,சூரியன் பதிப்பகம்,2017,180.00,தன்முன்னேற்ற நூல்கள்,
4274,,4274,வாழ்வாங்கு வாழலாம் வா பாகம் 2,மதிவண்ணன் ,சூரியன் பதிப்பகம்,2017,180.00,தன்முன்னேற்ற நூல்கள்,
4275,,4275,நிமிர்ந்து நில் பாகம் 3  3*4=13,கோபிநாத்,நக்கீரன் வெளியீடு,2016,125.00,தன்முன்னேற்ற நூல்கள்,
4276,,4276,மேலே... உயரே... உச்சியிலே....,இறையன்பு,விகடன் பிரசுரம்,2018,325.00,தன்முன்னேற்ற நூல்கள்,
4277,,4277,விழுவது எழுவதற்கே!,எஸ்.எல்.வி.மூர்த்தி,தமிழ் திசை,2019,175.00,தன்முன்னேற்ற நூல்கள்,
4278,,4278,மண்ட பத்திரம்!,கோபிநாத்,சிகிஸ்த்சென்ஸ் பப்ளிகேஷன்ஸ்,2018,77.00,தன்முன்னேற்ற நூல்கள்,
4279,,4279,வேகமாகப் படிக்க,ம.லெனின்,சிகிஸ்த்சென்ஸ் பப்ளிகேஷன்ஸ்,2018,111.00,தன்முன்னேற்ற நூல்கள்,
4280,,4280,புதியமுறையில் ஆங்கில எண் கணித பலன்கள்,அசோக்குமார்,மதி நிலையம்,2005,40.00,அறிவியல்,
4281,,4281,அல்லாடும் ஆண்டவன்,அறிஞர் அண்ணா,சீதை பதிப்பகம்,2010,25.00,பகுத்தறிவு,
4282,,4282,அதிசய பிரமிடின் ரகசியங்களும் ஆற்றல்களும்,அரங்கநாதன்,விஜயா பதிப்பகம்,1995,25.00,அறிவியல்,
4283,,4283,அறிவியல் ஆயிரம் - 1,அருணாசலம்,மணிவாசகர் பதிப்பகம்,1999,30.00,அறிவியல்,
4284,,4284,அறிவியல் ஆயிரம் - 2,அருணாசலம்,மணிவாசகர் பதிப்பகம்,1997,40.00,அறிவியல்,
4286,,4286,அறிவியல் ஆயிரம் - 4,அருணாசலம்,மணிவாசகர் பதிப்பகம்,1995,40.00,அறிவியல்,
4287,,4287,அறிவியல் ஆயிரம் - 5,அருணாசலம்,மணிவாசகர் பதிப்பகம்,2000,35.00,அறிவியல்,
4288,,4288,அறிவியல் ஆயிரம் - 6,அருணாசலம்,மணிவாசகர் பதிப்பகம்,1999,30.00,அறிவியல்,
4289,,4289,அறிவியல் ஆயிரம் - 7,அருணாசலம்,மணிவாசகர் பதிப்பகம்,1999,30.00,அறிவியல்,
4290,,4290,அறிவியல் ஆயிரம் - 8,அருணாசலம்,மணிவாசகர் பதிப்பகம்,1999,35.00,அறிவியல்,
4291,,4291,அறிவியல் ஆயிரம் - 9,அருணாசலம்,மணிவாசகர் பதிப்பகம்,2002,45.00,அறிவியல்,
4292,,4292,அறிவியல் ஆயிரம் - 10,அருணாசலம்,மணிவாசகர் பதிப்பகம்,1999,35.00,அறிவியல்,
4293,,4293,இந்துமாக்கடல் மர்மங்கள் ,அலெக்சாண்டர்,நியுசெஞ்சுரி புக் ஹவுஸ்,1995,18.00,அறிவியல்,
4294,,4294,ஒரே வாரத்தில் கணினி கற்கலாம் ,ஆர்.ஜெயகாந்தன்,திருவரசு புத்தக நிலையம்,2002,50.00,அறிவியல்,
4295,,4295,பசுமைக்கு உயிர் என்று பெயர்,இரா.ஜோதி,அலைகள் வெளியீட்டகம்,2010,70.00,அறிவியல்,
4296,,4296,எளிய தமிழில் எம்.எஸ்.டாஸ்,உதயகுமார் ,கண்ணதாசன் பதிப்பகம்,2002,96.00,அறிவியல்,
4297,,4297,கப்பலின் கதை ,உமாமகேஷ்,அநுராகம்,2000,30.00,அறிவியல்,
4298,,4298,நீ எப்படி தோன்றினாய்,எல்லீஸ் ,அறிவியல் வெளியீடு,2004,15.00,அறிவியல்,
4300,,4300,உலகை மாற்றிய விஞ்ஞானிகள்,ஏற்காடு.இளங்கோ,சீதை பதிப்பகம்,2004,40.00,அறிவியல்,
4301,,4301,மானச யோகம்,கண்ணைய யோகி,யோக ஞான வெளியீடு,1973,6.00,ஆன்மீகம்,
4302,,4302,keyboard short cuts,கணியரசு மா.ஆன்டோபீட்டார்,Soft View Publications,2011,60.00,அறிவியல்,
4303,,4303,கம்ப்யுட்டர் கற்றுக்கொள்ளுங்கள்,கணியரசு மா.ஆன்டோபீட்டார்,Soft View Publications,2010,78.00,அறிவியல்,
4304,,4304,கம்யூட்டர் வைரஸ்,கணியரசு மா.ஆன்டோபீட்டார்,Soft View Publications,2011,60.00,அறிவியல்,
4306,,4306,கம்யூட்டரில் தமிழ்டைப்பிங் பயிற்சி,கணியரசு மா.ஆன்டோபீட்டார்,Soft View Publications,2006,22.00,அறிவியல்,
4307,,4307,செல்பேசி துறைக்கான கலைச்சொற்கள் ,கணியரசு மா.ஆன்டோபீட்டார்,Soft View Publications,2006,22.00,அறிவியல்,
4308,,4308,தமிழும் கணிப்பொறியும்,கணியரசு மா.ஆன்டோபீட்டார்,Soft View Publications,2011,90.00,அறிவியல்,
4309,,4309,புண்ணிய பூமி,கர்மயோகி,மதர்ஸ் ஸர்வீஸ் சொசைட்டி,2012,100.00,அறிவியல்,
4310,,4310,அணுக்கதிர் வீச்சும் உயிரியல்,கல்பாக்கம் தமிழ்மணி,Texem Publications,1997,35.00,அறிவியல்,
4311,,4311,புகழ்பெற்ற இந்திய விஞ்ஞானிகள்,கா.சந்திரகுமாரி,சீதை பதிப்பகம்,2008,40.00,அறிவியல்,
4313,,4313,கண்டுபிடித்தது எப்படி - 1,கே.என்.சீனிவாசன்,விகடன் பதிப்பகம்,2011,70.00,அறிவியல்,
4314,,4314,கண்டுபிடித்தது எப்படி - 2,கே.என்.சீனிவாசன்,விகடன் பதிப்பகம்,2011,70.00,அறிவியல்,
4315,,4315,பேய் ,சஞ்சீவி ,கிழக்கு பதிப்பகம்,2010,95.00,அறிவியல்,
4316,,4316,வெற்றிமின்னல் வேகக்கணிதம்,சாகுல் அமிது ,தாமரை பதிப்பகம்,2003,15.00,அறிவியல்,
4317,,4317,மனிதன் யார் ?,சாமிநாதசர்மா,சந்தியா பதிப்பகம்,2002,20.00,அறிவியல்,
4318,,4318,எத்தனை பெரிய வானம் - 1,சு.முத்து ,அரும்பு பதிப்பகம்,2001,50.00,அறிவியல்,
4319,,4319,எத்தனை பெரிய வானம் - 2,சு.முத்து ,அரும்பு பதிப்பகம்,2001,40.00,அறிவியல்,
4320,,4320,அணு ஆட்டம்,சுப.உதயகுமாரன்,விகடன் பதிப்பகம்,2011,85.00,அறிவியல்,
4321,,4321,இன்டர்நெட் அகராதி ,சுப்ரஜா ,குமரன் பதிப்பகம்,2002,60.00,அறிவியல்,
4322,,4322,இண்டர்நெட் அகராதி,சுப்ரஜா ,பூம்புகார் பதிப்பகம்,2005,60.00,அறிவியல்,
4323,,4323,கம்ப்யூட்டர் கலைச் சொற்கள்,சுப்ரஜா ,பூம்புகார் பதிப்பகம்,2005,85.00,அறிவியல்,
4324,,4324,இல்லறக் கடமைக்கு நல்லற கடிதங்கள்,சுவாமி.ஆனந்தானந்தர்,ஸ்ரீசாரதா ஆஸ்ரமம்,2012,25.00,ஆன்மீகம்,
4325,,4325,என்? எதற்கு? எப்படி - 1,சுஜாதா,விகடன் பதிப்பகம்,2009,170.00,அறிவியல்,
4326,,4326,என்? எதற்கு? எப்படி - 2,சுஜாதா,விகடன் பதிப்பகம்,2009,200.00,அறிவியல்,
4328,,4328,அறிவியலில் எலெக்ரானிக்ஸ் அற்புதங்கள் ,செல்லப்பன்,கண்ணா வெளியீடு,1990,22.00,அறிவியல்,
4329,,4329,சூரிய சக்தியை விஞ்ஞான முறைப்படி பயன்படுத்துவது எப்படி?,சேஷய்யா,மோகன் புத்தக நிலையம்,1992,12.00,அறிவியல்,
4330,,4330,செயற்கைக் கோள்களின் பார்வையில் தமிழக நதிகளில் ,சோமா.இராமசாமி,பாவை பப்ளிகேசன்ஸ்,2011,100.00,அறிவியல்,
4331,,4331,வானத்து அதிசயங்கள்,ஞானமூர்த்தி,அநுராகம்,1988,2.50,அறிவியல்,
4332,,4332,அச்சரேகை... தீர்வு ரேகை,டாக்டர்.எம்.பி.ராமன்,விகடன் பதிப்பகம்,2011,170.00,அறிவியல்,
4333,,4333,உழவுக்கும் உண்டு வரலாறு,டாக்டர்.கோ.நம்மாழ்வார் ,விகடன் பதிப்பகம்,2013,75.00,அறிவியல்,
4334,,4334,என் நாடு உடைய இயற்கையே போற்றி ,டாக்டர்.கோ.நம்மாழ்வார் ,விகடன் பதிப்பகம்,2013,65.00,அறிவியல்,
4335,,4335,"பொது அறிவுக்கு 1000 கேள்வி, பதில்கள்",டி.எஸ்.ரோகிணி ,நற்பவி பிரசுரம்,2004,100.00,அறிவியல்,
4336,,4336,உடனடி சாம்பிராணி ஆய்வுஅறிக்கை,டீ.இ.உஷாநந்தினி,டீ.இ.உஷாநந்தினி,2003,123.00,அறிவியல்,
4337,,4337,அதிசய பிரமிடுகளின் அபூர்வ சக்திகள்,தமன்னா செட்டியார்,நர்மதா பதிப்பகம்,2003,30.00,அறிவியல்,
4338,,4338,ஆற்றல் பிரமிடுகளை பயன்படுத்தும் முறைகள்,தமன்னா செட்டியார்,நர்மதா பதிப்பகம்,2003,35.00,அறிவியல்,
4341,,4341,விஞ்ஞானம் நேற்று - இன்று - நாளை ,தமிழ் உத்தம்சிங் ,அறிவுப் பதிப்பகம்,2006,40.00,அறிவியல்,
4342,,4342,அண்டார்டிகா பற்றி வியப்பூட்டும் செய்திகள்,தமிழ்வாணன்,மணிமேகலை பிரசுரம்,1987,5.50,அறிவியல்,
4343,,4343,என்ன?  எங்கே? எப்போது?,தமிழ்வாணன் ,மணிமேகலை பிரசுரம்,1991,22.00,அறிவியல்,
4344,,4344,உலகம் எப்படி தோன்றியது?,பத்ரி சேஷாத்ரி,Prodigy,2007,25.00,அறிவியல்,
4345,,4345,உயிர்கள் எப்படி தோன்றியது?,பத்ரி சேஷாத்ரி,Prodigy,2007,25.00,அறிவியல்,
4346,,4346,உலகை மாற்றிய கண்டுபிடிப்புகள்,கமலநாதன்,கங்கை புத்தக நிலையம்,2010,175.00,அறிவியல்,
4347,,4347,பெண்டுலம் சக்தியையும் பிரமிடு சக்தியையும் வாழ்க்கையில் பயன்படுத்தும் முறைகள்,பி.சி. கணேசன்,நர்மதா பதிப்பகம்,2001,40.00,அறிவியல்,
4348,,4348,மனிதனுக்குள்ளே ஒரு மிருகம் ,மதன்,விகடன் பதிப்பகம்,2012,150.00,அறிவியல்,
4349,,4349,ஹாய் மதன் பாகம் 8,மதன்,விகடன் பதிப்பகம்,2010,90.00,அறிவியல்,
4350,,4350,மனிதனும் மர்மங்களும்,மதன் ,கிழக்கு பதிப்பகம்,2006,80.00,அறிவியல்,
4351,,4351,ஹாய் மதன் பாகம் - 2,மதன் ,கிழக்கு பதிப்பகம்,2006,80.00,அறிவியல்,
4352,,4352,ஹாய் மதன் பாகம் - 3,மதன் ,கிழக்கு பதிப்பகம்,2003,80.00,அறிவியல்,
4353,,4353,விண்மீன்களின் உள்ளெ,முத்து,நியுசெஞ்சுரி புக் ஹவுஸ்,1992,25.00,அறிவியல்,
4354,,4354,மின்முலாம் பூசுவது எப்படி?,மெ.மெய்யப்பன்,இலக்குமி நிலையம்,1992,10.00,அறிவியல்,
4355,,4355,விண்வெளியின் கதை ,மெய்யப்பன் ,இலக்குமி நிலையம்,1989,10.50,அறிவியல்,
4356,,4356,பொழுது போக்கு பௌதிகம்,யா.பேரைல்மன்,முன்னேற்ற பதிப்பகம்,,,அறிவியல்,
4357,,4357,ஒலிபரப்பு காலை ,யூ.ராசய்யா,பிரதீபா பிரசுரம்,1985,10.00,அறிவியல்,
4358,,4358,இறந்தவர்கள் ஆவியுடன் நீங்களும் பேசலாம் ,ரத்தினசாமி,நர்மதா பதிப்பகம்,2003,60.00,அறிவியல்,
4359,,4359,சூரிய ஆற்றல் கருவிகள்,ராமராஜி,நர்மதா பதிப்பகம்,1988,8.00,அறிவியல்,
4361,,4361,விண்டோஸ் - 2000,ராஜமலர் ,நர்மதா பதிப்பகம்,2000,90.00,அறிவியல்,
4362,,4362,அர்த்தமுள்ள அரட்டை ,ராஜேஸ்குமார்,பூம்புகார் பதிப்பகம்,2002,85.00,அறிவியல்,
4364,,4364,இதயத்தை வலுவாக்கு,லெனின்,மீர் பதிப்பகம்,1981,,மருத்துவம்,
4365,,4365,தகுந்த தொழில்நுட்பம்,வாசன்,நியுசெஞ்சுரி புக் ஹவுஸ்,1988,6.00,அறிவியல்,
4366,,4366,மெல்லுடலிகள் வளர்ப்பு,வி.சுந்தரராஜ் ,ஸ்டார் பிரசுரம்,1985,18.00,அறிவியல்,
4369,,4369,உயிர்வளமும் மனவளமும்,வேதாத்திரி மகரிஷி,வேதாத்திரி பதிப்பகம்,2010,50.00,ஆன்மீகம்,
4370,,4370,வான் காந்த தத்துவம்,வேதாத்திரி மகரிஷி,வேதாத்திரி பதிப்பகம்,1999,25.00,ஆன்மீகம்,
4371,,4371,செயல்முறை விஞ்ஞானம்,ஜா.பீட்டர் ,பார்வதி கண்ணதாசன் பதிப்பகம்,2000,24.00,அறிவியல்,
4373,,4373,உயிர்மொழி,ஷாலினி,விகடன் பதிப்பகம்,2012,70.00,அறிவியல்,
4375,,4375,மனித உறவுகள்,எம்.எஸ்.உதயமூர்த்தி,கங்கை புத்தக நிலையம்,2002,27.00,அறிவியல்,
4376,,4376,உள்ளொளி பயணம்,இறையன்பு,தாகம் பதிப்பகம்,2001,100.00,அறிவியல்,
4377,,4377,வீட்டுக்குள் வரும் உலகம்,சுஜாதா,டிஷ்நெட் டி.எஸ் எல்,1998,100.00,அறிவியல்,
4378,,4378,வான் காந்த தத்துவம்,வேதாத்திரி மகரிஷி,வேதாத்திரி பதிப்பகம்,1994,,ஆன்மீகம்,
4403,,4403,நினைவாற்றல் வளற,இரா.கனகசுப்புரத்தினம்,ராமையா பதிப்பகம்,2001,60.00,மருத்துவம்,
4407,,4407,உணர்ச்சி வசப்படலாமா ?,எழில்.கிருஷ்ணன்,Prodigy,2007,25.00,மருத்துவம்,
4408,,4408,பெண்களின் அந்தரங்கம்,நப்பின்னை,கிழக்கு பதிப்பகம்,2008,70.00,மருத்துவம்,
4410,,4410,தலையணை மந்திரம்,எஸ்.கே.முருகன்,விகடன் பிரசுரம்,2007,60.00,மருத்துவம்,
4411,,4411,தியான யோகம் ,எஸ்.ஜனார்த்தன் ,அருள்மிகு அன்னை பதிப்பகம்,1998,27.00,மருத்துவம்,
4412,,4412,இயற்கை உணவுகள் ,ஏ.வி.ஜி.ரெட்டி,இந்திய இயற்கை மருத்துவ சேவை மையம்,,,மருத்துவம்,
4413,,4413,"மூட்டு வலி, எலும்பு முறிவு",க.ஆர்.ரகுநாதன்,நலம் பதிப்பகம்,2007,65.00,மருத்துவம்,
4414,,4414,ஹார்ட் அட்டாக்,இ.பக்தவச்சலம்,நலம் பதிப்பகம்,2007,70.00,மருத்துவம்,
4415,,4415,வயிறு ,க.ஜெ.எஸ்.ராஜ்குமார்,Prodigy,2007,25.00,மருத்துவம்,
4420,,4420,காக்க வேண்டிய கண்கள்,கிரிடாதி ,கிரீடம் பதிப்பகம்,2001,20.00,மருத்துவம்,
4421,,4421,இதயம்,கே.எஸ்.செரியன்,விகடன் பிரசுரம்,2009,60.00,மருத்துவம்,
4424,,4424,பொது மருத்துவமனைகளை பயன்படுத்திக்கொள்வது எப்படி?,சக்தி விஜயலக்ஷ்மி,வாசவன் பதிப்பகம்,1992,15.00,மருத்துவம்,
4428,,4428,சர்க்கரை நோய் ,சுதர்சனம் பதிப்பகம்,சுதர்ஸன் பதிப்பகம்,2009,60.00,மருத்துவம்,
4429,,4429,ஆரோக்ய உணவு ,சுந்தரம் ,#,,,மருத்துவம்,
4430,,4430,ஆயுர்வேத வைத்தியம்,சுவாமி சிவானந்த,தெய்வீக வாழ்க்கை சங்கம்,2000,25.00,மருத்துவம்,
4432,,4432,மனம் நம் வசம்,சுவாமி புதனந்தர்,ஸ்ரீராமகிருஷ்ண மடம்,2005,15.00,மருத்துவம்,
4433,,4433,தலைமைச் செயலகம்,சுஜாதா,விசா பப்ளிகேசன்ஸ்,2002,64.00,மருத்துவம்,
4434,,4434,மனோவியாதிகளும் சிகிச்சைகளும்,செல்வராஜ்,தேன்துளி பிரசுரம்,1967,,மருத்துவம்,
4435,,4435,உங்களுக்குள் ஒரு ஆனந்தம்,சொ.செல்வராசன்,அன்னை ரெய்க்கி பதிப்பகம்,2000,39.00,மருத்துவம்,
4436,,4436,மன அழுத்தம் விரட்டலாம் ?,சோம.வள்ளியப்பன்,Prodigy,2007,25.00,மருத்துவம்,
4437,,4437,நமது உடலும் உலகமும்,ஞானி,நான்மணி பதிப்பகம்,2002,28.00,மருத்துவம்,
4438,,4438,குழந்தை வளர்ப்பு ,டாக்டர் தா.திருஞானம் ,நியுசெஞ்சுரி புக் ஹவுஸ்,2005,150.00,மருத்துவம்,
4440,,4440,உணர்ச்சிகள்,டாக்டர் நாராயண ரெட்டி,நக்கீரன் பதிப்பகம்,2007,75.00,மருத்துவம்,
4442,,4442,எது சுகம்  (உணர்ச்சிகள் பாகம் -2),டாக்டர் நாராயண ரெட்டி,நக்கீரன் பதிப்பகம்,2010,150.00,மருத்துவம்,
4443,,4443,குட்நைட்,டாக்டர் நாராயண ரெட்டி,விகடன் பிரசுரம்,2014,100.00,மருத்துவம்,
4447,,4447,நோய்கள் நீங்க எனிமா,டாக்டர் ஆர்.சுப்பிரமணியன்,நர்மதா பதிப்பகம்,1998,9.00,மருத்துவம்,
4449,,4449,பெண்கள் மனசு,டாக்டர் ஷாலினி,நலம் பதிப்பகம்,2008,60.00,மருத்துவம்,
4450,,4450,பெண்ணின் மறுபக்கம்,டாக்டர் ஷாலினி,விகடன் பிரசுரம்,2013,140.00,மருத்துவம்,
4451,,4451,இனி எங்கும் இயற்கை மருத்துவமே,டாக்டர். கிருபளானி,நர்மதா பதிப்பகம்,2001,40.00,மருத்துவம்,
4454,,4454,சித்த மருத்துவம்,டாக்டர். சிற்பசபை,தொகுப்பு,1990,28.00,மருத்துவம்,
4455,,4455,சித்த மருத்துவம்,டாக்டர். சிற்பசபை,தொகுப்பு,1988,20.00,மருத்துவம்,
4457,,4457,அதோ அந்த பறவை ,டாக்டர்.ருத்ரன் ,கவிதா பப்ளிகேசன்ஸ்,2002,30.00,மருத்துவம்,
4458,,4458,தேவைகள் ஆசைகள் ,டாக்டர்.ருத்ரன் ,கவிதா பப்ளிகேசன்ஸ்,2001,30.00,மருத்துவம்,
4461,,4461,மயக்கம் என்ன?,டி.எஸ்.சஞ்சீவிகுமார்,விகடன் பிரசுரம்,2012,110.00,மருத்துவம்,
4464,,4464,குழந்தை வளர்ப்பு எனும்  அறிய கலை,"டி.வெங்கட்ராவ் 
சூரியகுமாரி பாலு",நர்மதா பதிப்பகம்,,,மருத்துவம்,
4465,,4465,இளம்பிள்ளை வாதம் ,தமிழ்வாணன் ,மணிமேகலை பிரசுரம்,1984,9.00,மருத்துவம்,
4466,,4466,கண்ணாடி இன்றி சிறந்த கண்பார்வை பெறுங்கள்,தமிழ்வாணன் ,மணிமேகலை பிரசுரம்,1994,12.00,மருத்துவம்,
4467,,4467,திக்குவாயை போக்குவது எப்படி,தமிழ்வாணன் ,மணிமேகலை பிரசுரம்,1993,15.00,மருத்துவம்,
4468,,4468,தியான நெறிகளும் நன்மைகளும் ,தமிழ்வாணன் ,மணிமேகலை பிரசுரம்,1995,21.00,மருத்துவம்,
4469,,4469,பிளட் பிரஷர் ,தமிழ்வாணன் ,மணிமேகலை பிரசுரம்,1996,27.00,மருத்துவம்,
4470,,4470,பெண்களுக்கான யோகாசனம் ,தமிழ்வாணன் ,மணிமேகலை பிரசுரம்,1995,16.00,மருத்துவம்,
4471,,4471,மனநோயும் மருவத்துவ முறைகளும்,தமிழ்வாணன் ,மணிமேகலை பிரசுரம்,1992,22.00,மருத்துவம்,
4472,,4472,மன நோய் மருத்துவ முறைகள்,தமிழ்வாணன்,மணிமேகலை பிரசுரம்,1992,22.00,மருத்துவம்,
4473,,4473,யோகாசனம் கற்றுக்கொள்ளுங்கள் ,தமிழ்வாணன் ,மணிமேகலை பிரசுரம்,1995,30.00,மருத்துவம்,
4474,,4474,வைத்தியச் செலவைக் குறைக்க வழிகள் ,தமிழ்வாணன்,மணிமேகலை பிரசுரம்,1973,2.50,மருத்துவம்,
4475,,4475,கீரை வைத்தியம் ,திருமலை நடராசன்,குமரன் பதிப்பகம்,2004,20.00,மருத்துவம்,
4476,,4476,ஏராளமான ஜோக்ஸ்,தெய்வசிலை,சாருபிரபா பப்ளிகேசன்ஸ்,2004,50.00,பொது அறிவு,
4477,,4477,உடலே உன்னை ஆராதிக்கிறேன் ,தேசிகாச்சாரி,விகடன் பிரசுரம்,2002,35.00,மருத்துவம்,
4478,,4478,குழந்தைகளுக்கு அழகான தமிழ்ப்பெயர்கள்,ந.ஆறுமுகம்,மறைமலை அடிகள் பதிப்பகம்,202,10.00,மருத்துவம்,
4479,,4479,வீண் செலவுகள்,ந.ஆறுமுகம்,மறைமலை அடிகள் பதிப்பகம்,2002,10.00,மருத்துவம்,
4480,,4480,"சித்த,இயற்கை வைத்தியம்",ந.ஆறுமுகம்,மணிமேகலை பிரசுரம்,2000,,மருத்துவம்,
4482,,4482,இயற்கை மருத்துவ குறிப்புகள் ,நர்மதா வெளியீடு ,காந்திஜி இயற்கை மருத்துவ நிலையம்,1991,12.00,மருத்துவம்,
4485,,4485,நீங்களும் வலிமையோடு வாழலாம் ,நவராஜ்.செல்லையா,ராஜ்மோகன் பதிப்பகம்,1984,7.00,மருத்துவம்,
4486,,4486,மனிதரும் மனமும்,நா.நளினி,தமிழ்ப் புத்தகாலயம்,2003,50.00,மருத்துவம்,
4487,,4487,நோய்களை அறிவோம் வாருங்கள் ,நா.மோகன்,புதுவாழ்வு பதிப்பகம்,1997,30.00,மருத்துவம்,
4488,,4488,ஆண்களின் அந்தரங்கம்,நிப்பிளை,கிழக்கு பதிப்பகம்,2008,75.00,மருத்துவம்,
4489,,4489,மக்கட் செல்வம்,பரமசிவானந்தன்,தமிழ்க்கலை இல்லம்,1960,2.00,மருத்துவம்,
4490,,4490,சிந்திப்போம்,பாலசுப்ரமணியம்,ஹேமலதா நினைவு அறகட்டளை,2006,10.00,மருத்துவம்,
4492,,4492,பந்தய புறாக்கள் ,பு.ச.முருகுசுப்ரமணியம்,காவ்யா பதிப்பகம்,1997,30.00,மருத்துவம்,
4496,,4496,உச்சி முதல் உள்ளங்கால்வரை - 3,"மரு.பார்த்தசாரதி
மரு.சௌந்தரராஜன்",விகடன் பிரசுரம்,2008,110.00,மருத்துவம்,
4498,,4498,உணர்ச்சிகள் - 3,மரு.ஷாலினி,நக்கீரன் பதிப்பகம்,207,80.00,மருத்துவம்,
4502,,4502,நோய்நாடல் நோய்முதல் நாடல் திரட்டு பாகம் - 2 ,மா.சண்முகவேல்,இந்திய மருத்துவம் - ஓமியோபதி துறை,2003,175.00,மருத்துவம்,
4504,,4504,பெண் ஒரு புதிர் அல்ல - 2,மாத்ருபூதம் ,கற்பகம் புத்தகாலயம்,2001,40.00,மருத்துவம்,
4505,,4505,புதிரா! புனிதமா!,மாத்ருபூதம் ,கற்பகம் புத்தகாலயம்,2002,175.00,மருத்துவம்,
4506,,4506,பசுமைகள் பவனிவரட்டும் ,முகமது இத்ரிஸ்,பினாங்கு பயனீட்டாளர் சங்கம்,1993,,மருத்துவம்,
4507,,4507,மருத்துவ மூடநம்பிக்கைகளும் விஞ்ஞான விளக்கங்களும் ,முத்துசெல்வகுமார்,கற்பகம் புத்தகாலயம்,2001,30.00,மருத்துவம்,
4508,,4508,குழந்தைகளுக்கான உணவுகள்,முத்துசெல்வகுமார்,நலம் பதிப்பகம்,2008,60.00,மருத்துவம்,
4509,,4509,அறிந்துகொள்வோம் பாலியலை,மோகன்தாஸ்,பண்பு பதிப்பகம்,2009,80.00,மருத்துவம்,
4510,,4510,உங்கள் நலனுக்காக,ராஜசேகரன்,மீனாட்சி மிஷன்,2011,100.00,மருத்துவம்,
4511,,4511,எளிமையான உணவு மருத்துவம் ,ராஜந்திரபிரசாத்,கண்ணதாசன் பதிப்பகம்,2001,60.00,மருத்துவம்,
4513,,4513,சித்தர்கள் கண்ட மானுட ரகசியம் ,ரிஷபானந்தர் ,சங்கர் பதிப்பகம்,2001,45.00,மருத்துவம்,
4514,,4514,உறவுகள்,ருத்ரன்,கவிதா பப்ளிகேசன்ஸ்,,30.00,மருத்துவம்,
4515,,4515,தேடாதே,ருத்ரன்,கவிதா பப்ளிகேசன்ஸ்,2000,25.00,மருத்துவம்,
4516,,4516,நிஜங்கள்,ருத்ரன்,கவிதா பப்ளிகேசன்ஸ்,1999,20.00,மருத்துவம்,
4517,,4517,மாற்றம் (நேற்று மனிதன் இன்று மிருகம்),ருத்ரன்,கவிதா பப்ளிகேசன்ஸ்,1998,30.00,மருத்துவம்,
4518,,4518,மன இறுக்கத்தை வெல்லுங்கள் ,லெனின் ,சிக்ஸ்த் சென்ஸ் பப்ளிகேசன்ஸ்,2009,55.00,மருத்துவம்,
4519,,4519,கேன்சரின் தத்துவம்,வல் தாரிசு,சுவாமி மு.வல்தாரிசு,2001,,மருத்துவம்,
4520,,4520,ஞானவிருந்து ,காயத்ரி சித்தார்த்,ஞான நூற்பதிப்பகம்,1981,5.00,மருத்துவம்,
4521,,4521,குடும்பநலம் ,வள்ளலார் ,அருள்வடிவேலன் பதிப்பகம்,2000,15.00,மருத்துவம்,
4522,,4522,உள்மன ஆற்றல்கள்,வாசு கண்ணன்,நர்மதா பதிப்பகம்,2001,35.00,மருத்துவம்,
4523,,4523,உள்மன ஆற்றல்கள் ,வாசு கண்ணன்,நர்மதா பதிப்பகம்,1993,25.00,மருத்துவம்,
4524,,4524,மறதி நோய் சுகமா சுமையா,வி.எஸ்.நடராஜன்,விகடன் பிரசுரம்,2011,70.00,மருத்துவம்,
4525,,4525,இதயத்தை வலுவாக்கு,வி.செலேனின்,மீர் பதிப்பகம்,1981,,மருத்துவம்,
4527,,4527,டீன் ஏஜ் கேள்விகள்,விகடன் பிரசுரம்,விகடன் பிரசுரம்,2009,80.00,மருத்துவம்,
4528,,4528,உச்சிமுதல் உள்ளங்கால்வரை - 1,விகடன்வெளியீடு,விகடன் பிரசுரம்,2001,80.00,மருத்துவம்,
4529,,4529,உச்சிமுதல் உள்ளங்கால்வரை - 2,விகடன்வெளியீடு,விகடன் பிரசுரம்,2002,85.00,மருத்துவம்,
4530,,4530,உச்சிமுதல் உள்ளங்கால்வரை - 3,மரு.எம்.பார்த்தசாரதி ,விகடன் பிரசுரம்,2008,110.00,மருத்துவம்,
4531,,4531,தேக மனோதத்துவ ஞானக்களஞ்சியம்,வெங்கட்ராவ்,குமரி பதிப்பகம்,1972,10.00,மருத்துவம்,
4532,,4532,மாதவிலக்கு,ஜி.எஸ்.எஸ்,Mini Max,2008,25.00,மருத்துவம்,
4533,,4533,இதயமே இதயமே,ஜி.எஸ்.எஸ்,நலம் பதிப்பகம்,2007,60.00,மருத்துவம்,
4534,,4534,குழந்தைகள் சைக்காலஜி,ஜி.எஸ்.எஸ்,நலம் பதிப்பகம்,2008,70.00,மருத்துவம்,
4535,,4535,மருந்துசாப்பிடும்  முன் - ஒருநிமிடம்,ஜி.சக்ரவர்த்தி,விகடன் பிரசுரம்,2009,60.00,மருத்துவம்,
4538,,4538,பிரசவ கால பாதுகாப்பு,ஜெயராணி,நலம் பதிப்பகம்,2008,60.00,மருத்துவம்,
4539,,4539,எய்ட்ஸ் எரிமலை,ஜெயஸ்ரீதர்,விகடன் பிரசுரம்,1994,22.00,மருத்துவம்,
4540,,4540,நினைவாற்றல் பெற,ஜே.எஸ்.ஏப்ரகாம் ,நர்மதா பதிப்பகம்,2000,25.00,மருத்துவம்,
4542,,4542,கருவில் வளரும் குழந்தை,#,#,,,மருத்துவம்,
4545,,4545,மாரடைப்பு நோய்,அ.கதிரேசன்,நியுசெஞ்சுரி புக் ஹவுஸ்,1970,2.25,மருத்துவம்,
4546,,4546,மனவளக்கலை ,வேதாத்திரி மகரிஷி,வேதாத்திரி பப்ளிகேசன்ஸ்,1984,,ஆன்மீகம்,
4547,,4547,அப்துல்கலாம் 300 கேள்விகள்,ந.ராஜாராம்,அபிநயா பதிப்பகம்,2008,75.00,பொது அறிவு,
4548,,4548,"சுக்கு,  மிளகு,  திப்பிலி சுலப வைத்தியம்",C.P.தண்டபாணி,புத்தகப் பூங்கா,2005,20.00,மருத்துவம்,
4549,,4549,அந்தப்புரம் (தாம்பத்ய வழிகாட்டி),டாக்டர்.டி.நாராயண ரெட்டி,விகடன் பிரசுரம்,2016,125.00,மருத்துவம்,
4550,,4550,மருந்தில்லா மருத்துவம்,முனைவர் அப்துல் நாசர்,சாருபிரபா பப்ளிகேசன்ஸ்,2016,90.00,மருத்துவம்,
4551,,4551,சுவேதா (என்னுள் ஆணின் அகிம்சை பெண்ணின் இம்சை),பிரதிபா,சாருபிரபா பப்ளிகேசன்ஸ்,2017,45.00,மருத்துவம்,
4552,,4552,உயிர் பிழை (புற்றுநோயை வென்றிட),டாக்டர் கு.சிவராமன்,விகடன் பிரசுரம்,2016,165.00,மருத்துவம்,
4553,,4553,ஆளை அசத்தும் 60 கலைகள்,டாக்டர் ஷாலினி,சாருபிரபா பப்ளிகேசன்ஸ்,2016,175.00,மருத்துவம்,
4555,,4555,உயிர் மெய்,டாக்டர் கு.சிவராமன்,விகடன் பிரசுரம்,2017,185.00,மருத்துவம்,
4556,,4556,அலங்காரப்பிரியர்கள்,சு.வெங்கடேசன்,விகடன் பிரசுரம்,2014,90.00,மருத்துவம்,
4557,,4557,பாலியல் வாழ்வின் மறுபக்கம்,எஸ்.ஏ.செல்லப்பா,விகடன் பிரசுரம்,2012,90.00,மருத்துவம்,
4558,,4558,ஆண்களை ஹாண்டில் செய்வது எப்படி,டாக்டர் ஷாலினி,நக்கீரன் பதிப்பகம்,2015,200.00,மருத்துவம்,
4561,,4561,ஜீன் ஆச்சர்யம்,மொஹமத் சலீம்,விகடன் பிரசுரம்,2016,160.00,மருத்துவம்,
4562,,4562,முதுமை என்னும் பூங்காற்று,டாக்டர் வி.எஸ்.நடராசன்,விகடன் பிரசுரம்,2016,125.00,மருத்துவம்,
4563,,4563,மயக்குறு மகள்,காயத்ரி சித்தார்த்,விகடன் பிரசுரம்,2016,140.00,மருத்துவம்,
4564,,4564,ஆறாம் திணை - 2,டாக்டர் கு.சிவராமன்,விகடன் பிரசுரம்,2014,130.00,மருத்துவம்,
4566,,4566,ஆரோக்கியம் காக்கும் கீரைகள்,டாக்டர்.அருண் சின்னையா,உஷா பிரசுரம்,2015,220.00,மருத்துவம்,
4568,,4568,சித்தா மருந்துகளின் செய்முறை விளக்கம்,அரவிந்த் ஹெர்பல்,நர்மதா,2016,200.00,மருத்துவம்,
4570,,4570,தமிழ் வளர்த்த நகரங்கள்,அ.க.நவநீதகிருஷ்ணன்,தி.சை.சி.நூற்பதிப்புக் கழகம்,1921,,ஆன்மீகம்,
4571,,4571,திருப்புகழ் - 1,அ.மாணிக்கம் ,வர்த்தமானன் பதிப்பகம்,2000,400.00,ஆன்மீகம்,
4572,,4572,திருப்புகழ் - 2,அ.மாணிக்கம் ,வர்த்தமானன் பதிப்பகம்,2000,400.00,ஆன்மீகம்,
4573,,4573,திருப்புகழ் - 3,அ.மாணிக்கம் ,வர்த்தமானன் பதிப்பகம்,2000,400.00,ஆன்மீகம்,
4574,,4574,திருப்புகழ் - 4,அ.மாணிக்கம் ,வர்த்தமானன் பதிப்பகம்,2000,400.00,ஆன்மீகம்,
4575,,4575,குமார குருபரர் பிரபந்தத்திரட்டு - 1,அ.மாணிக்கம் ,வர்த்தமானன் பதிப்பகம்,2000,110.00,ஆன்மீகம்,
4576,,4576,குமார குருபரர் பிரபந்தத்திரட்டு - 2,அ.மாணிக்கம் ,வர்த்தமானன் பதிப்பகம்,2000,120.00,ஆன்மீகம்,
4577,,4577,வான் மகன் கிறிஸ்து,அஞ்சலை ரிச்சர்ட்,சுவிஷேஷ ஊழிய நூல்நிலையம்,1971,,ஆன்மீகம்,
4578,,4578,மாஜிக் கடவுள்கள்,அறிஞர் அண்ணா,பூம்புகார் பதிப்பகம்,2000,40.00,ஆன்மீகம்,
4579,,4579,ஸ்ரீமத் பகவத் கீதை,அறிஞர் அண்ணா,ஸ்ரீராமகிருஷ்ண மடம்,1990,,ஆன்மீகம்,
4580,,4580,வேத வரிகளும் தூதர் மொழிகள் ,அபிமுகமது ,இஸ்லாமிய நிறுவன டிரஸ்ட்,1998,35.00,ஆன்மீகம்,
4581,,4581,கவலையை விடுங்கள் கடவுளை நம்புங்கள்,ராமலிங்கம்,நர்மதா பதிப்பகம்,1993,20.00,ஆன்மீகம்,
4582,,4582,சிந்தனை செழுங்கதிர்,அரவிந்தர்,ஸ்ரீ அரபிந்தோ ஆசிரமம்,1966,1.00,ஆன்மீகம்,
4583,,4583,யோகா விளக்கம் பக்கம் - 1,அரவிந்தர்,ஸ்ரீ அரபிந்தோ ஆசிரமம்,1989,7.00,ஆன்மீகம்,
4584,,4584,யோகா விளக்கம் பக்கம் - 2,அரவிந்தர்,ஸ்ரீ அரபிந்தோ ஆசிரமம்,1989,,ஆன்மீகம்,
4585,,4585,சிள்நாமக்காரர் உலகாள வருகிறார்,அனந்தர்,கிரீடம் பதிப்பகம்,2001,25.00,ஆன்மீகம்,
4586,,4586,தெய்வ தரிசனம்,ஆனந்தி,வானதி பதிப்பகம்,1988,27.00,ஆன்மீகம்,
4587,,4587,சமத்துவம் நாடிய சான்றோர்,ஆ.பத்மநாபன்,நியுசெஞ்சுரி புக் ஹவுஸ்,2001,20.00,ஆன்மீகம்,
,,4588,கடை உபநிஷதம்,ஆசுதோஷானந்த ,,,,ஆன்மீகம்,
4589,,4589,எளிது எளிது,ஆர்.எஸ்.மணி,ஸ்ரீகோமதி அச்சகம்,1986,,ஆன்மீகம்,
4590,,4590,கந்தரநுபூதி,நு.மகாலிங்கம்,நு.மகாலிங்கம்,2012,,ஆன்மீகம்,
4592,,4592,ஆழ்வார்களை ஆராதிப்போம்,இந்தரா சௌந்தர்ராஜன்,திருமகள் நிலையம்,2013,115.00,ஆன்மீகம்,
4593,,4593,திருத்தலங்கள்,இராமானந்தசாமி,வள்ளுவர் பண்ணை,1985,18.50,ஆன்மீகம்,
4594,,4594,சீறாப்புராணம் ,உமறுப் புலவர்,புதுக்கல்லூரி,1976,,ஆன்மீகம்,
4595,,4595,வள்ளலார் மறைந்தது எப்படி ?,ஊரன் அடிகள்,சமரச சன்மார்க்க சத்சங்கம்,1976,8.00,ஆன்மீகம்,
4596,,4596,வரலாற்றில் கடவுள்,எ.பீட்டர் அபீர்,புனித பவுல் விவிலிய நிலையம்,2000,65.00,ஆன்மீகம்,
4597,,4597,பட்டினத்தார் பாடல்கள்,எ.மாணிக்கம்,வர்த்தமானன் பதிப்பகம்,2006,100.00,ஆன்மீகம்,
4599,,4599,பாரதியின் பராசக்தி,என்.ஸ்ரீதரன்,வானதி பதிப்பகம்,1982,10.00,ஆன்மீகம்,
4600,,4600,அறுபத்து மூவர் கதைகள் ,எஸ்.கே.சாமி,பிரேமா பிரசுரம்,2002,90.00,ஆன்மீகம்,
4602,,4602,வாழ்வில் வெற்றிபெற சின்மயானந்தரின் பதில்கள்,எஸ்.லட்சுமிசுப்ரமணியன்,நர்மதா பதிப்பகம்,1995,17.00,ஆன்மீகம்,
4604,,4604,யேசுநாதர் பிள்ளை தமிழ் ,ஏ.குற்றாலம்,கவிமணி இல்லம்,1967,1.50,ஆன்மீகம்,
4605,,4605,அத்தனைக்கும் ஆசைப்படு ,ஓஷோ,விகடன் பிரசுரம்,2005,,ஆன்மீகம்,
4606,,4606,அன்பின் இருப்பிடம்,ஓஷோ,கண்ணதாசன் பதிப்பகம் ,1997,36.00,ஆன்மீகம்,
4607,,4607,ஆனந்த நடனம்,ஓஷோ,கண்ணதாசன் பதிப்பகம் ,1995,42.00,ஆன்மீகம்,
4608,,4608,இப்போதே பரவசம் ஏன் காத்திருக்கிறீகள்,ஓஷோ,கண்ணதாசன் பதிப்பகம் ,1994,33.00,ஆன்மீகம்,
4609,,4609,இரண்டாவது கோப்பை தேநீர்,ஓஷோ,கண்ணதாசன் பதிப்பகம் ,1995,33.00,ஆன்மீகம்,
4610,,4610,இரண்டாவது கோப்பை தேநீர் ,ஓஷோ,கண்ணதாசன் பதிப்பகம் ,1995,33.00,ஆன்மீகம்,
4611,,4611,உண்மையைத் தேட வேண்டியதில்லை ,ஓஷோ,கண்ணதாசன் பதிப்பகம் ,2001,42.00,ஆன்மீகம்,
4612,,4612,உபநிஷத உரை,ஓஷோ,நர்மதா பதிப்பகம்,2002,45.00,ஆன்மீகம்,
4613,,4613,ஒரு கோப்பை தேநீர்,ஓஷோ,கண்ணதாசன் பதிப்பகம் ,1997,14.00,ஆன்மீகம்,
4616,,4616,காமத்திலிருந்து கடவுளுக்கு,ஓஷோ,ஓஷோ தர்ம தீர்த்த பப்ளிகேசன்ஸ்,2009,120.00,ஆன்மீகம்,
4617,,4617,காமத்திலிருந்து கடவுளுக்கு,ஓஷோ,ஓஷோ தர்ம தீர்த்த பப்ளிகேசன்ஸ்,1989,30.00,ஆன்மீகம்,
4618,,4618,குட்டி கதைகள்,ஓஷோ,கண்ணதாசன் பதிப்பகம் ,1997,30.00,ஆன்மீகம்,
4619,,4619,குரு - ஒரு - கண்ணாடி,ஓஷோ,கண்ணதாசன் பதிப்பகம் ,1997,42.00,ஆன்மீகம்,
4620,,4620,ஞானத்திற்கு அப்பால்,ஓஷோ,கண்ணதாசன் பதிப்பகம் ,1995,42.00,ஆன்மீகம்,
4621,,4621,ஞானத்திற்கு அப்பால்,ஓஷோ,கண்ணதாசன் பதிப்பகம் ,1997,42.00,ஆன்மீகம்,
4622,,4622,ஞானத்திற்கு ஏழு படிகள்,ஓஷோ,கண்ணதாசன் பதிப்பகம் ,1998,81.00,ஆன்மீகம்,
4623,,4623,ஞானத்திற்கு ஏழு படிகள்,ஓஷோ,கண்ணதாசன் பதிப்பகம் ,,,ஆன்மீகம்,
4624,,4624,தம்மபதம் - 1,ஓஷோ,கண்ணதாசன் பதிப்பகம் ,2004,125.00,ஆன்மீகம்,
4625,,4625,தம்மபதம் - 2,ஓஷோ,கண்ணதாசன் பதிப்பகம் ,2004,125.00,ஆன்மீகம்,
4626,,4626,தம்மபதம் - 3,ஓஷோ,கண்ணதாசன் பதிப்பகம்,2003,150.00,ஆன்மீகம்,
4627,,4627,தியானமும் அன்பும்,ஓஷோ,ஓஷோ தர்ம தீர்த்த பப்ளிகேசன்ஸ்,1992,30.00,ஆன்மீகம்,
4628,,4628,"தேடுதலை நிறுத்துங்கள், தேடுதல் ",ஓஷோ,கவிதா பப்ளிகேசன்ஸ்,2003,70.00,ஆன்மீகம்,
4629,,4629,நான் ஒரு வெண்மேகம்,ஓஷோ,கவிதா பப்ளிகேசன்ஸ்,2004,60.00,ஆன்மீகம்,
4630,,4630,நான் நேசிக்கும் இந்தியா,ஓஷோ,கண்ணதாசன் பதிப்பகம் ,1998,60.00,ஆன்மீகம்,
4632,,4632,பகவத் கீதை ஓர் தரிசனம்- 1,ஓஷோ,கண்ணதாசன் பதிப்பகம் ,1997,42.00,ஆன்மீகம்,
4633,,4633,பகவத் கீதை ஓர் தரிசனம்- 2,ஓஷோ,கண்ணதாசன் பதிப்பகம் ,1997,123.00,ஆன்மீகம்,
4636,,4636,புல் தானாகவே வளருது,ஓஷோ,கண்ணதாசன் பதிப்பகம் ,1994,23.00,ஆன்மீகம்,
4637,,4637,வெறும் கோப்பை ,ஓஷோ,,,,ஆன்மீகம்,
4638,,4638,வெறும் கோப்பை ,ஓஷோ,கண்ணதாசன் பதிப்பகம் ,2001,,ஆன்மீகம்,
4640,,4640,அர்த்தமுள்ள இந்துமதம் - 1,கண்ணதாசன்,வானதி பதிப்பகம்,2001,15.00,ஆன்மீகம்,
4641,,4641,அர்த்தமுள்ள இந்துமதம் - 2,கண்ணதாசன்,வானதி பதிப்பகம்,1997,12.00,ஆன்மீகம்,
4642,,4642,அர்த்தமுள்ள இந்துமதம் - 2,கண்ணதாசன்,வானதி பதிப்பகம்,2001,12.00,ஆன்மீகம்,
4643,,4643,அர்த்தமுள்ள இந்துமதம் - 3,கண்ணதாசன்,வானதி பதிப்பகம்,1997,11.00,ஆன்மீகம்,
4644,,4644,அர்த்தமுள்ள இந்துமதம் - 3,கண்ணதாசன்,வானதி பதிப்பகம்,2002,11.00,ஆன்மீகம்,
4646,,4646,அர்த்தமுள்ள இந்துமதம் - 4,கண்ணதாசன்,கண்ணதாசன் பதிப்பகம் ,2001,10.00,ஆன்மீகம்,
4647,,4647,அர்த்தமுள்ள இந்துமதம் - 4,கண்ணதாசன்,கண்ணதாசன் பதிப்பகம் ,2008,12.00,ஆன்மீகம்,
4648,,4648,அர்த்தமுள்ள இந்துமதம் - 5,கண்ணதாசன்,கண்ணதாசன் பதிப்பகம் ,2001,10.00,ஆன்மீகம்,
4649,,4649,அர்த்தமுள்ள இந்துமதம் - 6,கண்ணதாசன்,கண்ணதாசன் பதிப்பகம் ,2002,10.00,ஆன்மீகம்,
4650,,4650,அர்த்தமுள்ள இந்துமதம் - 7,கண்ணதாசன்,கண்ணதாசன் பதிப்பகம் ,2001,10.00,ஆன்மீகம்,
4651,,4651,அர்த்தமுள்ள இந்துமதம் - 8,கண்ணதாசன்,கண்ணதாசன் பதிப்பகம் ,2001,10.00,ஆன்மீகம்,
4652,,4652,அர்த்தமுள்ள இந்துமதம் - 8,கண்ணதாசன்,கண்ணதாசன் பதிப்பகம் ,1993,6.00,ஆன்மீகம்,
4653,,4653,அர்த்தமுள்ள இந்துமதம் - 9,கண்ணதாசன்,கண்ணதாசன் பதிப்பகம் ,2001,10.00,ஆன்மீகம்,
4654,,4654,அர்த்தமுள்ள இந்துமதம் - 10,கண்ணதாசன்,#,,,ஆன்மீகம்,
4655,,4655,அர்த்தமுள்ள இந்துமதம் - 10,கண்ணதாசன்,கண்ணதாசன் பதிப்பகம் ,2001,10.00,ஆன்மீகம்,
4656,,4656,ஆனந்த ரகசியம்,சுந்தரம்,The Yoga Publishing,1994,60.00,ஆன்மீகம்,
4657,,4657,இயேசு காவியம்,கண்ணதாசன்,கலைக்காவிரி பதிப்பகம்,1982,,ஆன்மீகம்,
4658,,4658,இயேசு காவியம் ,கண்ணதாசன்,கலைக்காவிரி பதிப்பகம்,1997,38.00,ஆன்மீகம்,
4659,,4659,செப்பு மொழிகள் ,கண்ணதாசன்,வானதி பதிப்பகம்,1986,4.50,ஆன்மீகம்,
4660,,4660,மெய் உணர்வின் ஒளி,கண்ணியப்பசாமி,மெய்க்கண்ட ஞானசபை,1975,,ஆன்மீகம்,
4661,,4661,ஊன் உடம்பு ஆலயம்,கணபதி ஸ்வாமிகள்,சித்த வித்தியாலயம்,1988,7.50,ஆன்மீகம்,
4662,,4662,ஊன் உடம்பு ஆலயம்,கணபதி ஸ்வாமிகள்,சித்த வித்தியாலயம்,1988,7.50,ஆன்மீகம்,
4663,,4663,அற்புத ஆலயங்கள்,கமலநாதன்,திருவரசு புத்தக நிலையம்,2011,120.00,ஆன்மீகம்,
4664,,4664,திருவகுப்பு கந்தரந்தாதி,கிருபானந்த வாரியார்,திருப்புகழமிர்தம் காரியாலயம்,1970,1.50,ஆன்மீகம்,
4665,,4665,கம்பன் காவியம்,கிருபானந்த வாரியார்,திருப்புகழமிர்தம் காரியாலயம்,1984,30.00,ஆன்மீகம்,
4666,,4666,ராமேஸ்வர தலவரலாறு,கல்யாணம்,ராமேஸ்வர தேவஸ்தானம்,1969,0.50,ஆன்மீகம்,
4667,,4667,என்ன இல்லை இந்து மதத்தில்,கவிஞர் தெய்வசிலை,சாருபிரபா பப்ளிகேசன்ஸ்,2007,100.00,ஆன்மீகம்,
4668,,4668,சர்ச்சைக்குரிய கடவுள் ,கவிஞர்.பைத்தியம் ,நர்மதா பதிப்பகம்,1980,5.00,ஆன்மீகம்,
4669,,4669,சைவ சித்தாந்த வரலாறு,கா.சுப்பிரமணியன்,சாரதா பதிப்பகம்,2011,25.00,ஆன்மீகம்,
4670, ,4670,காமாட்சி திருப்புகழ் ,காமாட்சி தாசன்,காமாட்சி தாஸர் பதிப்பகம்,1953,,ஆன்மீகம்,
4671,,4671,அர்த்தமுள்ள இந்துமதம் - 2,கண்ணதாசன்,வானதி பதிப்பகம்,2009,14.00,ஆன்மீகம்,
4672,,4672,நவகிரகம் ,கி.வா.ஜ,கலைமகள் காரியாலயம்,1957,3.08,ஆன்மீகம்,
4673,,4673,கந்தர் அலங்காரம்,கிருபானந்த வாரியார்,வானதி பதிப்பகம்,1995,70.00,ஆன்மீகம்,
4675,,4675,சதுரகிரி யாத்திரை,கிருஷ்ணன் ,சூரியன் பதிப்பகம்,2013,125.00,ஆன்மீகம்,
4676,,4676,திருஞானப்பா,ஈஸ்வரபட்டர்,சத்தியத்தின் முக்தி நிலை,1983,13.50,ஆன்மீகம்,
4677,,4677,புண்ணிய பாரதத்தின் புராணக் கதைகள் ,கிருஷ்ணன்,மயிலவன் பதிப்பகம்,1983,5.00,ஆன்மீகம்,
4678,,4678,ஸ்ரீ விஷ்ணு புராண கதைகள்,கிருஷ்ணன்,மகேஸ்வரி பிரசுரம்,1982,12.00,ஆன்மீகம்,
4680,,4680,பசலிக்காவின் வரலாறு,குழந்தை சாமி,தொன்போஸ்கோ அச்சகம்,1968,,ஆன்மீகம்,
4681,,4681,எல்லைச் சாமிகள்,குள.சண்முகசுந்தரம் ,விகடன் பிரசுரம்,2006,90.00,ஆன்மீகம்,
4684,,4684,சிக்கல்கள் தீர்க்க சித்தர்கள் வழிகாட்டும் ஆலயங்கள்,கே.சுப்பிரமணியன்,சூரியன் பதிப்பகம்,2013,150.00,ஆன்மீகம்,
4685,,4685,சித்தர்கள் வழிகாட்டும் ஆலயங்கள்,கே.சுப்பிரமணியன் ,சூரியன் பதிப்பகம்,2014,125.00,ஆன்மீகம்,
4688,,4688,தாயுமானவர் பாடல்கள்,ச.மெய்யப்பன்,மணிவாசகர் பதிப்பகம்,2004,30.00,ஆன்மீகம்,
4690,,4690,சீமந்தனி,சங்கரதாஸ் ஸ்வாமிகள்,சங்கரதாஸ் சுவாமிகள் நினைவு மன்றம்,1969,1.25,ஆன்மீகம்,
4691,,4691,பஜகோவிந்தம்,ரா.கி.ரங்கராஜன்,சென்ட்ரல் சின்மயா மிஷன்,1982,,ஆன்மீகம்,
4692,,4692,விவேகானந்தர் கதைகள்,சங்கரன்,பாரதி பதிப்பகம்,1995,7.50,ஆன்மீகம்,
4693,,4693,வேதாந்தம்,சங்கராச்சாரி,இந்து சமய மன்றம்,,2.75,ஆன்மீகம்,
4694,,4694,ஸ்ரீ சங்கர விஜயம்,சங்கராச்சாரியார்,ஸ்ரீகாமகோடி கோசஸ்தலம்,1963,2.00,ஆன்மீகம்,
4695,,4695,மகான் ஸ்ரீ சேஷாத்திரி சுவாமிகளின் அருளாட்சி,சந்திரசேகரன்,ஸ்ரீசேஷாத்திரி சுவாமிகள் ஆசிரமம்,1994,10.00,ஆன்மீகம்,
4696,,4696,கீதையின் சாரம்,சம்பந்தம்,வானதி பதிப்பகம்,1976,2.50,ஆன்மீகம்,
4697,,4697,விநாயகர் புராணம்,சரஸ்வதி,பிரேமா பிரசுரம்,1990,2.00,ஆன்மீகம்,
4698,,4698,சத்திய சாய்பாபாவின் அற்புதமும் ஆன்மீகமும்,சரோஜினி,பாரதி பதிப்பகம்,1989,22.00,ஆன்மீகம்,
4700,,4700,கிறிஸ்துவம் தேவையா,சாது செல்லப்பா,The Evangelical,1985,,ஆன்மீகம்,
4701,,4701,மணிவாசக மூலர் மணி மொழிகள்,சாமி சிதமபரானார்,தமிழ்ப் புத்தகாலயம்,1965,2.50,ஆன்மீகம்,
4702,,4702,இயேசு கிறிஸ்து,சாமுவேல் பவுல் ஐயர்,சுவிஷேஷ ஊழிய நூல்நிலையம்,1958,,ஆன்மீகம்,
4703,,4703,திருக்கோவையார் 8 ஆம் திருமறை 2 ஆம்  பாகம்,சி.ஆ.பக்தவச்சலம்,சி.ஆ.பக்தவச்சலம்,2007,15.00,ஆன்மீகம்,
4704,,4704,திருத்தொண்டர் புராணம் ,சி.ஆ.பக்தவச்சலம்,சி.ஆ.பக்தவச்சலம்,2007,60.00,ஆன்மீகம்,
4705,,4705,திருவாசகம் 8  ஆன் திருமறை 1 ஆம் பக்கம் ,சி.ஆ.பக்தவச்சலம்,சி.ஆ.பக்தவச்சலம்,2007,35.00,ஆன்மீகம்,
4706,,4706,"தேவாரம் 1, 2, 3  ஆம் திருமறை ",சி.ஆ.பக்தவச்சலம்,சி.ஆ.பக்தவச்சலம்,2007,60.00,ஆன்மீகம்,
4707,,4707,"தேவாரம் 4, 5, 6  ஆம் திருமறை ",சி.ஆ.பக்தவச்சலம்,சி.ஆ.பக்தவச்சலம்,2007,60.00,ஆன்மீகம்,
4708,,4708,தேவாரம் 9   ஆம் திருமறை ,சி.ஆ.பக்தவச்சலம்,சி.ஆ.பக்தவச்சலம்,2007,20.00,ஆன்மீகம்,
4709,,4709,தேவாரம் 11 ஆம் திருமறை ,சி.ஆ.பக்தவச்சலம்,சி.ஆ.பக்தவச்சலம்,2007,50.00,ஆன்மீகம்,
4710,,4710,தேவாரம் 11 ஆம் திருமறை ,சி.ஆ.பக்தவச்சலம்,சி.ஆ.பக்தவச்சலம்,2007,60.00,ஆன்மீகம்,
4711,,4711,தேவாரம் எலாம் திருமறை,சி.ஆ.பக்தவச்சலம்,சி.ஆ.பக்தவச்சலம்,2007,40.00,ஆன்மீகம்,
4712,,4712,இன்னோர் பாதையில் இன்னோரு நான்,சி.எஸ்.தேவநாதன்,விஜயா பதிப்பகம்,2010,65.00,ஆன்மீகம்,
4713,,4713,யோகமும் போகமும்,சி.கே.எஸ்,மாருதி பதிப்பகம்,1985,16.00,ஆன்மீகம்,
4716,,4716,சித்தர் தரிசனம்,சித்தி.சந்திரசேகரன்,விஜயா பதிப்பகம்,2006,125.00,ஆன்மீகம்,
4717,,4717,எங்கும் நிறைகின்ற பொருள்,சித்பவானந்தர்,ஸ்ரீராமகிருஷ்ண தபோவனம்,1978,2.50,ஆன்மீகம்,
4720,,4720,கம்பன் என் காதலன் ,சிவகுமார்,அல்லயன்ஸ்,2009,100.00,ஆன்மீகம்,
4721,,4721,வளமுடம் 108 மந்திரங்கள்,சிவமதி,யமுனா பிரசுரம்,1992,11.00,ஆன்மீகம்,
4723,,4723,ஆனமீக பெரியார்கள்,சிவா.கன்னியப்பன்,பூம்புகார் பதிப்பகம்,1998,60.00,ஆன்மீகம்,
4724,,4724,யோகம் விசிஷ்டம்,சிவானந்த,தெய்வீக வாழ்க்கைச் சங்கம்,1996,20.00,ஆன்மீகம்,
4725,,4725,ஞான சூரியன்,சிவானந்த சரஸ்வதி ,திராவிடர் கழக வெளியீடு,,18.00,ஆன்மீகம்,
4727,,4727,இந்து தத்துவத்தின் இருள் வெளிகள்,சு.மார்க்ஸ்,கருப்பு பிரதிகள்,2004,55.00,ஆன்மீகம்,
4730,,4730,"ஒருதலம்,  ஒருபாடல்,  ஒருநயம் ",சுகி சிவம்,வானதி பதிப்பகம்,2002,40.00,ஆன்மீகம்,
4731,,4731,கம்பன் - நேற்று இன்று நாளை,சுகி சிவம்,வானதி பதிப்பகம்,2001,35.00,இலக்கியம்,
4736,,4736,நல்ல வண்ணன் வாழலாம்,சுகி சிவம்,கற்பகம் புத்தகாலயம்,2007,35.00,ஆன்மீகம்,
4739,,4739,யோகா சித்தி ,சுத்தானந்தபாரதி,சுத்தானந்த நூலகம்,,,ஆன்மீகம்,
4740,,4740,மகா கயிலாய யாத்திரை ,சுப்பிரமணி,தருமையாதீனம்,1959,1.50,ஆன்மீகம்,
4742,,4742,இந்துமத சாரம் ,சுவாமி பரமாத்மானந்த ,ஸ்ரீராமகிருஷ்ண மடம்,1977,,ஆன்மீகம்,
4743,,4743,இந்திய பிரசங்கங்கள் ,சுவாமி விவேகானந்தர்,ஸ்ரீராமகிருஷ்ண மடம்,1980,10.00,ஆன்மீகம்,
4744,,4744,கர்ம யோகம்,சுவாமி விவேகானந்தர்,ஸ்ரீராமகிருஷ்ண மடம்,1981,6.00,ஆன்மீகம்,
4746,,4746,என்றாவது ஒரு நாள்,சுஜாதா,விசா பப்ளிகேசன்,2014,60.00,ஆன்மீகம்,
4747,,4747,மனிதனும் தெய்வமாகலாம்,செல்வராசன்,குளமங்கலம்,1993,12.00,ஆன்மீகம்,
4748,,4748,வெற்றிவேலன் பாமாலை,சேவுகன்செட்டி,பாங்க் ஆப் மதுரை,1990,,ஆன்மீகம்,
4749,,4749,சிவத் தலங்களின் அருட்கதைகள்,சிங்காரவேலன்,குமரன் பதிப்பகம்,1988,15.00,ஆன்மீகம்,
4750,,4750,இதுதான் இஸ்லாம்,சையத் அபுல்,மௌலானா ,1969,,ஆன்மீகம்,
4751,,4751,ஜென்னும் ஜென் தியானமும் ,டாக்டர் எஸ்.ஏ.பி,கண்ணதாசன் பதிப்பகம் ,2003,60.00,ஆன்மீகம்,
4752,,4752,"மர்மஎண்களும்,  பஞ்சாட்சர ரகசியம்",தம்மண்ண செட்டியார்,நர்மதா பதிப்பகம்,1999,27.00,ஆன்மீகம்,
4754,,4754,புள்ளிருக்கு வேலூர் தலவரலாறு,தம்பிரான் பிள்ளை,தருமையாதீனம்,1960,,ஆன்மீகம்,
4755,,4755,"பகவத் கீதை, திருக்குறள், பைபிள் என்ன சொல்கின்றன? ",தமிழ்வாணன் ,மணிமேகலை பிரசுரம்,1994,20.00,ஆன்மீகம்,
4756,,4756,சிகரங்கள் மேல் விரியும் சிறகுகள்,தமிழன்பன் ,பூம்புகார் பதிப்பகம்,2004,31.50,ஆன்மீகம்,
4757,,4757,வேதாந்த சொற்பொழிவுகள் ,தர்ம கீர்த்தி ,ஸ்ரீராமகிருஷ்ண மடம்,1986,10.00,ஆன்மீகம்,
4758,,4758,இந்துமதக் கொடுங்கோன்மையின் வரலாறு,தர்மதீர்த்த அடிகளார்,சாளரம் பதிப்பகம்,2003,120.00,ஆன்மீகம்,
4759,,4759,பசுபதி நாத்,தர்மபுரி ஆதீனம்,தருமபுர ஆதீனம்,1958,,ஆன்மீகம்,
4760,,4760,குரான் ,தர்ஜமா ,திரியெம் பிரிண்டர்ஸ்,1998,160.00,ஆன்மீகம்,
4763,,4763,திருக்குர் ஆன்,தி.கு.அறக்கட்டளை ,தி.கு.அறக்கட்டளை,2004,,ஆன்மீகம்,
4764,,4764,நாயன்மார்கள் வரலாறு,திரு.வி.க,பூம்புகார் பதிப்பகம்,1994,42.00,ஆன்மீகம்,
4765,,4765,நாயன்மார்கள் வரலாறு,திரு.வி.க,வர்த்தமானன் பதிப்பகம்,2001,40.00,ஆன்மீகம்,
4766,,4766,முருகன் அல்லது அழகு,திரு.வி.க,#,1950,,ஆன்மீகம்,
4767,,4767,வள்ளலார் வரலாறு,துறவி கந்தசாமி,சுத்த சன்மார்க்க சங்கம்,,4.00,ஆன்மீகம்,
4768,,4768,வள்ளலார் வாய்மொழி,துறவி கந்தசாமி,#,1976,,ஆன்மீகம்,
4769,,4769,ராமலிங்கர் உண்மை வரலாறு ,துறவிகந்தசாமி,திருவருட்பா பதிப்பகம்,1987,5.00,ஆன்மீகம்,
4770,,4770,மேல்மருவத்தூர் அன்னையின் அற்புதங்கள்,தொண்டன்,ஆதிபராசக்தி அறநிலையம்,1992,,ஆன்மீகம்,
4771,,4771,திருவருள் பனுவல் திரட்டு,நடேசபிள்ளை,அருள்நெறிக் கழக வெளியீடு,1972,,ஆன்மீகம்,
4772,,4772,புனித எண் சீர்ப் பாதை ,நந்தீஸ்வர நாயக தேரோ,மகாபோதி சொசைட்டி,1988,3.00,ஆன்மீகம்,
4774,,4774,இராமேஷ்வர தனுஷ்கோடி தலவரலாறு,நரசிம்மன் ,ஸ்ரீ ராமநாத சுவாமி திருக்கோயில்,1974,,ஆன்மீகம்,
4775,,4775,திருமூலர் வாழ்வும் வாக்கும்,துரை.ராஜாராம்,நர்மதா பதிப்பகம்,2002,45.00,ஆன்மீகம்,
4776, ,4776,மனிதம் எனது மதம்,நவகவி,#,2001,55.00,கவிதைகள்,
4777,,4777,கடவுள் வழிபாடு ,நா.சின்னையா செட்டியார் ,சின்னையா செட்டியார்,1979,1.50,ஆன்மீகம்,
4778,,4778,ஆனந்த ரகசியம்,நா.வேங்கடசாமி,ஸ்ரீஞானபிரகாசன் பதிப்பகம்,1991,12.00,ஆன்மீகம்,
4779,,4779,தமிழக அற்புத வரலாறு,நாராயண் சுவாமி,நர்மதா பதிப்பகம்,1983,20.00,ஆன்மீகம்,
4780,,4780,ஸ்ரீமத் பாகவத புராணம்,நாராயண வேலு பிள்ளை,குமரன் பதிப்பகம்,1982,11.50,ஆன்மீகம்,
4781,,4781,அமைதியின் முழக்கம்,நித்தியானந்தம்,விஜயா பதிப்பகம்,2005,13.00,ஆன்மீகம்,
4783,,4783,தியானம் ஒரு மருந்தாக,நித்தியானந்தம்,விஜயா பதிப்பகம்,2005,20.00,ஆன்மீகம்,
4785,,4785,சித்தவேதத்தின் உவமை திரட்டு,பசும்பொற்கிழார்,பசும்பொன் பதிப்பகம்,1984,4.50,ஆன்மீகம்,
4786,,4786,மதுரை மீனாட்சி சுந்தரேஸ்வரர் வரலாறு,பஞ்ச நாத பிள்ளை,ஆலய வெளியீடு,1959,2.00,ஆன்மீகம்,
4787,,4787,திரு கடம்பன் துரைகோவில் வரலாறு,பஞ்ச நாத பிள்ளை,ஆலய வெளியீடு,1959,0.25,ஆன்மீகம்,
4788,,4788,நான் - கடவுள்,பரஞ்சோதி மகான்,உலக சமாதான ஆலயம்,1985,,ஆன்மீகம்,
4789,,4789,குண்டலினி சக்தி,ப்ரதீபனந்தா,பிஷீபா பதிப்பகம்,1986,18.00,ஆன்மீகம்,
4790,,4790,பரமாச்சாரியார்,பரந்தாமன்,நர்மதா பதிப்பகம்,1992,30.00,ஆன்மீகம்,
4791,,4791,மேல்மருவத்தூர் அன்னையின் அருள்வாக்கு,பாண்டி,ஆதிபராசக்தி அறநிலையம்,1993,,ஆன்மீகம்,
4792,,4792,அழகர் கோயில் வரலாறு,பாண்டி ,#,,,ஆன்மீகம்,
4793,,4793,கோயில் இருகோணங்கள்,பாரதிதாசன்,பூம்புகார் பதிப்பகம்,2002,10.00,ஆன்மீகம்,
4794,,4794,தேவி தரிசனம்,பாஸ்கரதாசன்,அம்பாள் பதிப்பகம்,1981,3.00,ஆன்மீகம்,
4795,,4795,சமாதான தூதர்கள்,பாஸ்கரன்,குயிலன் பதிப்பகம்,1964,3.00,ஆன்மீகம்,
4796,,4796,ஞானசர நூல்,பி.ஆர்.கிருஷ்ணன்,ஜகதாம்பா சேரிட்டபுள்,1993,25.00,ஆன்மீகம்,
4797,,4797,"இந்தியாவும்,  இந்து மதமும் ",பி.ஆர்.பரமேஸ்வரன்,தமிழ்ப் புத்தகாலயம்,1998,35.00,ஆன்மீகம்,
4799,,4799,யோகா சாதனை,பி.கோதண்டராமன்,ஸ்ரீ அரவிந்தர் ஆசிரமம்,1982,,ஆன்மீகம்,
4800,,4800,வேலும் வில்லும்,பி.சேதுப்பிள்ளை,பழனியப்பா பிரதர்ஸ்,1976,2.00,ஆன்மீகம்,
4801,,4801,இனி துன்பம் என்பது இல்லை,பிசி கணேசன்,கண்ணதாசன் பதிப்பகம் ,1994,,ஆன்மீகம்,
4802,,4802,கோவில் சொல்லும் கதைகள்,பிரியா கல்யாணராமன்,குமுதம் பிரசுரம்,2004,100.00,ஆன்மீகம்,
4804,,4804,பழநிமலைக் காவடி,புலவர் நாகசண்முகம்,வானதி பதிப்பகம்,1980,17.00,ஆன்மீகம்,
4805,,4805,திருவாசகம்,புலியூர் கேசிகன்,கௌரா ஏஜென்சி,2012,150.00,ஆன்மீகம்,
4806,,4806,வாழ்க்கையே ஒரு திருவிழா,புவியரசு (ஓஷோ),கண்ணதாசன் பதிப்பகம் ,1994,34.00,ஆன்மீகம்,
4807,,4807,இரண்டாவது கோப்பை தேநீர்,புவியரசு (ஓஷோ),கண்ணதாசன் பதிப்பகம் ,1995,33.00,ஆன்மீகம்,
4808,,4808,கந்தபுராணம் - 1,பூவண்ணன்,வர்த்தமானன் பதிப்பகம்,2000,100.00,ஆன்மீகம்,
4809,,4809,கந்தபுராணம் - 2,பூவண்ணன்,வர்த்தமானன் பதிப்பகம்,2000,100.00,ஆன்மீகம்,
4810,,4810,கந்தபுராணம் - 3,பூவண்ணன்,வர்த்தமானன் பதிப்பகம்,2000,100.00,ஆன்மீகம்,
4811,,4811,கந்தபுராணம் - 4,பூவண்ணன்,வர்த்தமானன் பதிப்பகம்,2000,100.00,ஆன்மீகம்,
4812,,4812,கந்தபுராணம் - 5,பூவண்ணன்,வர்த்தமானன் பதிப்பகம்,2000,100.00,ஆன்மீகம்,
4813,,4813,கந்தபுராணம் - 6,பூவண்ணன்,வர்த்தமானன் பதிப்பகம்,2000,100.00,ஆன்மீகம்,
4814,,4814,கந்தபுராணம் - 7,பூவண்ணன்,வர்த்தமானன் பதிப்பகம்,2000,100.00,ஆன்மீகம்,
4815,,4815,கந்தபுராணம் - 8,பூவண்ணன்,வர்த்தமானன் பதிப்பகம்,2000,100.00,ஆன்மீகம்,
4816,,4816,கந்தபுராணம் - 9,பூவண்ணன்,வர்த்தமானன் பதிப்பகம்,2000,100.00,ஆன்மீகம்,
4817,,4817,கந்தபுராணம் - 10,பூவண்ணன்,வர்த்தமானன் பதிப்பகம்,2000,100.00,ஆன்மீகம்,
4818,,4818,தமிழன் தமிழ்நாடு தமிழர் பண்பாடு,பெரியார்,திராவிடர் கழக வெளியீடு,1996,10.00,ஆன்மீகம்,
4819,,4819,தமிழ் மண்ணின் சாமிகள் ,மணா,நவ இந்தியா,2003,30.00,ஆன்மீகம்,
4820,,4820,சோமசுந்தர காஞ்சிப்பாக்கம்,மறைமலையடிகள் ,தேவக்கோட்டை பதிப்பகம்,1914,,ஆன்மீகம்,
4821,,4821,கடவுளும் பிரபஞ்சமும்,மா.சிங்காரவேலன்,வ உ சி நூலகம்,2004,25.00,ஆன்மீகம்,
4822,,4822,திருவாசகம் ,மாணிக்கவாசகர்,ஸ்ரீ குமரகுருபரர் பதிப்பகம்,2006,25.00,ஆன்மீகம்,
4824,,4824,அருட்செல்வர்,மு.இராதாகிருஷ்ணன்,யுனெட்டெட் பப்ளிகேசன்ஸ்,1962,,ஆன்மீகம்,
4826,,4826,பேரருள் வழங்கும் சீரடிசாய்பாபா,முருகானந்தன்,கார்த்திகா பப்ளிகேசன்ஸ்,1992,16.00,ஆன்மீகம்,
4827,,4827,சூஷத்தில் மோஷரகசியம் ,முனிவேல்சாமி,சிவானந்தா நிலையம்,1974,,ஆன்மீகம்,
4828,,4828,சாய் பாபா,மர்ச் பெட்,மேக்மில்லன்,1978,,ஆன்மீகம்,
4829,,4829,சிகரத்தை தொடுவோம்,மௌலி,வர்த்தமானன் பதிப்பகம்,2003,55.00,ஆன்மீகம்,
4830,,4830,அசலம்,யோகி.கிருஷ்ணன்,பூவழகி பதிப்பகம்,,15.00,ஆன்மீகம்,
4831,,4831,ஸ்ரீ ராமகிருஷ்ணரின் உபதேசம்,ரகுநாதன்,ஸ்ரீராமகிருஷ்ண மடம்,2008,60.00,ஆன்மீகம்,
4832,,4832,ஸ்ரீ ரமண விஜயம்,சுவாமி சுத்தானந்த பாரதி,ரமணாஸ்ரமம்,1986,12.00,ஆன்மீகம்,
4833,,4833,அறுபது மூவர் கதைகள் ,அரு.ராமநாதன்,பிரேமா பிரசுரம்,1999,,ஆன்மீகம்,
4834,,4834,கான்ஷியம் சரித்திரம் ,ரமேஷ் ,ஸ்வாமி நாராயண் பதிப்பகம்,2008,,ஆன்மீகம்,
4836,,4836,ஊர்ச்சுற்றி புராணம் ,ராகுல் சாங்கிருத்யாயன்,நியுசெஞ்சுரி புக் ஹவுஸ்,2003,70.00,ஆன்மீகம்,
4837,,4837,தமிழகத்தில் சமணம்,ராதாகிருஷ்ணன்,குரு பப்ளிகேசன்ஸ்,1964,2.50,ஆன்மீகம்,
4838,,4838,ஆயிரம் தீவில் சுவாமி விவேகானந்தர்,ஸ்ரீராமகிருஷ்ண மடம்,ஸ்ரீராமகிருஷ்ண மடம்,1981,,ஆன்மீகம்,
4839,,4839,கடலில் உதித்த கருணை மலர்,ராமதாஸ்,எழில் மலர் பதிப்பகம்,1991,20.00,ஆன்மீகம்,
4840,,4840,உப்புளியப்பன் திருக்கோயில் தல புராணம்,ராமதேசிகர்,ஆலய வெளியீடு,1992,,ஆன்மீகம்,
4841,,4841,குடும்ப ஜோதிடம்,ராமய்யர்,தி லிட்டில் பிளவர்,1997,,ஆன்மீகம்,
4842,,4842,ஸ்ரீ மகாபத்த விஜயம்,ராமலிங்கம்,தி லிட்டில் பிளவர்,1958,,ஆன்மீகம்,
4843,,4843,சடங்குகளின் கதை!,ராமானுஜ தாத்தாச்சாரியார்,நக்கீரன் பதிப்பகம்,2007,100.00,ஆன்மீகம்,
4845,,4845,பக்தி நெறி,ராஜாஜி,வானதி பதிப்பகம்,1976,4.00,ஆன்மீகம்,
4846,,4846,சீல(ர்) புராணம் ,லட்சுமி ராஜரத்தினம்,பூம்புகார் பதிப்பகம்,2002,75.00,ஆன்மீகம்,
4850,,4850,கண்ணன் ,வள்ளியம்மாள்,வர்த்தமானன் பதிப்பகம்,2002,86.00,ஆன்மீகம்,
4851,,4851,தெய்வீக கதைகள் ,வால்மீகி ,அநுராகம் பதிப்பகம்,1982,8.00,ஆன்மீகம்,
4853,,4853,புத்த தம்மம் ,வி.சித்தப்பா(பெரியார்தாசன்),பிக்கு.யு.ரத்னபாலா,,,ஆன்மீகம்,
4854,,4854,முத்துச் சிப்பி,வில்லிஸ்,புனித அன்னாள் பதிப்பகம்,1990,,ஆன்மீகம்,
4856,,4856,பக்தி யோகம்,விவேகானந்தர்,ஸ்ரீராமகிருஷ்ண மடம்,1987,,ஆன்மீகம்,
4857,,4857,வியாசர் விருந்து (மகாபாரதம்),வெங்கட்ராமன்,பாரதி பதிப்பகம்,1988,,ஆன்மீகம்,
4858,,4858,அருணை நகரின் கருணை யோகி,அனு.வெண்ணிலா,திவ்யா பதிப்பகம்,2003,70.00,ஆன்மீகம்,
4859,,4859,தமிழக அற்புத ஆலயங்கள் ,வே.நாராயணசாமி,நர்மதா பதிப்பகம்,,,ஆன்மீகம்,
4860,,4860,ஜீவ காந்தத் தத்துவம்,வேதாத்திரி மகரிஷி,வேதாத்திரி பதிப்பகம்,2002,15.00,ஆன்மீகம்,
4861,,4861,இறையுணர்வும் அறநெறியும்,வேதாத்திரி மகரிஷி,வேதாத்திரி பதிப்பகம்,2006,20.00,ஆன்மீகம்,
4862,,4862,காந்த தத்துவம் ,வேதாத்திரி மகரிஷி,வேதாத்திரி பதிப்பகம்,1994,,ஆன்மீகம்,
4863,,4863,சமூகச் சிக்கல்களுக்கான ஆய்வுத் தீர்வுகள்,வேதாத்திரி மகரிஷி,வேதாத்திரி பதிப்பகம்,2006,40.00,ஆன்மீகம்,
4864,,4864,சமூகசிக்கல்களுக்கான ஆய்வு தீர்வுகள்,வேதாத்திரி மகரிஷி,வேதாத்திரி பதிப்பகம்,2006,30.00,ஆன்மீகம்,
4865,,4865,பிரம்ம ஞானம்,வேதாத்திரி மகரிஷி,வேதாத்திரி பதிப்பகம்,1996,,ஆன்மீகம்,
4866,,4866,மதமும் மனிதனும்,வேதாத்திரி மகரிஷி,வேதாத்திரி பதிப்பகம்,2008,30.00,ஆன்மீகம்,
4867,,4867,மறைபொருள் விளக்கம்,வேதாத்திரி மகரிஷி,வேதாத்திரி பதிப்பகம்,2005,15.00,ஆன்மீகம்,
4868,,4868,மனம்,வேதாத்திரி மகரிஷி,வேதாத்திரி பதிப்பகம்,1999,20.00,ஆன்மீகம்,
4870,,4870,மனவளக்கலை - 1,வேதாத்திரி மகரிஷி,வேதாத்திரி பதிப்பகம்,1988,,ஆன்மீகம்,
4871,,4871,மனவளக்கலை - 2,வேதாத்திரி மகரிஷி,வேதாத்திரி பதிப்பகம்,1990,,ஆன்மீகம்,
4872,,4872,மனவளக்கலை - 3,வேதாத்திரி மகரிஷி,வேதாத்திரி பதிப்பகம்,1994,,ஆன்மீகம்,
4873,,4873,யோகா பயிற்சிகள் - 1,வேதாத்திரி மகரிஷி,வேதாத்திரி பதிப்பகம்,2010,55.00,ஆன்மீகம்,
4874,,4874,யோகா பயிற்சிகள் - 2,வேதாத்திரி மகரிஷி,வேதாத்திரி பதிப்பகம்,2010,20.00,ஆன்மீகம்,
4876,,4876,வேதாத்திரியம்,வேதாத்திரி மகரிஷி,வேதாத்திரி பதிப்பகம்,2001,30.00,ஆன்மீகம்,
4877,,4877,வேதாத்திரியம்,வேதாத்திரி மகரிஷி,வேதாத்திரி பதிப்பகம்,2006,40.00,ஆன்மீகம்,
4878,,4878,ஜீவ காந்தம் ,வேதாத்திரி மகரிஷி,வேதாத்திரி பதிப்பகம்,1995,,ஆன்மீகம்,
4880,,4880,மற்றொரு கோணம்,ஜாக்கி வாசுதேவ்,நக்கீரன் பதிப்பகம்,2008,120.00,ஆன்மீகம்,
4881,,4881,வள்ளலார்,ஜெகாதா,சாருபிரபா,2008,20.00,ஆன்மீகம்,
4883,,4883,சிற்றம்பலம்,ஜெகநாதன்,அமுத நிலையம்,1958,,ஆன்மீகம்,
4884,,4884,கோயில் நகரம் காஞ்சிபுரம்,ஜெய செந்தில் நாதன்,இந்து சமய மன்றாம்,2000,75.00,ஆன்மீகம்,
4885,,4885,வாஸ்து,ஸ்ரீ வாஸ்து பகவதி,நக்கீரன் பதிப்பகம்,2002,30.00,ஆன்மீகம்,
4886,,4886,அடிப்படை மனித உரிமைகள் ,ஸ்ரீரஜனீஷ்,மோகன் பார்தி,1987,,ஆன்மீகம்,
4887,,4887,பகவான்: மிகவும் தவறாகக் கருதப்படும் மனிதர் ,ஸ்ரீரஜனீஷ்,பிரேம் விமலா,1989,,ஆன்மீகம்,
4889,,4889,பகவான்: ஞானத்தின் பிறப்பிடம் ,ஸ்ரீரஜனீஷ்,பிரேம் விமலா,1989,10.00,ஆன்மீகம்,
4890,,4890,ஸ்ரீகுருஜி வாழ்வே வேள்வி,ஹஸ்புத்தே ,கங்கை காவேரி பதிப்பகம்,1986,,ஆன்மீகம்,
4891,,4891,தென்னிந்திய கிராம தெய்வங்கள்,ஹென்றி வைட்,சந்தியா பதிப்பகம்,2009,100.00,ஆன்மீகம்,
4896,,4896,திருவேங்கட தல புராணம்,,,,,ஆன்மீகம்,
4898,,4898,திரு அருட்பா,வள்ளலார்,இராமலிங்கர் பணி மன்றம்,1981,,ஆன்மீகம்,
4899,,4899,இவளும் அவளும்,யோகி சுத்தானந்த பாரதியார்,புது யுக நிலையம்,1949,,நாடகம்,
4900,,4900,பெண் தெய்வம் ,சச்சிதானந்தம்,வாசுகி பதிப்பகம்,1966,1.00,ஆன்மீகம்,
4901,,4901,மௌனகுரு வணக்கம்,சித்பவானந்தர்,ஸ்ரீராமகிருஷ்ண தபோவனம்,1978,3.00,ஆன்மீகம்,
4902,,4902,ஊன் உடம்பு ஆலயம்,கணபதி ஸ்வாமிகள்,சித்த வித்தியாலயம்,1988,,ஆன்மீகம்,
4903,,4903,பக்தியோகம்,தாதசாரியார்,ஸ்ரீராமகிருஷ்ண மடம்,1978,7.70,ஆன்மீகம்,
4904,,4904,கீதை பேருரைகள்,ஆச்சார்யா வினோபாவே,சர்வோதய பிரசுராலயம்,1970,2.00,ஆன்மீகம்,
4905,,4905,தாயுமான ஸ்வாமிகள்,தாயுமான ஸ்வாமிகள்,யோகாசன ஆலய வெளியீடு,1977,4.00,ஆன்மீகம்,
4906,,4906,என் குருநாதர் ,மனோரமா சின்னசாமி,கலைமணி பதிப்பகம்,1986,7.00,ஆன்மீகம்,
4907,,4907,குணங்குடி மஸ்தான்சாகிபு பாடல் திரட்டு -திருப்பாடற்றிரட்டு,#,#,1948,3.00,ஆன்மீகம்,
4908,,4908,நானா ஜீவ வாதக்கட்டளை,செங்கல்வராய முதலியார்,#,1957,6.00,ஆன்மீகம்,
4909,,4909,அற்புத ரோஜா மலரட்டும்,ஓசோ,,2005,70.00,ஆன்மீகம்,
4910,,4910,ஓலைச்சுவடி (இந்து ஆசார-நம்பிக்கை ரகசியங்கள்),டாக்டர்.வெங்கானூர் பாலகிருஷ்ணன்,அடோன் பதிப்பகம்2015,2015,260.00,ஆன்மீகம்,
4912,,4912,திருவாய்ச் சொல்,எஸ்.செல்வம்,மணிவாசகர் பதிப்பகம்,2016,150.00,ஆன்மீகம்,
4913,,4913,சிற்றுளி வடித்த சிந்தனைச் சிதறல்கள்,கவிஞர் செம்பை சேவியர்,ஸ்பெஷல் எபெக்ட்,,,ஆன்மீகம்,
4915,,4915,அறத்தமிழ் வேதம் (தமிழ் வேதம் - பகுதி 1),சத்தியவேல் முருகனார்,தெய்வத்தமிழ் அறக்கட்டளை,2017,475.00,ஆன்மீகம்,
4916,,4916,தமிழரின் வேதம் ஆகமம் எது,சத்தியவேல் முருகனார்,தெய்வத்தமிழ் அறக்கட்டளை,2017,150.00,ஆன்மீகம்,
4917,,4917,தரிசனம்,இந்திரா சௌந்தரராஜன்,திருமகள் நிலையம்,2017,80.00,ஆன்மீகம்,
4919,,4919,மனவளக்கலை -3,தத்துவஞானி வேதாத்திரி மகரிஷி,வேதாத்திரி பதிப்பகம்,2013,90.00,ஆன்மீகம்,
4920,,4920,அவனருளாலே திருவடி சரணம்,கவிஞர் நளினிமுத்து,கலா பதிப்பகம்,,30.00,ஆன்மீகம்,
4921,,4921,கொஞ்சம் அமுதம் கொஞ்சம் விஷம்,ஜக்கி வாசுதேவ்,விகடன் பிரசுரம்,,120.00,ஆன்மீகம்,
4922,,4922,பெரியபுராணக் கதைகள்,பாலகுமாரன்,விசா பப்ளிகேசன்,2016,130.00,ஆன்மீகம்,
4923,,4923,சிவமகுடம்,ஆலவாய் ஆதிரையான்,விகடன் பிரசுரம்,2017,255.00,ஆன்மீகம்,
4924,,4924,"சித்தம், சிவம், சாகசம்",இந்திரா சௌந்தரராஜன்,விகடன் பிரசுரம்,2018,225.00,ஆன்மீகம்,
4925,,4925,சக்தி லீலை,இந்திரா சௌந்தரராஜன்,திருமகள் நிலையம்,2018,180.00,ஆன்மீகம்,
4926,,4926,கபீர்தாசர்,பாலகுமாரன்,விசா பப்ளிகேசன்,2018,145.00,ஆன்மீகம்,
4927,,4927,ஓசோ 1000 (ஒரு கவிஞனின் தீர்க்க தரிசனம்),மு.அப்பாஸ் மந்திரி,நர்மதா,2017,140.00,ஆன்மீகம்,
4928,,4928,தமிழ்க் கடவுள்,வாலி,வாலி பதிப்பகம்,2014,100.00,ஆன்மீகம்,
4929,,4929,மகாபாரதம்,நா.பார்த்தசாரதி,பூம்புகார் பதிப்பகம்,2012,300.00,ஆன்மீகம்,
4930,,4930,காலடித் தாமரை,பாலகுமாரன்,விசா பப்ளிகேஷன்ஸ்,2019,140.00,ஆன்மீகம்,
4931,,4931,சக்தி லீலை,இந்திரா சௌந்தர்ராஜன்,திருமகள் நிலையம்,2018,180.00,ஆன்மீகம்,
4932,,4932,சக்தி  லீலை பாகம் 2,இந்திரா சௌந்தர்ராஜன்,திருமகள் நிலையம்,2020,110.00,ஆன்மீகம்,
4933,,4933,ஸ்ரீமத் வால்மீகி இராமாயணம்,பாலகுமாரன்,விசா பப்ளிகேஷன்ஸ்,2019,300.00,ஆன்மீகம்,
4934,,4934,நவராத்திரி பண்டிகைச் சிறப்பும் வழிபாட்டு முறைகளும்,பி.எஸ்.ஆச்சார்யா,நர்மதா பதிப்பகம்,2017,70.00,ஆன்மீகம்,
4935,,4935,நாளும் ஒரு நாலாயிரம்,மாருதிதாசன்,நர்மதா பதிப்பகம்,2019,200.00,ஆன்மீகம்,
4936,,4936,துன்பங்கள் நீக்கும் திருமுருகாற்றுப்படை,காவூரி ஆர்.கிருஷ்ணமுர்த்தி,நர்மதா பதிப்பகம்,2017,70.00,ஆன்மீகம்,
4937,,4937,திருமுருக கிருபானந்தா வாரியார்,சபீதா ஜோசப்,நக்கீரன் வெளியீடு,2015,90.00,ஆன்மீகம்,
4938,,4938,இந்துமதம் எங்கே போகிறது?,ராமானுஜ தாத்தாச்சாரியார்,நக்கீரன் பப்ளிகேஷன்,2017,225.00,ஆன்மீகம்,
4939,,4939,திருப்பாவை,சி.பாலசுப்பிரமணியன்,சாரதா பதிப்பகம்,2019,80.00,ஆன்மீகம்,
4940,,4940,தமிழ் நாட்டில் சமயங்களும் தமிழர் சமயமும்,கா.சுப்பிரமணிய பிள்ளை,சைவ சித்தாந்த பெருமன்றம்,2018,150.00,ஆன்மீகம்,
4941,,4941,தெய்வம் என்பதோர்,தொ. பரமசிவன்,காலச்சுவடு வெளியீடு,2021,60.00,ஆன்மீகம்,
4942,,4942,அருட்பெருஞ் ஜோதி அகவல் தெளிவுரை,மு.பாலசுப்ரமணியம்,மணிவாசகர் பதிப்பகம்,2042,175.00,ஆன்மீகம்,
4943,,4943,திருவருட்பா (முழுவதும்),ச.வே.சுப்பிரமணியன்,மணிவாசகர் பதிப்பகம்,2018,425.00,ஆன்மீகம்,
4950,,4950,முதல் கம்யூனிஸ்ட் அரசு கவிப்பில் சிஐஏ, தாமஸ் ஐசக்,பாட்டாளிகள் அச்சகம்,2008,35.00,அரசியல்,
4951,,4951,முள்வலி, திருமாவளவன்,விகடன் பதிப்பகம்,2010,65.00,அரசியல்,
4952,,4952,தூக்கு கொட்டடியிலிருந்து... மடல்,அஞ்.பேரறிவாளன்,மோ.ஸ்டாலின் நினைவு,2006,20.00,அரசியல்,
4953,,4953,ஆப்கான் வரலாறும் அமெரிக்க வல்லூறும்,அகத்திய லிங்கம் ,அலைகள் வெளியீடு,2002,30.00,அரசியல்,
4954,,4954,உலகமயமாக்கல் - நிழலும் நிஜமும்,அமரந்தா ,வைகறை பதிப்பகம் ,2004,50.00,அரசியல்,
4955,,4955,காந்தி - அம்பேத்கர்,அருணன் ,பாரதி பதிப்பகம்,2005,10.00,அரசியல்,
4957,,4957,வீரம் விளைந்த ஈழம்,அருத்தந்தை ஜெகத்காஸ்பர்,நக்கீரன் பதிப்பகம்,2009,150.00,அரசியல்,
4958,,4958,ஜாதியும் வர்க்கமும் ,அலைகள் வெளியீடு,அலைகள் வெளியீடு,1997,50.00,அரசியல்,
4959,,4959,1858-1948,அறிஞர் அண்ணா,திராவிட பண்ணை,1975,2.00,அரசியல்,
4960,,4960,இன்பத் திராவிடம்,அறிஞர் அண்ணா,பூம்புகார் பதிப்பகம்,1989,8.90,அரசியல்,
4961,,4961,"ஏ, தாழ்ந்த தமிழகமே ",அறிஞர் அண்ணா,மணிவாசகர் பதிப்பகம்,2000,10.00,அரசியல்,
4962,,4962,செவ்வாழை,அறிஞர் அண்ணா,பூம்புகார் பதிப்பகம்,2008,25.00,அரசியல்,
4963,,4963,தஞ்சை விழ்ச்சி வில் வீரன் வில்லியம் டெல்,அறிஞர் அண்ணா,சீதை பதிப்பகம்,2011,20.00,அரசியல்,
4964,,4964,தம்பிக்கு (அண்ணாவின் கடிதங்கள்) தொகுதி 11,அறிஞர் அண்ணா,பாரி நிலையம்,1986,,அரசியல்,
4965,,4965,தம்பிக்கு (அண்ணாவின் கடிதங்கள்) தொகுதி 12,அறிஞர் அண்ணா,பாரி நிலையம்,1986,14.00,அரசியல்,
4966,,4966,தம்பிக்கு (அண்ணாவின் கடிதங்கள்) தொகுதி 13,அறிஞர் அண்ணா,பாரி நிலையம்,1989,25.00,அரசியல்,
4967,,4967,தம்பிக்கு (அண்ணாவின் கடிதங்கள்) தொகுதி 14,அறிஞர் அண்ணா,பாரி நிலையம்,1988,15.00,அரசியல்,
4968,,4968,தம்பிக்கு (அண்ணாவின் கடிதங்கள்) தொகுதி 15,அறிஞர் அண்ணா,பாரி நிலையம்,1988,15.00,அரசியல்,
4969,,4969,தம்பிக்கு (அண்ணாவின் கடிதங்கள்) தொகுதி 17,அறிஞர் அண்ணா,பாரி நிலையம்,1988,16.00,அரசியல்,
4970,,4970,தம்பிக்கு (அண்ணாவின் கடிதங்கள்) தொகுதி 18,அறிஞர் அண்ணா,பாரி நிலையம்,1988,16.00,அரசியல்,
4973,,4973,தீ பரவட்டும்,அறிஞர் அண்ணா,பூம்புகார் பதிப்பகம்,2005,20.00,அரசியல்,
4974,,4974,பெரியார் ஒரு சகாப்தம்,அறிஞர் அண்ணா,பெரியார் சுயமரியாதை பிரச்சார நிறுவன வெளியீடு,1984,,அரசியல்,
4975,,4975,பேரறிஞர் அண்ணா பேசுகிறார் - 1,அறிஞர் அண்ணா,தமிழ் அரசி பதிப்பகம்,2000,175.00,அரசியல்,
4976,,4976,பேரறிஞர் அண்ணா பேசுகிறார் - 2,அறிஞர் அண்ணா,தமிழ் அரசி பதிப்பகம்,2000,195.00,அரசியல்,
4977,,4977,பேரறிஞர் அண்ணா பேசுகிறார் - 3,அறிஞர் அண்ணா,தமிழரசி வெளியீடு,1997,105.00,அரசியல்,
4978,,4978,வெள்ளை மாளிகையில்,அறிஞர் அண்ணா,பூம்புகார் பதிப்பகம்,2004,30.00,அரசியல்,
4979,,4979,தலித்துகளின் இன்றைய நிலைமை ,ஆ.பத்மநாபன் ,பூம்புகார் பதிப்பகம்,2002,100.00,அரசியல்,
4981,,4981,நமது உணவுப் பொருளாதாரம்,ஆர்.எஸ்.நாராயணன்,பாவை பப்ளிகேசன்ஸ்,2011,90.00,அரசியல்,
4982,,4982,ஒரு தேவதையின் மரணம் ,ஆரூர் தமிழ்நாடன்,நக்கீரன் பதிப்பகம்,2002,70.00,அரசியல்,
4983,,4983,அண்ணா ஓர் அறிவாலயம்,ஆறுமுகம் ,பூம்புகார் பதிப்பகம்,1990,40.00,அரசியல்,
4984,,4984,விடுதலைப்புலிகளுக்கு அப்பால் ,ஆனந்தராஜ்,சவுக்கு வெளியீடு,2011,250.00,அரசியல்,
4985,,4985,கருப்பு தமிழனே கலங்காதே ,இ.ஜே.சுந்தர் ,எழில்நிலா பதிப்பகம்,2002,40.00,அரசியல்,
4986,,4986,திராவிட இயக்கம் வளர்ச்சியும் தளர்ச்சியும்,இரா.ஆண்டி,ஓவிஅகில் பதிப்பகம்,2003,150.00,அரசியல்,
4987,,4987,சூறாவளியும் அடிபணியும் (கியூபா),இரா.நடராசன்,நியுசெஞ்சுரி புக் ஹவுஸ்,2006,45.00,அரசியல்,
4988,,4988,துப்பாக்கி மொழி ,இரா.முத்துக்குமார்,கிழக்கு பதிப்பகம்,2005,150.00,அரசியல்,
4989,,4989,நானும் என் திராவிட இயக்க நினைவுகளும்,இராம.சுப்பையா,தமிழ்ப் பண்ணை,1998,25.00,அரசியல்,
4990,,4990,இராமாயணம்,இராஜாஜி,வானதி பதிப்பகம்,2005,75.00,ஆன்மீகம்,
4991,,4991,காற்றும் கலைஞரும்,இளவேனில்,மாணவர் புத்தகப் பண்ணை,1999,40.00,அரசியல்,
4992,,4992,ஈ.வெ.கி.சம்பத் தொகுப்புநூல்கள் ,ஈ.வெ.கி.சம்பத்,இனியன் சம்பத்,2013,,அரசியல்,
4993,,4993,முல்லை பெரியாறு ,ஊரோடு வீரகுமார்,கிழக்கு பதிப்பகம்,2007,70.00,அரசியல்,
4994,,4994,எமெர்ஜென்சி,"எம்,ஜி.தேவசகாயம்",கிழக்கு பதிப்பகம்,2009,150.00,அரசியல்,
4995,,4995,ரஷ்யா புரட்சி,என்.ராமகிருஷ்ணன்,கிழக்கு பதிப்பகம்,2006,60.00,அரசியல்,
4996,,4996,அடிமை விலங்கொடிக்க ஆர்த்தெழுந்த வீரன்,என்.ராமகிருஷ்ணன்,பாரதி புத்தகாலயம்,2007,25.00,வாழ்க்கை வரலாறு,
4997,,4997,ஈழம் முடிவில்லாப் பயணத்தில் முடியாத வரலாறு,எஸ்.எம்.கோபாலன்,தோழமை வெளியீடு,2006,200.00,அரசியல்,
4998,,4998,தமிழ் இனப்படுகொலை,எஸ்.டி.எஸ்,போர்வாள் பதிப்பகம்,1984,3.00,அரசியல்,
4999,,4999,தலித் பண்பாடு சில பார்வைகள்,ஏ.எம்.சாலன் ,நியுசெஞ்சுரி புக் ஹவுஸ்,2005,45.00,அரசியல்,
5000,,5000,புரட்சிகளின் நூற்றாண்டு,ஐ.ஜாஸ் அகமது,சவுத் விஷன்,2003,35.00,அரசியல்,
5001,,5001,தமிழீழம் ,ஓவியர் புகழேந்தி,தோழமை வெளியீடு,2006,125.00,அரசியல்,
5002,,5002,பரமக்குடி என்கிற படுகளம்,க.இளம்பரிதி,க.இளம்பரிதி,2011,30.00,அரசியல்,
5003,,5003,கலைஞரின் பாதையிலே,க.கந்தன்,பூமாலை பதிப்பகம்,2003,60.00,அரசியல்,
5004,,5004,இங்கே ஒரு ஹிட்லர் பாகம் -1,க.சுப்பு,நக்கீரன் பதிப்பகம்,1992,,அரசியல்,
5005,,5005,பொடா கொடூரமும் அத்துமீறல்களும்,க.ராஜேந்திரன்,மக்கள் உரிமை கூட்டமைப்பு,2003,25.00,அரசியல்,
5006,,5006,"வரலாறு, பண்பாடு, மதச் சார்பின்மை",கட்டுரைத் தொகுப்பு,சவுத் விஷன்,1999,70.00,அரசியல்,
5007,,5007,நான் பார்த்த அரசியல் ,கண்ணதாசன்,கண்ணதாசன் பதிப்பகம்,2001,35.00,அரசியல்,
5008,,5008,அகதி வாழ்க்கை,கலையரசன்,கிழக்கு பதிப்பகம்,2010,100.00,அரசியல்,
5009,,5009,கலைஞர் நகைச்சுவை நயம் ,கவிஞர் தெய்வச்சிலை,ராம்பிரசாத் பப்ளிகேசன்ஸ்,2006,100.00,அரசியல்,
5010,,5010,கடல் கொண்ட தென்னாடு,கா. அப்பாதுரையார்,ராமமையா பதிப்பகம்,2005,25.00,மொழியியல்,
5011,,5011,மஹாபாரதத்தில் அரசியல் சிந்தனை,கா.காசிம்,திருவரசு புத்தக நிலையம்,2000,70.00,அரசியல்,
5012,,5012,தமிழனா தமிங்கிலனா,காசி ஆனந்தன்,மாணவர் மருதோன்றி அச்சகம்,1995,35.00,அரசியல்,
5014,,5014,வாடி வாசல் ,கி.சு.செல்லப்பா ,காலச்சுவடு பதிப்பகம்,2003,40.00,மொழியியல்,
5015,,5015,அம்பேத்கர் பற்றிய அருண்சோரி நூலுக்கு மறுப்பு,கி.வீரமணி ,,,,அரசியல்,
5016,,5016,"ஈழத் தமிழர் பிரச்சினை, சில உண்மைகள்",கி.வீரமணி,திராவிடர் கழக வெளியீடு,1998,8.00,அரசியல்,
5019,,5019,கலாம்கண்ட கனவு ,குகன்,நாகரத்னா பதிப்பகம்,2011,35.00,கவிதைகள்,
5020,,5020,"ஆளுமைகள், சந்திப்புகள்,  உரையாடல்கள் ",மணா,உயிர்மை பதிப்பகம்,2006,300.00,அரசியல்,
5021,,5021,திராவிடத்தால் வீழ்ந்தோம்,குணா ,தமிழக ஆய்வரண்,2006,20.00,அரசியல்,
5022,,5022,மண்ணுரிமை பாகம் - 1,குணா ,தமிழக ஆய்வரண்,2006,150.00,அரசியல்,
5023,,5023,மியூஸிய நாதர் கோவில் ,குத்தூசி குருசாமி,பொன்னி பதிப்பகம்,2004,55.00,அரசியல்,
5024,,5024,காவேரி: திராவிட இயக்க அரசியல் தலைமையின் தோல்வி,குப்புசாமி,ஸ்நேகா பதிப்பகம்,2004,40.00,அரசியல்,
5025,,5025,தேசப்பிரிவினைக்கு யார்க்காரணம்,குலாம்முகம்மது ,இலக்கிய சோலை பதிப்பகம்,2000,6.00,அரசியல்,
5026,,5026,நிமிரவைக்கும் நெல்லை,கே.எஸ் ராதாகிருஷ்ணன் ,பொதிகை-பொருநை-கரிசல்,2006,200.00,வரலாறு,
5027,,5027,காந்தி படுகொலையில் பார்ப்பனப் பின்னணி,கொளத்தூர் மணி,பெரியார் திராவிடர் கழகம்,2011,20.00,அரசியல்,
5028,,5028,மக்கள் மருத்துவம் ,கோச்சடை,நியுசெஞ்சுரி புக் ஹவுஸ்,2006,50.00,அரசியல்,
5029,,5029,தேசிய முழக்கம் ,கோபண்ணா,சஞ்சீவியார் பதிப்பகம்,1997,40.00,அரசியல்,
5030,,5030,தமிழ் தி.மு.க - கம்யூனிஸ்ட்,ச.செந்தில் நாதன்,சிகரம் வெளியீடு,2002,30.00,அரசியல்,
5031,,5031,அரசியல் எனக்கு பிடிக்கும்,ச.தமிழ்செல்வன்,பாரதி புத்தகாலயம்,,10.00,அரசியல்,
5032,,5032,இந்திய அரசியலமைப்பு சாசனம் ,சி.எஸ்.தேவ்நாத்,புதிய புத்தக நிலையம்,2005,150.00,அரசியல்,
5033,,5033,வேலூர்  போராட்டம்,சி.ஞ.பாலன்,தாமரை நூலகம்,1979,,அரசியல்,
5035,,5035,"பகத்சிங்கும், புரட்சி தொல்லைகளும்",சிவ வர்மா,தமிழ்ப் புத்தகாலயம்,2000,80.00,அரசியல்,
5036,,5036,சரித்திரத்தை மாற்றிய சதி வழக்குகள்,சிவலை இளமதி,அலைகள் வெளியீட்டகம்,2007,175.00,அரசியல்,
5038,,5038,கருவூலம் ,சின்னக்குத்தூசி ,நக்கீரன் பதிப்பகம்,2002,60.00,அரசியல்,
5039,,5039,நக்கீரன் களஞ்சியம் ,சின்னக்குத்தூசி ,நக்கீரன் பதிப்பகம்,2003,60.00,அரசியல்,
5040,,5040,புதையல் - 1,சின்னக்குத்தூசி ,நக்கீரன் பதிப்பகம்,2000,75.00,அரசியல்,
5041,,5041,திருப்பி அடிப்பேன் ,சீமான்,விகடன் பதிப்பகம்,2011,65.00,அரசியல்,
5042,,5042,ஈழம் தமிழரின் தாயகம்,சுப.அறவாணன்,தமிழ்க்கோட்டம் பதிப்பகம்,2000,60.00,அரசியல்,
5043,,5043,இந்த விதை முளைக்கும்,சுப.வீரபாண்டியன்,தமிழ் முழக்கம் பதிப்பகம்,2004,50.00,அரசியல்,
5044,,5044,குடும்பமும் அரசியலும்,சுப.வீரபாண்டியன்,தமிழ் முழக்கம் பதிப்பகம்,,10.00,அரசியல்,
5045,,5045,"பகத்சிங்கும், இந்திய அரசியலும் ",சுப.வீரபாண்டியன்,பொன்னி பதிப்பகம்,2003,50.00,அரசியல்,
5046,,5046,ஈழக் கதவுகள்,சூரியதீபன்,தோழமை வெளியீடு,2007,100.00,அரசியல்,
5047,,5047,கூடங்குளம்,செல்லப்பா,காலச்சுவடு பதிப்பகம்,2012,150.00,அரசியல்,
5048,,5048,நீடித்த வேளாண்மையும் வல்லரசிய எதிர்ப்பும்,சே.கோச்சடை,நியுசெஞ்சுரி புக் ஹவுஸ்,2006,105.00,அரசியல்,
5049,,5049,முத்துச்சரம் (புதையல் 7ஆம் பாகம்),சின்னக்குத்தூசி ,நக்கீரன் பதிப்பகம்,2006,85.00,அரசியல்,
5050,,5050,ஈழம்,சோலை ,கணல் பதிப்பகம்,2006,25.00,அரசியல்,
5051,,5051,ஓ பக்கங்கள் 2007,ஞானி,கிழக்கு பதிப்பகம்,2009,125.00,அரசியல்,
5052,,5052,ஓ பக்கங்கள் 2007,ஞானி ,குமுதம் புதுத்தகம்,2008,100.00,அரசியல்,
5053,,5053,நள்ளிரவில் சுதந்திரம்,வி.என்.ராகவன் ,அலைகள் வெளியீட்டகம்,1997,275.00,அரசியல்,
5054,,5054,கிழக்கு முதல் கிழக்கு வரை,தணிகை செல்வன் ,தணிகை நூலகம்,2003,50.00,அரசியல்,
5056,,5056,இந்திய கம்யூனிஸ்ட் கட்சி தோற்றமும் வளர்ச்சியும்,தமிழ் வாணன் ,மணிமேகலை பதிப்பகம்,1985,12.25,அரசியல்,
5057,,5057,அரசியல் எனக்கு பிடிக்கும்,தமிழ்செல்வன் ,பாரதி புத்தகாலயம்,,10.00,அரசியல்,
5058,,5058,இந்திய புதைச்சோற்றில் தமிழக சமச்சீர் கல்வி,தமிழரசு,தமிழக மக்கள் கல்விக்கழகம்,2010,10.00,அரசியல்,
5059,,5059,"டாக்டர் அம்பேத்கரும், இந்திய பெண் விடுதலையும்",தனகுமார்,தனகுமார்,2014,,அரசியல்,
5060,,5060,தன்னிகரில்லாத தேசிய தலைவர் டாக்டர் பீமாராவ் அம்பேத்கர் ,தனகுமார்,தனகுமார்,2014,,வாழ்க்கை வரலாறு,
5061,,5061,புத்தரும் அவர் தம்மமும் ,தனகுமார்,தனகுமார்,2014,20.00,அரசியல்,
5062,,5062,பிடல் காஸ்ட்ரோ ,தா.பாண்டியன்,குமரன் பதிப்பகம்,2006,100.00,வாழ்க்கை வரலாறு,
5063,,5063,மூன்றாவது கரை ,லதா ராமகிருஷ்ணன்,நியுசெஞ்சுரி புக் ஹவுஸ்,2006,70.00,அரசியல்,
5065,,5065,தேர்தல் அரசியல்,தி.சிகாமணி,பாவவை பப்ளிகேசன்ஸ்,2001,50.00,அரசியல்,
5066,,5066,ஊழலோ ஊழல் ,தி.சிகாமணி ,தூரிகை வெளியீடு,2003,50.00,அரசியல்,
5067,,5067,மதவாத அரசியல் இந்தியாவின் எதிர்காலம்,டி.ஞானையா,பாட்டாளி தோழன்,1993,16.00,அரசியல்,
5068,,5068,தலித் விடுதலையும் திராவிடர் இயக்கமும்,தி.பெ.கமலநாதன்,எழுத்து பதிப்பகம்,2009,140.00,அரசியல்,
5069, ,5069,கம்பிக்குள் வெளிச்சங்கள் ,தியாகு,விஜயா பதிப்பகம்,2009,350.00,அரசியல்,
5070,,5070,கியூபா - கல்விக்கு ஒரு கலங்கரை விளக்கம்,தியாகு,நியுசெஞ்சுரி புக் ஹவுஸ்,2006,40.00,அரசியல்,
5071,,5071,கியூபா - கல்விக்கு ஒரு கலங்கரை விளக்கம்,தியாகு,நியுசெஞ்சுரி புக் ஹவுஸ்,2006,40.00,அரசியல்,
5072,,5072,தமிழீழம் வணங்காமண் அடங்கப் பற்று ,தியாகு,தினசக்தி ,2009,125.00,அரசியல்,
5074,,5074,மக்களின் மனிதன் நல்லக்கண்ணு,திரு.வீரபாண்டியன் ,தூரிகை வெளியீடு,2005,60.00,வாழ்க்கை வரலாறு,
5075,,5075,தூக்குக்கயிற்றில் ராஜுவ்படுகொலை - நிஜம்,திருச்சி வேலுசாமி,பேட்ரிஷியா,2012,200.00,அரசியல்,
5076,,5076,அடங்க மறு,திருமாவளவன்,தாய்ம்மண் பதிப்பகம்,2004,100.00,அரசியல்,
5079,,5079,ராஜதந்திரக் கலைகள்,திருவாணன்,வானதி பதிப்பகம்,1975,3.50,அரசியல்,
5080,,5080,தலை நிமிர்ந்த தமிழர்கள் - 1,திருவேங்கிமலை சரவணன்,குமுதம் புதுத்தகம்,2004,85.00,அரசியல்,
5081,,5081,தலை நிமிர்ந்த தமிழர்கள் - 2,திருவேங்கிமலை சரவணன்,குமுதம் புதுத்தகம்,2006,125.00,அரசியல்,
5082,,5082,நாளைய புரட்சி,தொல்காப்பியன்,தொல் நச்சினார்க்கினியன்,1999,10.00,அரசியல்,
5083,,5083,வெளிச்சம் ,தொல்.திருமாவளவன்,தாய்ம்மண் பதிப்பகம்,2007,60.00,அரசியல்,
5084,,5084,ஒரு மார்க்சிய பார்வையில்,ஜவஹர்,நக்கீரன் பதிப்பகம்,2005,35.00,அரசியல்,
5085,,5085,ஆட்டோ சங்கரின் மரண வாக்குமூலம்,நக்கீரன் ,நக்கீரன் பதிப்பகம்,2002,90.00,அரசியல்,
5086,,5086,சேலஞ்ச் ,நக்கீரன் கோபால் ,நக்கீரன் பதிப்பகம்,2000,90.00,அரசியல்,
5087,,5087,இந்திய அரசியல் சாசனம் ,நடராசன்,பாலாஜி பப்ளிகேசன்ஸ்,2004,70.00,சட்டம்,
5088,,5088,வீழ்வோமென்று நினைத்தாயோ?,அமரந்தா ,நியுசெஞ்சுரி புக் ஹவுஸ்,2006,50.00,அரசியல்,
5089,,5089,மேதகு மிசாக்கள்,ப.இளவழகன்,செல்வராசன் பதிப்பகம்,1978,,அரசியல்,
5090,,5090,பெரியார் ஒரு பொருள்முதல்வாதி,ப.செங்குட்டுவன்,தமிழ் குடியரசு பதிப்பகம்,2009,50.00,அரசியல்,
5091,,5091,ஸ்பெக்ட்ரம் சர்ச்சை,பத்ரி சேஷாத்ரி,கிழக்கு பதிப்பகம்,2010,40.00,அரசியல்,
5092,,5092,123 அணுசக்தி ஒப்பந்தம் (இந்தியா - அமெரிக்கா),பத்ரி சேஷாத்ரி,Mini Max,2008,25.00,அரசியல்,
5093,,5093,அரசியல் சதிராட்டங்கள்,பழ.கருப்பையா,மணிவாசகர் நூலகம்,2000,30.00,அரசியல்,
5094,,5094,தமிழகத்தில் என்கவுண்டர்,பாலகோபால் ,தமிழக மக்கள் உரிமைக்கழகம்,2009,40.00,அரசியல்,
5095,,5095,சேரன் மாதேவி ,பழ.அதியமான் ,காலச்சுவடு பதிப்பகம்,2013,275.00,அரசியல்,
5096,,5096,இந்தியாவும் புலிகளின் தீர்வுத திட்டமும் ,பழ.நெடுமாறன்,தமிழ்க்குலம் பதிப்பகம்,2006,20.00,அரசியல்,
5098,,5098,காகித புலி கருணா,பழ.நெடுமாறன்,தமிழ்க்குலம் பதிப்பகம்,2006,25.00,அரசியல்,
5099,,5099,நீதி மன்றத்தில் நெடுமாறன் உரிமைக் குரல் ,பழ.நெடுமாறன்,சிறை மலர் 2,,,அரசியல்,
5100,,5100,நேதாஜி எங்கே ?,பழ.நெடுமாறன்,தமிழ்க்குலம் பதிப்பகம்,1998,40.00,அரசியல்,
5101,,5101,மூன்றாவது அணி ,பழ.நெடுமாறன்,தமிழ்க்குலம் பதிப்பகம்,2009,60.00,அரசியல்,
5102,,5102,ஜீவாவின் வாரிசுகள்,பழனியப்பன்,தமிழ்நாடு கலை இலக்கிய பெருமன்றம்,2005,10.00,அரசியல்,
5103,,5103,அல் காயிதா,பா.ராகவன்,கிழக்கு பதிப்பகம்,2005,90.00,அரசியல்,
5104,,5104,ஓபன் டிக்கெட்,பா.ராகவன்,கிழக்கு பதிப்பகம்,2005,60.00,அரசியல்,
5105,,5105,லஷ்கர் -ஏ- தொய்ப,பா.ராகவன்,கிழக்கு பதிப்பகம்,2007,60.00,அரசியல்,
5106,,5106,அண்ணா பேசுகிறார்,பாபு,சாந்தி பதிப்பகம்,1989,15.00,அரசியல்,
5107,,5107,அணு அணுவாய் சாவோம்,பாமரன்,நக்கீரன் பதிப்பகம்,2011,80.00,அரசியல்,
5108,,5108,ஆயுள் தண்டனை அனுபவங்கள்,பாலதண்டாயுதம்,மக்கள் வெளியீடு,1979,5.00,அரசியல்,
5110,,5110,மனித சாரத்தை மறுக்கும் உலகமயமாக்கம் ,பி.இரயாகரன்,கீழைக்காற்று பதிப்பகம்,2006,100.00,அரசியல்,
5111,,5111,திராவிட இயக்கமும் தமிழக அரசியலும்,பி.சி கணேசன்,அருந்ததி நிலையம்,2005,55.00,அரசியல்,
5112,,5112,கார்கில் ,பீட்டர் அல்போன்ஸ்,தமிழ்மாநில கைங்கிரைஸ்,2002,10.00,அரசியல்,
5113,,5113,ஈழ போராட்டமும் எனது சாட்சியம்,சி.புஸ்பராஜன்,அடையாளம்,2003,,அரசியல்,
5114,,5114,தொடரும் தவிப்பு,பூங் குழல் ,தமிழ்க்குலம் பதிப்பகம்,2007,70.00,அரசியல்,
5115,,5115,அவதூறுகளை முறியடிப்போம்,மகாராசன்,பாலை வெளியீடு,2010,90.00,அரசியல்,
5116,,5116,"ஈழத்தில் சாதியும்,  இருப்பும் தகர்ப்பும்",மகாராசன் ,கருப்பு பிரதிகள்,2007,75.00,அரசியல்,
5117,,5117,மக்களை வழி நடத்தும் தலைமை உருவாக்கம்,மணா,தோழமை வெளியீடு,2007,50.00,அரசியல்,
5119,,5119,கி.மு - கி.பி,மதன்,கிழக்கு பதிப்பகம்,2006,75.00,வரலாறு,
5120,,5120,நின்று கெடுத்த நீதி,மயிலை பாலு,அலைகள் வெளியீட்டகம்,2009,230.00,அரசியல்,
5121,,5121,இந்திய பிரிவினை,மருதன், கிழக்கு பதிப்பகம்,2008,80.00,அரசியல்,
5122,,5122,இரண்டாம் உலக போர்,மருதன், கிழக்கு பதிப்பகம்,2009,150.00,வரலாறு,
5123,,5123,விடுதலைப் புலிகள்,மருதன்,கிழக்கு பதிப்பகம்,2007,90.00,அரசியல்,
5124,,5124,திராவிட இயக்கம் புனைவும் உண்மையும்,மலர் மன்னன்,கிழக்கு பதிப்பகம்,2012,135.00,அரசியல்,
5125,,5125,பிரச்சினைக்குரிய முகங்கள்: தமிழகம்,மனா ,பொன்னி பதிப்பகம்,2003,90.00,அரசியல்,
5126,,5126,தமிழினப் படுகொலைகள் 1956 - 2008,மனிதம்,மனிதன் வெளியீடு,2009,299.00,அரசியல்,
5127,,5127,இரண்டாண்டுகளில் இருந்த தமிழகம்,ம.பிரபாகரன்,தமிழ்க் குரல்,2003,50.00,அரசியல்,
5129,,5129,கல்லக்குடி களம் ,மு.கருணாநிதி,திருமகள் நிலையம்,2002,30.00,அரசியல்,
5130,,5130,கலைஞர் கடிதம் தொகுதி - 2 ,மு.கருணாநிதி,அஞ்சு அச்சகம்,1993,15.00,அரசியல்,
5131,,5131,கையில் அள்ளிய கடல்,மு.கருணாநிதி,திருமகள் நிலையம்,2000,85.00,அரசியல்,
5132,,5132,தேர்சென்ற பாதை,மு.கருணாநிதி,பாரதி பதிப்பகம்,2004,43.00,அரசியல்,
5134,,5134,நெஞ்சுக்கு நீதி 3 ம் பாகம் ,மு.கருணாநிதி,திருமகள் நிலையம்,1999,220.00,அரசியல்,
5135,,5135,நெஞ்சுக்கு நீதி நான்காம் பாகம் ,மு.கருணாநிதி,திருமகள் நிலையம்,2003,280.00,அரசியல்,
5136,,5136,நெருக்கடி நெருப்பாறு ,மு.கருணாநிதி,திருமகள் நிலையம்,2002,35.00,அரசியல்,
5138,,5138,முத்துக் குளியல் - 2,மு.கருணாநிதி,பூம்புகார் பதிப்பகம்,2000,150.00,அரசியல்,
5139,,5139,மொழிப் போரில் ஒரு களம் ,மு.கருணாநிதி,திருமகள் நிலையம்,2002,15.00,அரசியல்,
5140,,5140,நம்பிக்கைகளுக்கு அப்பால் ,மு.புஷ்பராஜன்,காலசுவடு பதிப்பகம்,2013,,அரசியல்,
5141,,5141,குடியின்றி அமையா உலகு,முத்தையா,புலம் வெளியீடு,2009,120.00,அரசியல்,
5143, ,5143,காம்ரேட் ,யஷ்பால்,பாரதி புத்தகநிலையம்,2006,25.00,அரசியல்,
5144,,5144,ஏன் எரிகிறது ஈழம்,ரமேஷ் ,தமிழ் உணர்வு.கம்,2009,40.00,அரசியல்,
5145,,5145,பாக் ஒரு புதரின் சரிதம்,ராகவன்,கிழக்கு பதிப்பகம்,2004,75.00,அரசியல்,
5147,,5147,கனவாகி போன கச்சத் தீவு,ராதா கிருஷ்ணன்,உயிர்மை பதிப்பகம்,2008,40.00,அரசியல்,
5149,,5149,ஆர்.எஸ்.எஸ் ஓர் அபாயம்,ராஜேந்திரன் ,விடியல் பதிப்பகம் ,1999,50.00,அரசியல்,
5150,,5150,லெனின் ,லெனின் ,முனேற்றப் பதிப்பகம்,1978,,அரசியல்,
5151,,5151,மலரும் நினைவுகள்,லைனர்,திருமகள் நிலையம்,1996,24.00,அரசியல்,
5152,,5152,வலிமைக்கு மார்க்கம் ,வ.உ.சி ,பூம்புகார் பதிப்பகம்,2004,25.00,ஆன்மீகம்,
5153,,5153,சாதியும் பால்நிலைப் பாகுபாடும்,வ.கீதா,பாரதி புத்தகாலயம்,2008,40.00,அரசியல்,
5154,,5154,தமிழக அரசு வழங்கும் சலுகைகள்,வடகரை த.செல்வராஜ்,செல்வம் பப்ளிகேஷன்,2004,30.00,அரசியல்,
5155,,5155,சுயாட்சியை? சுதந்திரமா?,வலம்புரிஜான்,பானு பதிப்பகம்,1973,2.50,அரசியல்,
5156,,5156,தெலுங்கானா போராட்டம்,வி.பி.சிந்தனை,தமிழ்ப் புத்தகாலயம்,2000,24.00,அரசியல்,
5157,,5157,19/5 நான்காம் இறுதிப் போரில் இறுதி நாட்கள்,விடியல் ,இளந்தமிழர் இயக்கம்,2009,20.00,அரசியல்,
5158,,5158,ஆகட்டும் பார்க்கலாம் (காமராசர்),வீரபாண்டியன் ,தூரிகை வெளியீடு,2003,125.00,வாழ்க்கை வரலாறு,
5159,,5159,பாரதிய ஜனதா பார்ட்டி - விமர்சனமும் விளக்கமும்,வே.மதிமாறன், கலகம் வெளியீடு,2004,35.00,அரசியல்,
5160,,5160,ராஜிவ் கொலை வழக்கு ,வே.ரகோத்தமன்,கிழக்கு பதிப்பகம்,2009,100.00,அரசியல்,
5161,,5161,கயிறே ஏன் கதையை கேள் ,வே.ஸ்ரீகரன் ,விகடன் பிரசுரம்,2012,75.00,அரசியல்,
5162,,5162,நிஜம் ,வேலுசாமி ,,,,அரசியல்,
5163,,5163,சங்க நாதம் ,வை.கோ,உடல் ஊனமுற்றோர் மறுவாழ்வு மக்கள் மன்றம்,1999,50.00,அரசியல்,
5164,,5164,அரசியல் அரங்கில் கலைஞர்,வைகை செல்வன்,மக்கள் பதிப்பகம்,1983,2.00,அரசியல்,
5165,,5165,இதய சிறகுகள் ,வைகோ ,உடல் ஊனமுற்றோர் மறுவாழ்வு மக்கள் மன்றம்,1999,,கட்டுரைகள்,
5166,,5166,ஹிந்தியை எதிர்க்கிறோம் ஏன் ,வைகோ,மறுமலர்ச்சி திராவிட முன்னிற்றக் கழகம்,2005,20.00,அரசியல்,
5167,,5167,பாற்கடல்,வைரமுத்து,சூர்யா இலக்கியம் ,2008,150.00,பொது அறிவு,
5168,,5168,ஆட்சியைக் கவித்த ஆன்மிக குருமார்கள்,ஜெகதா,நக்கீரன் வெளியீடு,2007,80.00,அரசியல்,
5169,,5169,வெடியோசையால் உலகை விடியச் செய்தவர்கள்,ஜெகதா ,நக்கீரன் வெளியீடு,2007,80.00,அரசியல்,
5170,,5170,மறக்க முடியுமா? (வீரம் விளைந்த ஈழம்),ஜெகதாஸ்பர்,நக்கீரன் வெளியீடு,2009,150.00,அரசியல்,
5171,,5171,ஒருசொல் கேளிர்,ஜெயகாந்தன்,மீனாட்சி புத்தக நிலையம்,1992,24.00,அரசியல்,
5172,,5172,உன்னைப்போல் ஒருவன்,ஜெயகாந்தன்,மீனாட்சி புத்தக நிலையம்,1965,3.50,அரசியல்,
5173,,5173,அணுகுண்டின் அரசியல் வரலாறு,ஜெயராமன்,கிழக்கு பதிப்பகம்,2010,70.00,அரசியல்,
5174,,5174,எமர்ச்சியன்ஸி நடந்தது என்ன ?,ஜென் ராம்,விகடன் பிரசுரம்,2009,55.00,அரசியல்,
5175,,5175,காந்தியும் காங்கிரஸும் - ஒரு துரோக வரலாறு,புரட்சிகர மாணவர் இளைஞர் முன்னணி,புரட்சிகர மாணவர் இளைஞர் முன்னணி,2002,10.00,அரசியல்,
5176,,5176,காங்கிரஸ் கட்சியின் சுதந்திர போராட்டம்,,,,,அரசியல்,
5177,,5177,காந்தியும் காங்கிரஸும் - ஒரு துரோக வரலாறு,,,,,அரசியல்,
5178,,5178,சதாம் மரணத்தின் நிழலில்,பி.ஜே.ராஜய்யா,நக்கீரன்வெளியீடு,2004,50.00,அரசியல்,
5179,,5179,சரித்திரத்தை மாற்றிய சதி வழக்குகள்,சிவலை இளமதி,அலைகள் வெளியீட்டகம்,2001,140.00,அரசியல்,
5180,,5180,தமிழகத்தில் மனித உரிமைகள் 1998 - 2000,மக்கள் கண்காணிப்பகம்,மக்கள் கண்காணிப்பகம்,2000,75.00,அரசியல்,
5181,,5181,விடுதலைப்புலிகள்,மருதன்,கிழக்கு பதிப்பகம்,2007,100.00,அரசியல்,
5182,,5182,ராஜீவ்காந்தி படுகொலை - புலனாய்வு,எஸ்.சந்திரமௌலி,ராஜராஜன் பதிப்பகம்,2008,220.00,அரசியல்,
5184,,5184,பரமக்குடி - மதுரை துப்பாக்கி சூடு,உண்மை அறியும் குழு அறிக்கை,பவுத்த சமுக செயல்பாட்டுப் பாசறை,,10.00,அரசியல்,
5186,,5186,அமைப்பாய் திரள்வோம்,தொல்.திருமாவளவன்,நக்கீரன்,2018,450.00,அரசியல்,
5187,,5187,ஏய்.. அமெரிக்கா....,ஆதனூர் சோழன்,நக்கீரன்,2007,80.00,அரசியல்,
5188,,5188,புதிய கல்விக் கொள்கை நன்மையா? தீமையா?,பாஸ்கரன் கிருஷ்ணமுர்த்தி,தமிழ் திசை,2020,90.00,அரசியல்,
5189,,5189,கற்பிதம் அல்ல பெருமிதம்,மா,தமிழ் திசை,2019,200.00,அரசியல்,
5190,,5190,கலகத்தின் மறைபொருள்,கௌதம சன்னா,ஆழி பதிப்பகம்,2019,200.00,அரசியல்,
5191,,5191,ரெட்டமலை சீனிவாசன்,கௌதம சன்னா,ஆழி பதிப்பகம்,2019,400.00,அரசியல்,
5192,,5192,சொல்லத் தோணுது,தங்கர் பச்சான்,கிழக்கு வெளியீடு,2016,250.00,அரசியல்,
5193,,5193,திராவிடப் பெரியார் யாருக்கு எதிரி ?,விடுதலை இராசேந்திரன்,நிமிர்வோம் வெளியீடு ,,120.00,அரசியல்,
5194,,5194,அம்பேத்கர் இன்றும் என்றும்,அம்பேத்கர்,விடியல் பதிப்பகம்,2019,450.00,அரசியல்,
5195,,5195,பெரியார் இன்றும் என்றும்,பெரியார்,விடியல் பதிப்பகம்,2019,550.00,அரசியல்,
5196,,5196,மார்க்சியம் இன்றும் என்றும் கம்யூனிஸ்ட் அறிக்கை,பில் கஸ்பர்/கே.சிப்பிரமணியம்,விடியல் பதிப்பகம்,2018,600.00,அரசியல்,
5197,,5197,மார்க்சியம் இன்றும் என்றும் முலதனம்,டேவித் ஸ்மித்/ச.பிரபு தமிழன்,விடியல் பதிப்பகம்,2018,600.00,அரசியல்,
5198,,5198,மார்க்சியம் இன்றும் என்றும் மாந்தர் கையில் பூவுலகு,பரிதி,விடியல் பதிப்பகம்,2018,600.00,அரசியல்,
5250,,5250,ஓளவையாரின் அறநூல்கள் ,அ.சா.குருசாமி,சுரா புக்ஸ் லிமிட்,,20.00,இலக்கியம்,
5251,,5251,புது மெருகு,அ.சீனிவாசராகவன்,மெர்க்குரி புத்தகக் கம்பெனி,1961,3.00,இலக்கியம்,
5252,,5252,தொல்காப்பிய சூத்திரவிருத்தி,அம்பலவானதேசிக சுவமிகள்,,1968,,இலக்கியம்,
5253,,5253,புலவர் விடுதூது,அரங்கசாமி,திருக்குறள் பதிப்பகம்,1960,1.00,இலக்கியம்,
5254,,5254,பூம்புகார் பதிப்பகம்,அறுவர்,,,,இலக்கியம்,
5255,,5255,இதய விழுதுகள்,அனு.வெண்ணிலா,திவ்யா பதிப்பகம்,1996,25.00,இலக்கியம்,
5256,,5256,குறள் கண்ட வாழ்வு ,ஆ.ச.ஞானசம்பந்தன்,கங்கை புத்தக நிலையம்,1994,22.00,இலக்கியம்,
5257,,5257,கேட்டதும் கிடைத்ததும்,இரா.கனகசுப்புரத்தினம்,திறக்குறல் இராமையா பதிப்பகம்,1991,25.00,இலக்கியம்,
5258,,5258,தமிழ் விடுதூது,இராமச்சந்திரன்,மாயன் பதிப்பகம்,1998,32.00,இலக்கியம்,
5260,,5260,தொல்காப்பியம் (எழுத்திலக்கியம்),இளம்பூரணர்,,,,இலக்கியம்,
5261,,5261,கம்பன் கண்ட ராமன்,இஸ்மாயில்,வானதி பதிப்பகம்,,,இலக்கியம்,
5262,,5262,தமிழ் இலக்கியத்தில் தாய் தெய்வ வழிபாடு,எல்.சாமி,நியூ செஞ்சசுரி புக் ஹவுஸ்,1980,6.00,இலக்கியம்,
5263,,5263,கம்பனே போற்றி,எஸ்.என்.குப்புசாமி,கம்பன் பதிப்பகம்,1994,25.00,இலக்கியம்,
5265,,5265,காவியக் காலம் - III,எஸ்.வையாபுரிப்பிள்ளை,நியூ செஞ்சசுரி புக் ஹவுஸ்,1991,50.00,இலக்கியம்,
5266,,5266,உத்தர காண்டம் -  1,ஒட்டக்கூத்தர்,வர்த்தமானன் பதிப்பகம்,1998,200.00,இலக்கியம்,
5267,,5267,உத்தர காண்டம் -  2,ஒட்டக்கூத்தர்,வர்த்தமானன் பதிப்பகம்,1998,200.00,இலக்கியம்,
5268,,5268,காப்பிய மன்னர்கள்,கங்காதரன்,,1967,1.00,இலக்கியம்,
5269,,5269,திருக்குறள் காத்துப்பால் ,கண்ணதாசன்,கண்ணதாசன் பதிப்பகம்,2001,20.00,இலக்கியம்,
5270,,5270,மாதவி அரங்கேறினாள்,கமலையா,தமிழ்ப் பத்தகாலயம்,1975,7.50,இலக்கியம்,
5271,,5271,தெய்வீக சங்கமம்,கவிக்குயிலன்,மரகதம் பதிப்பகம்,1994,20.00,இலக்கியம்,
5272,,5272,மூவேந்தர் காதலியர்,கவிஞர்.கண்ணதாசன்,விசாலாட்சி நூற்பதிப்புக் கழகம்],1978,2.50,இலக்கியம்,
5273,,5273,உலக இலக்கியங்கள்,கா. அப்பாத்துரையார்,பூம்புகார் பதிப்பகம்,2005,35.00,இலக்கியம்,
5274,,5274,சுடர்வீ வேங்கை (பதிற்றுப்பத்து),கா.கோவிந்தன் ,எழிலகம்,1990,10.00,இலக்கியம்,
5278,,5278,குண்டலகேசி,கிவாஜ்,,,,இலக்கியம்,
5279,,5279,காப்பிய கருந்தோட்டம் ,கு.முத்தரசன் ,தேன்தமிழ் பதிப்பகம்,1980,17.00,இலக்கியம்,
5282,,5282,மேகலை நாடகம்,ச.சாம்பசிவனார்,வளவன் வெளியீடு,1986,10.00,நாடகம்,
5284,,5284,ஐங்குறு நூறு - 2,சங்க இலக்கியம்,வர்த்தமானன் பதிப்பகம்,2001,750.00,இலக்கியம்,
5285,,5285,கலித்தொகை -  1,சங்க இலக்கியம்,வர்த்தமானன் பதிப்பகம்,1999,750.00,இலக்கியம்,
5286,,5286,கலித்தொகை -  2,சங்க இலக்கியம்,வர்த்தமானன் பதிப்பகம்,2000,750.00,இலக்கியம்,
5287,,5287,நற்றிணை (களிற்றிலா),சங்க இலக்கியம்,வர்த்தமானன் பதிப்பகம்,1999,750.00,இலக்கியம்,
5288,,5288,பத்துப் பாட்டு -  1,சங்க இலக்கியம்,வர்த்தமானன் பதிப்பகம்,2000,750.00,இலக்கியம்,
5289,,5289,பத்துப் பாட்டு -  2,சங்க இலக்கியம்,வர்த்தமானன் பதிப்பகம்,1999,750.00,இலக்கியம்,
5290,,5290,பதிற்றுப் பத்து,சங்க இலக்கியம்,வர்த்தமானன் பதிப்பகம்,1999,125.00,இலக்கியம்,
5291,,5291,பரிபாடல்,சங்க இலக்கியம்,வர்த்தமானன் பதிப்பகம்,1999,750.00,இலக்கியம்,
5292,,5292,தேசிங்குராஜன் ,சண்முகசுந்தரம்,பூம்புகார் பதிப்பகம்,1983,,இலக்கியம்,
5293,,5293,நளாயினி வெண்பா,சன்முகமுதலியார்,இலட்சுமி அச்சு எந்திர சாலை,1967,,இலக்கியம்,
5296,,5296,தனிப்பாடல் திரட்டு,சிவ.கன்னியப்பன்,முல்லை நிலையம்,1996,80.00,இலக்கியம்,
5297,,5297,சிற்பியின் கட்டுரைகள்,சிற்பி,மணிவாசகர் பதிப்பகம்,2027,110.00,கவிதைகள்,
5298,,5298,நாட்டுப்புற இலக்கியத்தின் செல்வாக்கு,சு.சண்முகசுந்தரம்,இலக்கிய மாணவர் வெளியீடு,1976,6.00,இலக்கியம்,
5299,,5299,நாலடியார் ,ஞா.மாணிக்கவாசகன்,உமா பதிப்பகம்,1998,15.00,இலக்கியம்,
5301,,5301,இலக்கிய இன்பங்கள்,தங்கவயல்.லோகிதாசன்,தங்கவயல் பதிப்பகம்,1987,8.00,இலக்கியம்,
5302,,5302,பிழையில்லாமல் தமிழ் எழுதுவது எப்படி ?,தமிழ்வாணன்,மணிமேகலை பிரசுரம்,1996,28.00,மொழியியல்,
5303,,5303,அனுமார் புராணம் ,தமிழ்வாணன்,மணிமேகலை பிரசுரம்,1985,16.00,இலக்கியம்,
5304,,5304,திருக்குறளுக்கு எளிய உரை ,தமிழ்வாணன்,மணிமேகலை பிரசுரம்,1995,40.00,இலக்கியம்,
5305,,5305,மருமக்கள் வழி மான்மியம் ,தேசிகவிநாயகம்,பாரி நிலையம்,1994,17.00,இலக்கியம்,
5307,,5307,இலக்கணக்குறிப்பு கண்டுபிடிப்பது எப்படி?,நாராயணபாரதி,எழில்நிலா பதிப்பகம்,2000,10.00,மொழியியல்,
5308,,5308,தஞ்சைவாணன் கோவை,நாற்கவிரசநம்பி,தி.சை.சி.நூற்பதிப்புக் கழகம்,,,இலக்கியம்,
5311,,5311,பாரதிதாசன் ஆத்திச்சூடி,பழநி.அரங்கசாமி,எமரல்ட் ,1992,10.00,இலக்கியம்,
5312,,5312,கலிங்கத்துப் பரணி,பழனிவேல் பிள்ளை,திருநெல்வேலித் தென்னிந்திய சைவசித்தாந்த நூற்பதிப்புக் கழகம்,1950,,இலக்கியம்,
5313,,5313,திருப்பாவை திருவெம்பாவை ,பா.அன்பரசு ,நர்மதா பதிப்பகம்,2001,20.00,இலக்கியம்,
5314,,5314,"சித்தர்நூல்களில் அகத்தியர், திருவள்ளுவர் வரலாறு  ",பா.கமலக்கண்ணன்,வானதி பதிப்பகம்,1993,16.00,இலக்கியம்,
5316,,5316,பாண்டியன் பரிசு ,பாரதிதாசன் ,பூம்புகார் பதிப்பகம்,1992,13.00,இலக்கியம்,
5317,,5317,இயற்றமிழ் இலக்கணம்,தேவநேயப்பாவாணர்,தமிழ்மண் பதிப்பகம்,2000,90.00,மொழியியல்,
5319,,5319,இராவண காவியம்,புலவர் குழந்தை ,சாரதா பதிப்பகம்,2019,1000.00,இலக்கியம்,
5322,,5322,அகநானூறு (தெளிவுரை),புலியூர்.கேசிகன்,பாரி நிலையம்,1987,,இலக்கியம்,
5323,,5323,ஐந்தினை வளம்,புலியூர்.கேசிகன்,பரமேஸ்வரா பதிப்பகம்,1963,2.50,இலக்கியம்,
5324,,5324,ஒளவையார் தனிப்பாடல்கள்,புலியூர்.கேசிகன்,பாரி நிலையம்,1988,15.00,இலக்கியம்,
5325,,5325,கலிங்கத்துப்பரணி,புலியூர்கேசிகன்,பாரி நிலையம்,1994,35.00,இலக்கியம்,
5326,,5326,குறுந்தொகை (தெளிவுரை),புலியூர்.கேசிகன்,பாரி நிலையம்,1978,12.00,இலக்கியம்,
5328,,5328,நளவெண்பா ,புலியூர்கேசிகன்,பாரி நிலையம்,1995,25.00,இலக்கியம்,
5333,,5333,இலக்கிய சோலை,மகாகவி பாரதியார்,வானவில் பிரசுரம்,1978,5.00,இலக்கியம்,
5334,,5334,பதிற்றுப் பத்து,மி.பொன்.ராமநாதசெட்டியார் ,அருணா பப்ளிகேசன்,1964,2.75,இலக்கியம்,
5335,,5335,தமிழ் வீரம்,மு.அப்துல்கரீம்,வானதி பதிப்பகம்,1994,32.00,இலக்கியம்,
5339,,5339,நல்லதமிழ் அறிவோம்   ,முத்துக்கன்னப்பன் ,கங்கை புத்தக நிலையம்,1996,25.00,இலக்கியம்,
5340,,5340,நல்லதமிழ் அறிவோம்   ,முத்துக்கன்னப்பன் ,கங்கை புத்தக நிலையம்,1996,25.00,இலக்கியம்,
5341,,5341,தஞ்சைவாணன் கோவை,மே.வீ.வேணுகோபால்,அப்பாதுரை பிள்ளை பதிப்பகம்,1951,3.00,இலக்கியம்,
5343,,5343,சீவகசிந்தாமணி,ரா.சீனிவாசன்,அணியகம்,1994,25.00,இலக்கியம்,
5344,,5344,தமிழ்ப் பாவியல்,ரா.சீனிவாசன்,அணியகம்,1980,12.00,இலக்கியம்,
5345,,5345,மொழியியல்,ரா.சீனிவாசன்,அணியகம்,1980,10.00,இலக்கியம்,
5348,,5348,புதுக் கவிதையின் தோற்றமும் வளர்ச்சியும்,வல்லிக்கண்ணன்,அகரம் பதிப்பகம்,1994,100.00,இலக்கியம்,
5350,,5350,பரவட்டும் தமிழிசை,வைகோ,ம.தி.மு.க மாநில மகளிரணி,2000,10.00,இலக்கியம்,
5351,,5351,சங்க இலக்கியம் (பாட்டும் தொகையும்),வையாபுரிபிள்ளை,பாரி நிலையம்,1967,12.00,இலக்கியம்,
5352,,5352,பாரதி பாடம் ,ஜெயகாந்தன் ,கலைஞன் பதிப்பகம்,1981,4.50,இலக்கியம்,
5353,,5353,ஐம்பெரும் காப்பியங்கள் - 1,ஸ்ரீசந்திரன் ,தமிழ் நிலையம்,1998,300.00,இலக்கியம்,
5354,,5354,ஐம்பெரும் காப்பியங்கள் - 2,ஸ்ரீசந்திரன் ,தமிழ் நிலையம்,1998,300.00,இலக்கியம்,
5355,,5355,ஐம்பெரும் காப்பியங்கள் - 3,ஸ்ரீசந்திரன் ,தமிழ் நிலையம்,1998,300.00,இலக்கியம்,
5356,,5356,ஐம்பெரும் காப்பியங்கள் - 4,ஸ்ரீசந்திரன் ,வர்த்தமானன் பதிப்பகம்,1998,100.00,இலக்கியம்,
5357,,5357,ஐம்பெரும் காப்பியங்கள் - 5,ஸ்ரீசந்திரன் ,தமிழ் நிலையம்,1998,100.00,இலக்கியம்,
5358,,5358,திருவிளையாடற் புராணம் - 1,ஸ்ரீசந்திரன் ,வர்த்தமானன் பதிப்பகம்,1998,500.00,இலக்கியம்,
5359,,5359,திருவிளையாடற் புராணம் - 2,ஸ்ரீசந்திரன் ,வர்த்தமானன் பதிப்பகம்,1998,500.00,இலக்கியம்,
5360,,5360,திருவிளையாடற் புராணம் - 3,ஸ்ரீசந்திரன் ,வர்த்தமானன் பதிப்பகம்,1998,500.00,இலக்கியம்,
5361,,5361,திருவிளையாடற் புராணம் - 4,ஸ்ரீசந்திரன் ,வர்த்தமானன் பதிப்பகம்,1998,500.00,இலக்கியம்,
5362,,5362,திருவிளையாடற் புராணம் - 5,ஸ்ரீசந்திரன் ,வர்த்தமானன் பதிப்பகம்,1998,500.00,இலக்கியம்,
5363,,5363,நாலடியார் தெளிவுரை,ஸ்ரீராமதேசிகன்,கங்கை புத்தக நிலையம்,1990,25.00,இலக்கியம்,
5364,,5364,ஐங்குறு நூறு,பொ.வே.சோமசுந்தரனார் உரை,தி.சை.சி.நூற்பதிப்புக் கழகம்,1972,,இலக்கியம்,
5367,,5367,அகநானூறு - 1,மாணிக்கனார் உரை,வர்த்தமானன் பதிப்பகம்,2000,,இலக்கியம்,
5368,,5368,அகநானூறு - 2,மாணிக்கனார் உரை,வர்த்தமானன் பதிப்பகம்,2000,,இலக்கியம்,
5369,,5369,அகநானூறு - 3,மாணிக்கனார் உரை,வர்த்தமானன் பதிப்பகம்,2001,,இலக்கியம்,
5373,,5373,பறை-2015,வேமு.பொதிய வெற்பன்,மணல்வீடு வெளியீடு,2015,150.00,இலக்கியம்,
5374,,5374,பின்நவீனத்துவம் என்றால் என்ன?,எம்.ஜி.சுரேஷ்,அடையாளம்,2009,100.00,கட்டுரைகள்,
5375,,5375,அற்றைத் திங்கள் அவ்வெண்ணிலவில்...,ந.முருகேசபாண்டியன்,நியூ செஞ்சுரி புக் ஹவுஸ்,2014,215.00,இலக்கியம்,
5376,,5376,சொலவடைகளும் சொன்னவர்களும்,ச.மாடசாமி,சூரியன் பதிப்பகம்,2015,200.00,இலக்கியம்,
5377,,5377,பதினெட்டு சித்தர்களின் முக்கிய பாடல்களும் விளக்கமும்,தமிழ்ப்ரியன்,நர்மதா,2018,250.00,இலக்கியம்,
5378,,5378,குடும்ப விளக்கு (பாவேந்தர் பாரதிதாசன்),பாவேந்தர்,நர்மதா,2015,100.00,கவிதைகள்,
5379,,5379,உரைநடைத் தமிழில் ஐம்பெரும் காப்பியங்கள்,எம்.நாராயண வேலுப்பிள்ளை,நர்மதா,2017,100.00,இலக்கியம்,
5381,,5381,சங்க இலக்கியம் வழங்கும் பத்துப்பாட்டு ,எம்.நாராயணவேலுப்பிள்ளை ,நர்மதா பதிப்பகம்,2016,70.00,இலக்கியம்,
5382,,5382,ராமானுஜ காவியம்,வாலி,வாலி பதிப்பகம்,2014,150.00,ஆன்மீகம்,
5383,,5383,தமிழாற்றுப்படை,வைரமுத்து,திருமகள்,,,கவிதைகள்,
5403,,5403,ம்யூச்சுவல்பண்ட்,ஆர்.வெங்கடேஷ்,கிழக்கு பதிப்பகம் ,2007,80.00,பொது அறிவு,
5404,,5404,விளம்பர யுத்திகள்,ஆர்தர்,கண்ணதாசன் பதிப்பகம் ,1993,12.00,தொழில்,
5405,,5405,ஐ.ஏ.எஸ். களஞ்சியம்,இ.சுசில் குமார்,அனுராதா ஏ​ஜென்சிஸ் ,2002,75.00,பொது அறிவு,
5406,,5406,வரிவரியாக சிரி ,இரா.பாலசுப்ரமணியம்,கிழக்கு பதிப்பகம் ,2005,80.00,பொது அறிவு,
5407,,5407,நம்மால் முடியும் தம்பிநம்பு,உதய மூர்த்தி,வானதி பதிப்பகம் ,1991,14.00,தொழில்,
5409,,5409,வீடியோ ​​கேஸட் ரெக்கார்டர் மெக்கானிசம்,எலக்ட்ரான்,பாலாஜி பப்ளிஷர்ஸ் ,1994,7.00,தொழில்,
5410,,5410,இன்போசிஸ் நாராயணமூர்த்தி ,என்.சொக்கன்,கிழக்கு பதிப்பகம் ,2007,70.00,வாழ்க்கை வரலாறு,
5411,,5411,அயல் சினிமா,எஸ்.ராமகிருஷ்ணன்,உயிர்​மை பதிப்பகம் ,2007,75.00,பொது அறிவு,
5412,,5412,எளியமுறையில் மோட்டார் சைக்கிள் பழுதுபார்ர்கும் முறைகள்,ஏ.கே.சேஷய்யா,மயிலவன் பதிப்பகம்,1989,10.50,தொழில்,
5414,,5414,எழுத்தச்சியல்  ,கலைமணி கல்வி டிரஸ்ட்,க​லைமணி கல்வி டிரஸ்ட் ,1984,,தொழில்,
5415,,5415,டேப்பை ரெக்கார்டர் மெக்கானிசம் ரிப்​பேர்ஸ்,கோவிந்தசாமி,​ஜெமினி இன்ஸ்டியூட் ஆப் இன்ஜினியரிங்,1983,20.00,தொழில்,
5416,,5416,தரமாக வாழுங்கள் (ISO 9001),சிபி.கே.சாலமன்,கிழக்கு பதிப்பகம் ,2007,70.00,பொது அறிவு,
5417,,5417,காம்plan பாய் ஆகலாமா ?,சிபி.கே.சாலமன்,கிழக்கு பதிப்பகம் ,2006,60.00,பொது அறிவு,
5418,,5418,ஸ்கிரீன் பிரிண்டிங் ,சிவ.சுப்பிரமணியம்,நர்மதா பதிப்பகம்,2000,25.00,தொழில்,
5419,,5419,விதையின் கதை ,ஞானவேல் ,​தோழி ​வெளியீடு ,2011,,வாழ்க்கை வரலாறு,
5420,,5420,235 நாற்காலி மாதிரிகள் ,தமிழ்வாணன் ,மணி​மேக​லை பதிப்பகம் ,1990,20.00,தொழில்,
5421,,5421,265 வகையான வீடு ஷோகேஸ் மாதிரி ,தமிழ்வாணன் ,மணி​மேக​லை பதிப்பகம் ,1994,20.00,தொழில்,
5422,,5422,எம்ப்ரோடாரி சித்திரத்​தையல் ,தமிழ்வாணன் ,மணி​மேக​லை பதிப்பகம் ,1994,22.00,தொழில்,
5423,,5423,கட்டிட விரிசல்களை சரி செய்வது எப்படி ?,தமிழ்வாணன் ,மணி​மேக​லை பதிப்பகம் ,1994,16.00,தொழில்,
5425,,5425,கம்ப்யூட்டர் மொழிகள்,தமிழ்வாணன் ,மணி​மேக​லை பதிப்பகம் ,1992,15.00,தொழில்,
5426,,5426,"குடிநீர், கழிவுநீர் குழாய்க​ளை  அமைப்பது எப்படி ",தமிழ்வாணன் ,மணி​மேக​லை பதிப்பகம் ,1990,14.00,தொழில்,
5428,,5428,கைப்பந்து விளையாட கற்றுக்கொள்,தமிழ்வாணன் ,மணி​மேக​லை பதிப்பகம் ,1994,11.50,தொழில்,
5429,,5429,சிக்கனமாக இருக்க சில வழிகள்,தமிழ்வாணன் ,மணி​மேக​லை பதிப்பகம் ,1992,15.00,தொழில்,
5430,,5430,சுயமாக தொழில் தொடங்க வழிகள் ,தமிழ்வாணன் ,மணி​மேக​லை பதிப்பகம் ,1990,20.00,தொழில்,
5431,,5431,தச்சு வேலை செய்வது எப்படி ?,தமிழ்வாணன் ,மணி​மேக​லை பதிப்பகம் ,1994,18.00,தொழில்,
5433,,5433,நீங்களும் சொந்த வீடு கட்டலாம்,தமிழ்வாணன்,மணி​மேக​லை பதிப்பகம் ,1989,8.00,தொழில்,
5434,,5434,பாதுகாப்பாக வீடு கட்டுவது எப்படி ?,தமிழ்வாணன்,மணி​மேக​லை பதிப்பகம் ,1990,9.00,தொழில்,
5435,,5435,பிளாஸ்டிக் பொருட்கள் தயாரிப்பது எப்படி ?,தமிழ்வாணன் ,மணி​மேக​லை பதிப்பகம் ,1993,16.50,தொழில்,
5436,,5436,புத்தகங்களை ​பைண்ட செய்வது எப்படி ?,தமிழ்வாணன்,மணி​மேக​லை பதிப்பகம் ,1984,10.00,தொழில்,
5437,,5437,ரப்பர் ஸ்டாம்ப் செய்வது எப்படி,தமிழ்வாணன் ,மணி​மேக​லை பதிப்பகம் ,1994,19.00,தொழில்,
5438,,5438,வங்கிகளில் கடன் பெறுவது எப்படி ?,தமிழ்வாணன் ,மணி​மேக​லை பதிப்பகம் ,1996,19.00,தொழில்,
5439,,5439,பாதுகாப்பாக வீடு கட்டுவது எப்படி,தமிழ்வாணன் ,மணி​மேக​லை பதிப்பகம் ,1990,9.00,தொழில்,
5440,,5440,வீடுகளில் நீர்க்கசிவு தடுப்பது எப்படி,தமிழ்வாணன் ,மணி​மேக​லை பதிப்பகம் ,1994,13.00,தொழில்,
5441,,5441,வீடுகளுக்கான பிளான்,தமிழ்வாணன் ,மணி​மேக​லை பதிப்பகம் ,1995,30.00,தொழில்,
5442,,5442,இனி விதைகளே  பேராயுதம்,நம்மாழ்வார்,இயல்வா​கை,2012,18.00,தொழில்,
5443,,5443,வரவு காக்கும் வணிகம்,நல்லிகுப்புசாமி செட்டியார்,Brain Bank ,2004,50.00,தொழில்,
5445,,5445,தொலைக்காட்சி உலகம்,பவா.சமத்துவம்,புதுயுகம் ​செய்மு​றை ,2007,300.00,தொழில்,
5448,,5448,இலக்கிய சித்திரங்களும் கொஞ்சம் சினிமாவும்,பூ.ஞானசம்பந்தம்,விகடன் பதிப்பகம் ,2009,85.00,தொழில்,
5449,,5449,"ஆடு, மாடு, பண்ணைகளை பராமரிப்பது எப்படி",மணிமேகலை,மணி​மேக​லை பதிப்பகம் ,1983,8.00,தொழில்,
5450,,5450,பழங்காலத் தமிழர் வணிகம் சங்ககாலம் ,மயிலைசீனி.வேங்கடசாமி,நியு​செஞ்சுரி புக் ஹவுஸ்,2011,80.00,மொழியியல்,
5451,,5451,ட்ரான் சிஸ்டர் ரிபேரிங்,மின்னனு,பாலாஜி பப்ளிஷர்ஸ் ,1995,7.00,தொழில்,
5452,,5452,மொபெட் & மோட்டார் சைக்கிள் மெக்கானிசம் ,மின்ன்னு,பாலாஜி பப்ளிகேஷன்,1986,12.00,தொழில்,
5453,,5453,படுகளம் ,முத்துவேலழகன்,கார்முகில் பதிப்பகம் ,2011,100.00,பொது அறிவு,
5454,,5454,பிசினஸ் மகா மகா ராஜாக்கள்,ரஞ்சனா,குமுதம் புதுத்தகம் ,2004,60.00,வாழ்க்கை வரலாறு,
5455,,5455,அழகிய எழுத்துக்கள் எழுதுவது எப்படி?,ரவி ராஜ்,,,30.00,தொழில்,
5456,,5456,விளம்பரம் செய்வது எப்படி ,ரவிராஜ்,நியு​செஞ்சுரி புக் ஹவுஸ்,1988,9.00,தொழில்,
5457,,5457,செலவைக் குறைப்பது எப்படி,ரிச்சர்ட்டெம்ப்ளேர்,Pearson ,2010,100.00,பொது அறிவு,
5459,,5459,கோவணாண்டி கடிதங்கள் -2,விகடன் பிரசுரம்,விகடன் பதிப்பகம் ,2010,70.00,பொது அறிவு,
5460,,5460,தமிழ் சினிமாவின் பரிமாணங்கள்,விட்டால் ராவ் ,நிழல் பதிப்பகம் ,2003,100.00,பொது அறிவு,
5461,,5461,ஒரு பொருளாதார அடியாள் ஒப்புதல் வாக்குமூலம்,ஜான் பெர்கின்ஸ் ,விடியல் பதிப்பகம் ,2008,,பொது அறிவு,
5462,,5462,களவுத்  தொழிற்சாலை ,ஜெ.பிஸ்மி,சாரு பிரியா பப்ளி​கேஷன்ஸ்,2006,60.00,பொது அறிவு,
5463,,5463,எழுத்தச்சியல்  (பகுதி 1 & 2 ),,க​லைமணி கல்வி டிரஸ்ட் ,1980,,தொழில்,
5465,,5465,பிரபலமானவர்களின் விலாசங்கள்,,மணி​மேக​லை பதிப்பகம் ,2002,120.00,பொது அறிவு,
5466,,5466,கவின்மிகு கைவினைப் பொருட்கள் - செய்முறையும் விளக்கமும்,ஷில்பா சற்குணம்,நர்மதா,2012,100.00,தொழில்,
5500,,5500,ரிஸர்வேசன்  ரைட் பார் SC/ST,அம்பேத்கர்,All India P&T SC/ST ,2009,300.00,சட்டம்,
5502,,5502,கூலி கொடுப்பு சட்டம் 1936,இரத்தினசபாபதி,​தொழிலாளர் கல்வி ,,,சட்டம்,
5503,,5503,மனித உரிமைகள் ,இராஜ முத்திருளாண்டி,நியு​செஞ்சுரி புக் ஹவுஸ்,2009,85.00,சட்டம்,
5504,,5504,சோவியத் தொழிற்சங்கங்கள் ,எம்.கல்யாணசுந்தரம் ,ஏ.எஸ்.​கே.நி​னைவு,1982,8.00,சட்டம்,
5505,,5505,நீதிமன்ற நினைவுகள்,எஸ்.மகராஜன்,வானதி பதிப்பகம் ,1984,7.00,சட்டம்,
5506,,5506,குறைதீர்க்கும் முறை ,கே.ஆர்.கம்போர்,​தொழிலாளர் கல்வி ,1987,,சட்டம்,
5507,,5507,இந்திய தொழிற்சங்க இயக்கம் ,கே.எம்.மாத்யூ,​தொழிலாளர் கல்வி ,1989,,சட்டம்,
5509,,5509,அம்பேத்கரும் தலித் மனித உரி​மை போராட்டமும்,சி .என்.குமாரசாமி,தமிழ்ப் புத்தகாலயம் ,2001,122.00,அரசியல்,
5510,,5510,தகவல் பெறும் உரிமைச்சட்டம்,சிவா.இளங்கோ,மக்கள் சக்தி பதிப்பகம் ,2009,100.00,சட்டம்,
5511,,5511,நீங்களும் கோர்ட்டில் வாதாடலாம்,செந்தமிழ்க்கிழார்,புதும​லர் புத்தக ஆலயம் ,2001,10.00,சட்டம்,
5512,,5512,வழக்கறினாரால் பாதிப்பா ?,செந்தமிழ்க்கிழார்,புதும​லர் புத்தக ஆலயம் ,2001,20.00,சட்டம்,
5513,,5513,வழக்கறினாரால் பாதிப்பா ?,செந்தமிழ்க்கிழார்,புதும​லர் புத்தக ஆலயம் ,2001,20.00,சட்டம்,
5517,,5517,முப்படை வீரர்களுக்கான சட்டம்,தமிழ்வாணன்,மணி​மேக​லை பதிப்பகம் ,1988,14.00,சட்டம்,
5519,,5519,இந்திய சாட்சிய சட்டம் ,நடராசன்,பாலாஜி பப்ளி​​கேஷன்ஸ் ,2000,18.00,சட்டம்,
5520,,5520,இந்திய தண்டனை சட்டம்,நடராசன்,பாலாஜி பப்ளி​​கேஷன்ஸ் ,2005,40.00,சட்டம்,
5521,,5521,காவல் சட்டங்கள்,நடராசன்,பாலாஜி பப்ளி​​கேஷன்ஸ் ,2005,20.00,சட்டம்,
5522,,5522,குற்ற விசாரணை முறைச்சட்டம்,நடராசன்,பாலாஜி பப்ளி​​கேஷன்ஸ் ,2002,70.00,சட்டம்,
5523,,5523,வெற்றிக்கான விதிகள் ,நெப்போலியன் ,பி.வி. பப்ளி​கேஷன்ஸ்,2009,110.00,தன்முன்னேற்ற நூல்கள்,
5524,,5524,தொழிலாளர் சட்ட கையேடு ,ப.விருத்தகிரி,நியு​செஞ்சுரி புக் ஹவுஸ்,1975,,சட்டம்,
5527,,5527,நிர்வாக விதிகள் ,ரிச்சர்டு,Pearson ,2007,150.00,சட்டம்,
5529,,5529,இந்திய தத்துவ இயல் ,வின்.என்.ராகவன்,அ​லைகள் ​வெளியீடு,2007,125.00,சட்டம்,
5530,,5530,சென்னை பெருநகர தொழிற்சங்க வரலாறு ,வீரராகவன்,அ​லைகள் ​வெளியீடு,2003,150.00,அரசியல்,
5531,,5531,இந்திய அரசியலமைப்பு சட்டம்,வெங்கடாச்சலம்,தாம​ரை பப்ளி​கேஷன்ஸ்,2005,140.00,சட்டம்,
5534,,5534,"தொழிலாக நல்வாழ்வும், பாதுக்காப்பும் ",,​தொழிலாளர் கல்வி ,1989,,சட்டம்,
5535,,5535,தொழிற்சங்க கூட்டங்கள் ,,​தொழிலாளர் கல்வி ,1989,,சட்டம்,
5540,,5540,அம்பேத்கர் அரசியல் சாசனம் தொகுப்பு - 3,அம்​பேத்கர் ,இந்திய அரசு ​வெளியீடு ,2008,145.00,சட்டம்,
5541,,5541,அம்பேத்கர் அரசியல் சாசனம் தொகுப்பு - 4,அம்​பேத்கர் ,இந்திய அரசு ​வெளியீடு ,1994,140.00,சட்டம்,
5542,,5542,அம்பேத்கர் அரசியல் சாசனம் தொகுப்பு - 5,அம்​பேத்கர் ,இந்திய அரசு ​வெளியீடு ,1994,140.00,சட்டம்,
5543,,5543,அம்பேத்கர் அரசியல் சாசனம் தொகுப்பு - 6,அம்​பேத்கர் ,இந்திய அரசு ​வெளியீடு ,2008,110.00,சட்டம்,
5544,,5544,அம்பேத்கர் அரசியல் சாசனம் தொகுப்பு - 7,அம்​பேத்கர் ,இந்திய அரசு ​வெளியீடு ,2008,155.00,சட்டம்,
5545,,5545,அம்பேத்கர் அரசியல் சாசனம் தொகுப்பு - 8,அம்​பேத்கர் ,இந்திய அரசு ​வெளியீடு ,2008,140.00,சட்டம்,
5546,,5546,அம்பேத்கர் அரசியல் சாசனம் தொகுப்பு - 9,அம்​பேத்கர் ,இந்திய அரசு ​வெளியீடு ,1999,110.00,சட்டம்,
5547,,5547,அம்பேத்கர் அரசியல் சாசனம் தொகுப்பு - 10,அம்​பேத்கர் ,இந்திய அரசு ​வெளியீடு ,2008,140.00,சட்டம்,
5548,,5548,அம்பேத்கர் அரசியல் சாசனம் தொகுப்பு - 11,அம்​பேத்கர் ,இந்திய அரசு ​வெளியீடு ,2008,140.00,சட்டம்,
5549,,5549,அம்பேத்கர் அரசியல் சாசனம் தொகுப்பு - 12,அம்​பேத்கர் ,இந்திய அரசு ​வெளியீடு ,,140.00,சட்டம்,
5550,,5550,அம்பேத்கர் அரசியல் சாசனம் தொகுப்பு - 13,அம்​பேத்கர் ,இந்திய அரசு ​வெளியீடு ,2008,140.00,சட்டம்,
5551,,5551,அம்பேத்கர் அரசியல் சாசனம் தொகுப்பு - 14,அம்​பேத்கர் ,இந்திய அரசு ​வெளியீடு ,2008,110.00,சட்டம்,
5552,,5552,அம்பேத்கர் அரசியல் சாசனம் தொகுப்பு - 15,அம்​பேத்கர் ,இந்திய அரசு ​வெளியீடு ,2008,140.00,சட்டம்,
5553,,5553,அம்பேத்கர் அரசியல் சாசனம் தொகுப்பு - 16,அம்​பேத்கர் ,இந்திய அரசு ​வெளியீடு ,1999,140.00,சட்டம்,
5554,,5554,அம்பேத்கர் அரசியல் சாசனம் தொகுப்பு - 17,அம்​பேத்கர் ,இந்திய அரசு ​வெளியீடு ,1999,110.00,சட்டம்,
5555,,5555,அம்பேத்கர் அரசியல் சாசனம் தொகுப்பு - 18,அம்​பேத்கர் ,இந்திய அரசு ​வெளியீடு ,2000,140.00,சட்டம்,
5556,,5556,அம்பேத்கர் அரசியல் சாசனம் தொகுப்பு - 19,அம்​பேத்கர் ,இந்திய அரசு ​வெளியீடு ,2000,105.00,சட்டம்,
5557,,5557,அம்பேத்கர் அரசியல் சாசனம் தொகுப்பு - 20,அம்​பேத்கர் ,இந்திய அரசு ​வெளியீடு ,2000,140.00,சட்டம்,
5558,,5558,அம்பேத்கர் அரசியல் சாசனம் தொகுப்பு - 21,அம்​பேத்கர் ,இந்திய அரசு ​வெளியீடு ,2000,140.00,சட்டம்,
5560,,5560,அம்பேத்கர் அரசியல் சாசனம் தொகுப்பு - 23,அம்​பேத்கர் ,இந்திய அரசு ​வெளியீடு ,2001,105.00,சட்டம்,
5561,,5561,அம்பேத்கர் அரசியல் சாசனம் தொகுப்பு - 24,அம்​பேத்கர் ,இந்திய அரசு ​வெளியீடு ,2001,140.00,சட்டம்,
5562,,5562,அம்பேத்கர் அரசியல் சாசனம் தொகுப்பு - 25,அம்​பேத்கர் ,இந்திய அரசு ​வெளியீடு ,2000,105.00,சட்டம்,
5563,,5563,அம்பேத்கர் அரசியல் சாசனம் தொகுப்பு - 26,அம்​பேத்கர் ,இந்திய அரசு ​வெளியீடு ,2002,140.00,சட்டம்,
5564,,5564,அம்பேத்கர் அரசியல் சாசனம் தொகுப்பு - 27,அம்​பேத்கர் ,இந்திய அரசு ​வெளியீடு ,2002,140.00,சட்டம்,
5565,,5565,அம்பேத்கர் அரசியல் சாசனம் தொகுப்பு - 28,அம்​பேத்கர் ,இந்திய அரசு ​வெளியீடு ,2002,140.00,சட்டம்,
5566,,5566,அம்பேத்கர் அரசியல் சாசனம் தொகுப்பு - 29,அம்​பேத்கர் ,இந்திய அரசு ​வெளியீடு ,2002,140.00,சட்டம்,
5567,,5567,அம்பேத்கர் அரசியல் சாசனம் தொகுப்பு - 30,அம்​பேத்கர் ,இந்திய அரசு ​வெளியீடு ,2002,140.00,சட்டம்,
5568,,5568,அம்பேத்கர் அரசியல் சாசனம் தொகுப்பு - 31,அம்​பேத்கர் ,இந்திய அரசு ​வெளியீடு ,2002,140.00,சட்டம்,
5569,,5569,அம்பேத்கர் அரசியல் சாசனம் தொகுப்பு - 32,அம்​பேத்கர் ,இந்திய அரசு ​வெளியீடு ,2003,140.00,சட்டம்,
5570,,5570,அம்பேத்கர் அரசியல் சாசனம் தொகுப்பு - 33,அம்​பேத்கர் ,இந்திய அரசு ​வெளியீடு ,2003,140.00,சட்டம்,
5571,,5571,அம்பேத்கர் அரசியல் சாசனம் தொகுப்பு - 34,அம்​பேத்கர் ,இந்திய அரசு ​வெளியீடு ,2003,140.00,சட்டம்,
5572,,5572,அம்பேத்கர் அரசியல் சாசனம் தொகுப்பு - 35,அம்​பேத்கர் ,இந்திய அரசு ​வெளியீடு ,2005,140.00,சட்டம்,
5573,,5573,அம்பேத்கர் அரசியல் சாசனம் தொகுப்பு - 36,அம்​பேத்கர் ,இந்திய அரசு ​வெளியீடு ,2005,140.00,சட்டம்,
5574,,5574,அம்பேத்கர் அரசியல் சாசனம் தொகுப்பு - 37,அம்​பேத்கர் ,இந்திய அரசு ​வெளியீடு ,2005,140.00,சட்டம்,
5575,,5575,இதையெல்லாம் நீங்க கண்டிப்பா தெரிஞ்சிக்கணும்,வழக்கறிஞர்.சி.பி.சரவணன்,வி​வேக் என்டர்பி​ரைஸிஸ் ,2016,120.00,சட்டம்,
5576,,5576,மோட்டார் வாகன சட்டம்,வழக்கறிஞர்.வி.யுவராஜ்,விகடன் பிரசுரம்,2016,125.00,சட்டம்,
5577,,5577,சட்டப் புத்தகம்,வழக்கறிஞர்.சி.பி.சரவணன்,Vivek Enterprises,2014,100.00,சட்டம்,
5578,,5578,காவிரி ஒப்பந்தம்,வழக்கறிஞர்.சி.பி.சரவணன்,We Can Books,2018,170.00,அரசியல்,
5579,,5579,சட்டத்தால் யுத்தம் செய்,நீதிபதி கே.சந்துரு,விகடன் பிரசுரம்,2017,135.00,சட்டம்,
5580,,5580,தகவல் அறியும் உரிமைச் சட்டம்,எஸ்.ஏ.எம்.பரக்கத் அலி,விகடன் பிரசுரம்,2016,125.00,சட்டம்,
5581,,5581,பாதுகாப்பாக வாகனம் ஓட்டுவது எப்படி,ஆர்.பி.ஜெயபிரபு,​ஜெமினி பதிப்பகம் ,2007,70.00,சட்டம்,
5582,,5582,தொழிலாளர்கள் நலச்சட்டங்கள்,சேசாசலம்,நர்மதா,2015,80.00,சட்டம்,
5583,,5583,இந்திய அரசியலமைப்புச் சட்டங்கள்,சி.எஸ்.தேவ்நாத்,நர்மதா,2017,300.00,சட்டம்,
5584,,5584,​சோவியத் அரசியல் சட்டம் ,​​சோ.​​சோ.கு.யூ,அயல்​மொழி பதிப்பகம்,,,சட்டம்,
5585,,5585,பாதி நீதியும் நீதி பாதியும்,கே.சந்துரு,தமிழ் திசை,2019,225.00,சட்டம்,
5586,,5586,வீடு நிலம் சொத்து சட்டங்கள்,வைதேகி பாலாஜி,கிழக்கு வெளியீடு,2018,200.00,சட்டம்,
5600,,5600,கலாச்சாரத்தில் வன்முறை,அ.மார்க்ஸ்,அ​டையாளம் ,2001,85.00,பொது அறிவு,
5603,,5603,அயோத்திதாசர் சிந்தனைகள் - 1,அலாய்சியஸ்,நாட்டார் வழக்காற்றியல் ஆய்வு​மையம் ,1999,300.00,அரசியல்,
5604,,5604,அயோத்திதாசர் சிந்தனைகள் - 2,அலாய்சியஸ்,நாட்டார் வழக்காற்றியல் ஆய்வு​மையம் ,1999,300.00,அரசியல்,
5605,,5605,புராண மதங்கள்,அறிஞர் அண்ணா,பாரதி நி​லையம் ,1996,12.00,அரசியல்,
5606,,5606,என்று நாம் புதிதாய் பிறப்போம்,அறிவுச்சுடர்,புவியரசி பதிப்பகம் ,1989,13.00,பொது அறிவு,
5608,,5608,ஒன்றே குலம் ஒருவனே தேவன்,ஆர்.எம்.வீ,க​லைவாணி புத்தகாலயம் ,1986,36.00,பொது அறிவு,
5609,,5609,சங்கீத சாரம்,ஆர்.வி.கிருஷ்ணன்,இசை த​கவல் ​தொடர்பு நி​லையம்,1992,18.00,பொது அறிவு,
5610,,5610,நாவல் நல்லுரைகள்,இராமதாசு,வானதி ,1975,2.00,பொது அறிவு,
5611,,5611,முதல் சுதந்திர தின விழா,கு.ஜெயலட்சுமி,சஞ்சீவியார் ,1992,20.00,பொது அறிவு,
5613,,5613,கருத்து குவியல்,எம்.பக்தவச்சலம்,பழனியப்பா பிரதர்ஸ் ,1966,6.50,பொது அறிவு,
5614,,5614,சாத்திர பேய்களும் சாதிக் கதைகளும்,எம்.வி.சுந்தரம்,நியூ​செஞ்சூரி ,1982,5.00,பொது அறிவு,
5615,,5615,மதுவும் மனித இனமும்,எஸ்.நவநீதகிருஷ்ணன்,கண்ணதாசன் ,1993,40.00,பொது அறிவு,
5617,,5617,சங்கீத கான போதினி ,ஏ.சுந்தரம் ,மியுசிக் புக் பப்ளி,2001,100.00,பொது அறிவு,
5619,,5619,ஞானிகளின் தோட்டம்,கவி புவியரசு,கண்ணதாசன் ,1998,24.00,பொது அறிவு,
5620,,5620,பொன்மணி புதையல்,கவி.புவியரசு,கண்ணதாசன் ,1999,28.00,பொது அறிவு,
5621,,5621,பார்வைகள்,கனிமொழி கருணாநிதி,திருமாள் ,1997,35.00,பொது அறிவு,
5622,,5622,சுலபமாக நீச்சல் கற்றுக்கொள்ளுங்கள்,இரா.பூபதி,வசந்தா பிரசுரம் ,1983,4.50,பொது அறிவு,
5624,,5624,வம்பு பேச்சு,கி.சாவித்ரி அம்மாள்,க​​லைமகள் காரியாலயம் ,1952,1.00,பொது அறிவு,
5625,,5625,வீடுகட்ட பணம் வேண்டுமா ?,ஆ.அயூப்,நவமணி ,1986,9.00,பொது அறிவு,
5627,,5627,வங்கக்கடலில் ஆதிவாசிகள்,குலமங்கள செல்வராசன்,குலமங்களம் ,1994,30.00,பொது அறிவு,
5628,,5628,"மது, மங்கை, மேதை ",குஷ்வந்த்சிங்,கண்ணதாசன் ,2001,36.00,பொது அறிவு,
5629,,5629,ஆங்கிலம் தமிழ் அகராதி ,கே.அப்பாத்துரை,திரு​நெல்​வேலி ​​தெ.​சை.சி.நூ.கழகம் ,2002,120.00,பொது அறிவு,
5630,,5630,இயந்திரம் என் சேவகன்,கே.எம்.ரங்கசாமி,​ஜோதி நி​லையம் ,1965,1.00,பொது அறிவு,
5631,,5631,கலைஞர் முதல் கலாப்ரியா வரை (நேர்காணல்),கோமல்சுவாமிநாதன்,நர்மதா பதிப்பகம் ,1997,200.00,பொது அறிவு,
5632,,5632,தமிழில் விடுகதைகள்,ச.வே.சுப்பிரமணியன்,உலக தமிழாரய்ச்சி நிறுவனம் ,1975,12.00,பொது அறிவு,
5634,,5634,இன்று ஒரு தகவல்,சி.எம்.இரத்தினசாமி,க​லைவாணி புத்தகாலயம் ,1990,22.00,பொது அறிவு,
5636,,5636,கற்றதும் பெற்றதும்,சுஜாதா,விசா பப்ளி ,2001,78.00,பொது அறிவு,
5638,,5638,உண்மைகளின் ஊர்வலம்,செ.அரிமா,திலகவதி ,1996,25.00,பொது அறிவு,
5639,,5639,தண்முக ஓவியம்,செ.ஆர்.ரவீந்திரன்,கண்ணதாசன் ,1999,28.00,பொது அறிவு,
5640,,5640,கதை சொல்லும் கடிதங்கள்,செந்தமிழ்க்கிழார்,புதுமலர் புத்தகாலயம் ,1999,,பொது அறிவு,
5642,,5642,அண்ணல் காந்தியின் அன்பு நெறி,சேஷகிரி,ருத்ரா பதிப்பகம் ,1968,1.00,பொது அறிவு,
5643,,5643,கலகக்காரர்களும் எதிர்கதையாடல்களும்,டி.தருமராஜ்,கல்லாத்தி ,2001,230.00,பொது அறிவு,
5644,,5644,அதிவீரராம பாண்டியனின் அறநெறி,தங்க வயல் லோகிதாசன்,தங்கவயல் பதிப்பகம் ,1991,12.00,பொது அறிவு,
5645,,5645,அமெரிக்கா காந்தி ஆபிரகாம் லிஙகன்,தங்க வயல் லோகிதாசன்,ஓரி நி​லையம் ,1990,9.00,பொது அறிவு,
5647,,5647,உலகமகா ஓவியங்கள்,தங்க வயல் லோகிதாசன்,ஓரி நி​லையம் ,1995,24.00,பொது அறிவு,
5650,,5650,ராதாகிருஷ்ணன் பேருரைகள்,திரவியம்,பழனியப்பா பிரதர்ஸ் ,1963,11.00,பொது அறிவு,
5651,,5651,முடியா ? காதலா ? சீர்திருத்தமா ?,திரு.வி.க,பாரி நி​லையம் ,1968,16.00,பொது அறிவு,
5654,,5654,பெரியாரியல்,தெ.கோ.சாமிநாதன்,திருமகள் நி​லையம் ,1996,18.00,அரசியல்,
5655,,5655,மேதைகள் வாழ்வில் சுவையான நிகழ்ச்சிகள்,தெ.ப.பெருமாள்,வானதி பதிப்பகம் ,1970,1.75,பொது அறிவு,
5656,,5656,நக்கீரன் இயர்புக் 2010,நக்கீரன்,நக்கீரன்,,100.00,பொது அறிவு,
5658,,5658,ஓவியக்கலை ,நா.முகம்மது செரீபு,தமிழக அரசின் வளர்ச்சித் து​றை,1980,5.00,பொது அறிவு,
5660,,5660,பெண்களுக்கான பல்சுவைமலர் ,நிரஞ்சனா ,குமரன் பதிப்பகம் ,2000,200.00,பொது அறிவு,
5661,,5661,எண்ண அலைகள்,நீ.து.சுந்தரவடிவேலு,முருகன் கம்​பெனி ,1964,2.40,பொது அறிவு,
5663,,5663,மகாத்மாவின் மணிமொழிகள்,பாமரன்,கீதா பிரசுரம் பிரஸ் ,1995,10.00,பொது அறிவு,
5664,,5664,உளவாளிகளும் உளவு பார்த்தலும்,பி.சி.கணேசன்,நர்மதா பதிப்பகம் ,1986,15.00,பொது அறிவு,
5665,,5665,உள்ளக் கடலின் உணர்வலைகள்,பூவை அமுதன்,கவிதா பப்ளி​கேஷன் ,1994,18.00,பொது அறிவு,
5666,,5666,அர்த்தமற்ற இந்துமதம் - 2,மஞ்சை.வசந்தன்,திராவிடர் கழக ​​வெளியீடு ,1997,27.00,அரசியல்,
5668,,5668,தமிழ்நாட்டு கலைகள்,மஞ்சை.வசந்தன்,தங்கவயல் பதிப்பகம் ,1994,25.00,மொழியியல்,
5669,,5669,கடிதங்கள் (சகோதிரிகளுக்கு),மஹாத்மா காந்தி,தமிழ்நாடு காந்தி நி​னைவு நிதி ,1964,1.50,பொது அறிவு,
5670,,5670,மனிதகுல அழிவிலிருந்து ,மா.நந்தன்,புதுக்குரல் ​வெளியீட்டகம் ,2001,100.00,பொது அறிவு,
5673,,5673,நமது செல்வம்,மி.ப.சோமசுந்தரம்,வானதி பதிப்பகம் ,,,பொது அறிவு,
5675,,5675,"வள்ளுவரும், காந்தியும்",மு.கோவிந்தசாமி,பாரி நி​லையம் ,1964,85.00,பொது அறிவு,
5676,,5676,அன்பு தோழிக்கு,மு.மு.இஸ்மாயில்,இராசகிளி பிரிண்டர்ஸ் ,1988,5.00,பொது அறிவு,
5677,,5677,பழைய மன்றாடி,மு.மு.இஸ்மாயில்,வானதி நி​லையம் ,1980,7.00,பொது அறிவு,
5678,,5678,அன்னைக்கு,மு.வ,பாரி நி​லையம் ,1956,1.00,பொது அறிவு,
5679,,5679,குழந்தை,மு.வ,பாரி நி​லையம் ,1995,,பொது அறிவு,
5680,,5680,தங்கைக்கு,மு.வ,பாரி நி​லையம் ,1978,2.50,பொது அறிவு,
5681,,5681,தம்பிக்கு,மு.வ,பாரி நி​லையம் ,1980,3.00,பொது அறிவு,
5683,,5683,மாணவர்களுக்கு,முக்தா. சீனிவாசன்,பாரி நி​லையம் ,1988,6.00,பொது அறிவு,
5684,,5684,இணையற்ற சாதனையாளர்கள் - 1,முக்தா. சீனிவாசன்,கங்​கை புத்தக நி​லையம் ,2001,150.00,வாழ்க்கை வரலாறு,
5685,,5685,இணையற்ற சாதனையாளர்கள் - 2,முக்தா. சீனிவாசன்,கங்​கை புத்தக நி​லையம் ,2001,150.00,வாழ்க்கை வரலாறு,
5687,,5687,செஸ் விளையாட்டு ,ராதாகிருஷ்ணன்,சுரா புக்ஸ் லிமிட்,,60.00,பொது அறிவு,
5688,,5688,செஸ் திறப்புகள்,ராதாகிருஷ்ணன்,சுரா புக்ஸ் லிமிட்,,90.00,பொது அறிவு,
5691,,5691,ஆச்சி சமையல் - சைவம் ,வள்ளிக்கண்ணன்,பார்வதி கண்ணதாசன் பதிப்பகம்,2002,28.00,பொது அறிவு,
5695,,5695,பிரிட்டானிக்கா தகவல் களஞ்சியம் பொருள் குறிப்பு அகராதி ,விகடன் பிரசுரம்,விகடன் பதிப்பகம் ,,,பொது அறிவு,
5696,,5696,பிரிட்டானிக்கா தகவல் களஞ்சியம் - 1,விகடன் பிரசுரம்,விகடன் பிரசுரம் ,2007,4000.00,பொது அறிவு,
5697,,5697,பிரிட்டானிக்கா தகவல் களஞ்சியம் - 2,விகடன் பிரசுரம்,விகடன் பிரசுரம் ,2007,4000.00,பொது அறிவு,
5698,,5698,பிரிட்டானிக்கா தகவல் களஞ்சியம் - 3,விகடன் பிரசுரம்,விகடன் பிரசுரம் ,2007,4000.00,பொது அறிவு,
5701,,5701,என் ஜன்னலின் வழியே,வைரமுத்து,சூர்யா பதிப்பகம் ,1994,20.00,பொது அறிவு,
5702,,5702,மௌனத்தின் சப்தங்கள்,வைரமுத்து,சூர்யா பதிப்பகம் ,1996,20.00,பொது அறிவு,
5703,,5703,கபடி முதல் கிரிக்கெட் வரை ,ஜெ.எஸ்.ஏப்ரகாம் ,நர்மதா பதிப்பகம் ,2002,50.00,பொது அறிவு,
5704,,5704,லட்சிய மனைவி,ஷொர்ஜினி சங்கர்,மல்லி​கை பதிப்பகம்,1973,3.50,பொது அறிவு,
5705,,5705,என்றும் புதுமை,தமிழ் எழுத்தாளர் கூட்டுறவு சங்கம் ,தமிழ் எழுத்தாளர் கூட்டுறவு சங்கம் ,1973,2.50,பொது அறிவு,
5708,,5708,கடவுள் இருக்கின்றாரா,சுஜாதா,க​லைஞர் பதிப்பகம் ,2000,35.00,பொது அறிவு,
5711,,5711,பிரபலமானவர்களின் விலாசங்கள்,மணிமேகலை பிரசுரம்,மணிமேகலை பிரசுரம்,2015,275.00,பொது அறிவு,
5712,,5712,உங்கள் குழந்தைக்கு அழகு தமிழ்ப் பெயர்கள்,பெ.சிவசுப்ரமணியம்,நக்கீரன் வெளியீடு,2014,250.00,பொது அறிவு,
5715,,5715,இயர்புக் 2018,நக்கீரன்,நக்கீரன்,2018,140.00,பொது அறிவு,
5716,,5716,இயர்புக் 2018,நக்கீரன்,நக்கீரன்,2018,160.00,பொது அறிவு,
5717,,5717,வீட்டுக் கணக்கு,சோம வள்ளியப்பன்,சிகிஸ்த்சென்ஸ்,2019,105.00,பொது அறிவு,
5718,,5718,சிறியதே அழகு,எம்.யூசுப்ராஜா,எதிர் வெளியீடு,2011,250.00,பொது அறிவு,
5719,,5719,ஒற்றுமையை வளர்க்கும் பாரம்பரிய விளையாட்டுக்கள்,சூர்யகுமாரி,நர்மதா பதிப்பகம்,2019,80.00,பொது அறிவு,
5720,,5720,முகத்தைப் பார்த்தே குணத்தை அறியும் கலை,சி.எஸ்.தேவ்நாத்,நர்மதா பதிப்பகம்,2016,100.00,பொது அறிவு,
5721,,5721,தமிழ்த்தேசியத்துக்கான பெருந்திட்டம்,சு.சேதுராமலிங்கம்,அறிவாயம்,2019,150.00,மொழியியல்,
5722,,5722,நினைத்தால் நிம்மதி,கோ.சுவாமிநாதன்,விகடன் பிரசுரம்,2016,100.00,பொது அறிவு,
5750,,5750,செட்டிநாடு சைவ அசைவ சமையல் குறிப்புகள்,அழகர்,உளி அழகர் புத்தக நி​லையம் ,,25.00,சமையல்,
5751,,5751,"சைவ, அசைவ சமையல் மற்றும் சூப்புவகைகள்",கலைச்செல்வி,பாலாஜி,,25.00,சமையல்,
5752,,5752,குடும்ப சமையல்,சந்திரிகா சாமி ,கங்​கை புத்தக நி​லையம் ,1997,50.00,சமையல்,
5755,,5755,காரவகைகள்,ரேவதி சண்முகம்,கண்ணதாசன் பதிப்பகம் ,2003,30.00,சமையல்,
5757,,5757,மாவட்ட சமையல் ,ரேவதி சண்முகம்,கண்ணதாசன் பதிப்பகம் ,2003,30.00,சமையல்,
5758,,5758,விதவிதமான சதா வகைகள்,ரேவதி சண்முகம்,பார்வதி கண்ணதாசன் பதிப்பகம் ,2003,30.00,சமையல்,
5759,,5759,ஸ்வீட்ஸ் வகைகள்,ரேவதி சண்முகம்,பார்வதி கண்ணதாசன் பதிப்பகம் ,2003,30.00,சமையல்,
5761,,5761,சமைப்பது எப்படி ?,வேதவல்லி,கோமதி நூலகம்,1978,9.00,சமையல்,
5772,,5772,நாடகக்கலை ,அவ்வை.தி.க.சண்முகம்,#,1967,,நாடகம்,
5773,,5773,திருமலை நாயக்கர் ,அழகப்பன் ,வானதி பதிப்பகம்,1971,6.00,நாடகம்,
5776,,5776,நீதிதேவன் மயக்கம்  ,அறிஞர் அண்ணா ,பாரதி பதிப்பகம் ,1996,10.00,நாடகம்,
5784,,5784,சின்ன மருது பெரிய மருது,கே.பி.சிவப்பிரகாசம்,ஆனந்தம் பதிப்பகம்,2006,100.00,நாடகம்,
5787,,5787,செக்குமாடுகள்,கோமல்.சுவாமிநாதன்,மயிலவன் பதிப்பகம் ,1983,6.00,நாடகம்,
5789,,5789,சிங்கக் கோட்டை ,சு.சௌந்தரராஜன்,​செளந்தர் பவுண்​டேஷன் ,1989,5.00,நாடகம்,
5791,,5791,மரியாதை ராமன் நாடகங்கள்,சுகுமாரன்,தாம​ரை பப்ளி​கேஷன் ,2013,60.00,நாடகம்,
5792,,5792,இவளும் அவளும்,சுத்ததானந்த பாரதியார் ,பாரி அச்சகம்,1977,3.00,நாடகம்,
5793,,5793,தங்கரதம் ,தங்கவயல் லோகிதாசன்,ஓரி நி​​லையம் ,1989,12.00,நாடகம்,
5794,,5794,இரகசியம் ,தாமரைக்கண்ணன்,பராசக்தி பதிப்பகம் ,1994,26.00,நாடகம்,
5796,,5796,எழிலரசி,தி.ந.அறிவுஒளி,தமிழ் ஆய்வரங்கம் ,1991,20.00,நாடகம்,
5797,,5797,துறவி ,பண்ணன்,திரும​​லை பதிப்பகம் ,1995,35.00,நாடகம்,
5799,,5799,இரணியன் (அ) இணையற்றவீரன்,பாரதிதாசன்,பூம்புகார் பதிப்பகம் ,1993,12.50,நாடகம்,
5800,,5800,கோயில் இரு கோணங்கள் ,பாரதிதாசன்,பூம்புகார் பதிப்பகம் ,1980,6.50,நாடகம்,
5801,,5801,பிசிராந்தையார் ,பாரதிதாசன் ,கங்​கை புத்தக நி​லையம் ,1992,14.00,நாடகம்,
5804,,5804,தெம்மாங்கு தெய்வானை ,பூவை.எஸ்.ஆறுமுகம் ,வானதி பதிப்பகம்,1969,1.25,நாடகம்,
5806,,5806,நீதிதேவன் மயக்கம்  ,பேரறிஞர் அண்ணா,பூம்புகார் பதிப்பகம் ,1986,8.50,நாடகம்,
5807,,5807,சாணக்கிய சபதம் ,மதுரை திருமாறன் ,​பைந்தமிழ் பதிப்பகம் ,1963,2.50,நாடகம்,
5808,,5808,ஏழை உள்ளம் ,மா.பழநி ,மீனாட்சி பதிப்பகம் ,1995,30.00,நாடகம்,
5809,,5809,மணமல்லி ,மு.பி.பாலசுப்பிரமணியம்,முத்து நி​லையம் ,1990,15.00,நாடகம்,
5812,,5812,விசாரணை,ருத்ரன்,முத்ரா காலரி ​வெளியீடு,1993,10.00,நாடகம்,
5815,,5815,சொல்காத்தசேதுபதி (நாடகம்),விக்ரமன் ,விக்ரமன் பதிப்பகம் ,1989,11.25,நாடகம்,
5816,,5816,கயற்கண்ணி,விமல்நாத்,அனுராதா ஏ​ஜென்ஸிஸ்,1995,45.00,நாடகம்,
5818,,5818,நான்கு நாடகங்கள்,அருள்சாமி ,மலர் நி​லையம் ,1959,1.25,நாடகம்,
5819,,5819,அம்பிகாபதி அமராவதி,ம​றைம​லையடிகள் ,பாரி நி​லையம் ,1954,4.00,நாடகம்,
5820,,5820,நாடகக்கலை,அவ்வை.தி.க.சண்முகம்,அவ்​வை பதிப்பகம் ,1959,2.50,நாடகம்,
5821,,5821,முத்திரைக் கணையாழி,விசாகதத்தர் ,சக்திகாரி நி​லையம் ,1948,1.00,நாடகம்,
5822,,5822,தீரன் சின்னமலை,கவிஞர் நந்திவர்மன் ஜீவன்,நர்மதா,2018,90.00,நாடகம்,
5850,,5850,புதுமை கண்ட பேரறிஞர்,பி.டி.கண்ணப்பன்,பழனியப்பா பிரதர்ஸ் ,1964,2.15,கட்டுரைகள்,
5851,,5851,உயிரியல் தாளமுறை,என்.கே.சந்திரசேகரன்,தமிழ் வளர்ச்சி கழகம் ,1991,,கட்டுரைகள்,
5852,,5852,காலமெனும் பெருநதி,எஸ்.ஏ.பெருமாள் ,சித்தி​ரை பதிப்பகம் ,2009,300.00,கட்டுரைகள்,
5853,  ,5853,தமிழ்நாடு (பயணக் கட்டுரைகள்),ஏ.கே.செட்டியார்,சந்தியா பதிப்பகம் ,2009,180.00,கட்டுரைகள்,
5854,,5854,நான் கண்ட மலேயா,க.இராமநாதன்,பார் நி​லையம் ,1964,1.75,கட்டுரைகள்,
5855,,5855,கட்டுரைகள் கதம்பம் ,கண்ணப்பன்,சி.சுப்​​பையா​செட்டி அண்டு ​கோ,1960,2.00,கட்டுரைகள்,
5856,   ,5856,அன்பே சிவம் ,குத்தூசி குருசாமி,​பொன்னி ,2004,50.00,கட்டுரைகள்,
5857,   ,5857,பிரபாகரன் 100,சபீதாஜோசப்,நக்கீரன் ,2009,50.00,கட்டுரைகள்,
5858,,5858,பங்களாதேஷ் பயணம்,சாவி,வானதி பதிப்பகம் ,1972,2.50,கட்டுரைகள்,
5860,,5860,சொர்கங்களில் சில நாட்கள்,சிவசங்கரி,திருமகள் நி​​​லையம் ,1995,15.00,கட்டுரைகள்,
5861,,5861,அயல்நாடுகளில் என் அனுபவங்கள்,சு.பாலச்சந்திரன்,​கோமதி நூலகம் ,1978,,கட்டுரைகள்,
5862,,5862,குமரன் தொகுப்பு ,செ.கணேசலிங்கம் ,குமரன் பப்ளிசர்ஸ் ,2006,250.00,கட்டுரைகள்,
5863,,5863,சிலநாடுகளில் சில நாட்கள்,​செ.மாதவன்,வானதி பதிப்பகம் ,1975,5.00,கட்டுரைகள்,
5864,,5864,குறள் அமுதம் கட்டுரைகள்,சோ.மா.பொன்னுசாமி,எழில் இலக்கிய ​​பேர​​வை,2016,150.00,கட்டுரைகள்,
5866,,5866,கேளாத செவிகள் கேட்கட்டும் ,த.சிவகுமார்,​​நெம்பு​கோல் ,2009,150.00,கட்டுரைகள்,
5867,,5867,தாய்ச்சொல்,தோல்.திருமாவளவன்,தாய்ம​றை ,2010,60.00,கட்டுரைகள்,
5868,,5868,சக்தி மான்களும் பூம்பூம் சக்கலக்கவும்,பாட்டாளி,​சோழன் பதிப்பகம் ,2009,75.00,கட்டுரைகள்,
5869,,5869,பாரதியார் கட்டுரைகள்,பாரதியார்,#,,,கட்டுரைகள்,
5870,,5870,சமூகம்,பாரதியார்,பாரதி புத்தக நி​லையம் ,1964,1.25,கட்டுரைகள்,
5871,,5871,வேடிக்கை கதைகள்,பாரதியார்,#,,,கட்டுரைகள்,
5872,,5872,பெண்களின் சமத்துவம்,பாவேந்தர்,நாம்தமிழர் ,2011,60.00,கட்டுரைகள்,
5873,,5873,பாரதியார் கட்டுரைகள்,பூம்புகார் பதிப்பகம் பதிப்பகம் ,பூம்புகார் பதிப்பகம் ,1977,65.00,கட்டுரைகள்,
5874,,5874,காயகல்பக் கலை,மகரிஷி வேதாத்ரி,​வேதாத்ரி பப்ளி​​கேஷன்ஸ் ,1984,5.00,கட்டுரைகள்,
5876,,5876,முல்லைப்பாட்டு ஆராய்ச்சி உரை,மறைமலை அடிகள்,திரு​நெல்​வேலி ​தெ.​சை.சி.நூ.கழகம் ,1962,,கட்டுரைகள்,
5877,,5877,சிந்தனைக்  கட்டுரைகள்,மறைமலை அடிகள்,திரு​நெல்​வேலி ​தெ.​சை.சி.நூ.கழகம் ,1963,,கட்டுரைகள்,
5878,,5878,என் ஜன்னலுக்கு வெளியே ,மாலன்,மாலன் ,2008,200.00,கட்டுரைகள்,
5879,,5879,சுயமரியாதை இயக்க வீராங்கனைகள் ,மு.வளர்பதி,தமிழ்  மதி ,2002,55.00,அரசியல்,
5880,,5880,இனியவை இருபது,மூ.கருணாநிதி,பாரதி பதிப்பகம் ,1989,15.00,கட்டுரைகள்,
5881,,5881,ரசிக மணி கட்டுரைகள்,ரசிக மணி,இரசிகம​ரை கட்டு​ரை கள்ஞ்சியம் ,2006,300.00,கட்டுரைகள்,
5882,,5882,சார்பியல் தத்துவம் என்பது என்ன ?,"லந்தவு ,  யூ, ரூமர்",மீர் பதிப்பகம் ,1978,,கட்டுரைகள்,
5883,,5883,கார்க்கி கட்டுரைகள் ,வல்லிக்கண்ணன்,நியூ ​செஞ்சுரி புக் ஹவுஸ் ,2005,50.00,கட்டுரைகள்,
5884,,5884,கவிதை பயணம்,வா.மூ.சேதுராமன்,கவிஅரசன் பதிப்பகம் ,1990,30.00,கட்டுரைகள்,
5885,,5885,தேசத் தலைவர்கள் பற்றிய கட்டுரைகள் ,வீ.வீ.தே.சுப்புராசு,வின் வின் புக்ஸ்,2003,25.00,கட்டுரைகள்,
5886,,5886,வடுகப்பட்டி முதல் வால்கா வரை,வைரமுத்து,சூர்யா இலக்கியம் ,2001,35.00,கட்டுரைகள்,
5887,,5887,சங்கச்சித்திரங்கள்,ஜெயமோகன்,நற்றி​ணை பதிப்பகம் ,2002,200.00,இலக்கியம்,
5888,,5888,வேரும்-விரிவும் 1 பகுதி,ப.அருளி ,​வேரியம் பதிப்பகம் ,2007,200.00,மொழியியல்,
5889,,5889,வேரும்-விரிவும் 2  பகுதி,ப.அருளி ,​வேரியம் பதிப்பகம் ,2007,200.00,மொழியியல்,
5890,,5890,அஞ்சிறைத்தும்பி,"சீனி,​வேங்கடசாமி",ஸ்டார் பிரசுரம் ,1958,1.75,கட்டுரைகள்,
5891,,5891,96 தனிப்பெருங்காதல்,சி.சரவண கார்த்திகேயன்,உயிர்மை பதிப்பகம்,2018,200.00,கட்டுரைகள்,
5892,,5892,சாப்ளினுடன் பேசுங்கள்,எஸ்.ராமகிருஷ்ணன்,உயிர்மை பதிப்பகம்,2015,140.00,கட்டுரைகள்,
5893,,5893,பெண்கள் இப்படித்தான் நினைக்கிறார்களா?,ஆர். அபிலாஷ்,உயிர்மை பதிப்பகம்,2017,150.00,கட்டுரைகள்,
5894,,5894,விலகி நடக்கும்சொற்கள்,ஜி.காரல் மார்கஸ்,எதிர் வெளியீடு,2019,175.00,கட்டுரைகள்,
5895,,5895,மரணம் ஒரு கலை,அ.வெண்ணிலா,தமிழ் திசை,2019,170.00,கட்டுரைகள்,
5896,,5896,அலங்காரப்ரியர்கள்,சு.வெங்கடேசன்,விகடன் பிரசுரம்,2014,90.00,கட்டுரைகள்,
5897,,5897,சாப்ளினுடன் பேசுங்கள்,எஸ்.ராமகிருஷ்ணன்,உயிர்மை பதிப்பகம்,2015,140.00,கட்டுரைகள்,
5901,,5901,பனிமேகம்,எம்.டி.வாசுதேவன்,பாரி புத்தக பண்​ணை ,1967,2.00,மொழிபெயர்ப்பு,
5902,,5902,கடல் கன்னி ,சாருநிவேதிதா,சந்தியா பதிப்பகம்,2002,40.00,மொழிபெயர்ப்பு,
5905,,5905,நினைவுகள் அழிவதில்லை ,நிரஞ்சனா ,​சவுத் விஷன் ,2001,75.00,மொழிபெயர்ப்பு,
5906,  ,5906,தாய்,மார்சிம் கார்க்கி,ராதுகா பதிப்பகம் ,1987,,மொழிபெயர்ப்பு,
5907,,5907,செந்நிற கடற்பாய்கள் ,அலெக்சந்தர் கிரீஸ்,ராதுகா பதிப்பகம் ,1987,15.00,மொழிபெயர்ப்பு,
5908,,5908,ஏழைபடும் பாடு,விக்டர்ஹியூகோ,கலா நி​லையம் ,2000,40.00,மொழிபெயர்ப்பு,
5909,,5909,கண் தெரியாத இசைஞன் ,விளதீமிர் கோரலேன்கோ,முன்​னேற்ற பதிப்பகம்,,,மொழிபெயர்ப்பு,
5910,,5910,ஸ்பார்ட்டகஸ்,ஹேவர்ட்ஃபாஸ்ட்,​சவுத் விஷன் ,2001,125.00,மொழிபெயர்ப்பு,
5917,,5917,பல்லவ பீடம்,சாண்டில்யன்,பாரதி பதிப்பகம்,2001,55.00,வரலாற்று நாவல்,
6001,,6001,தமிழக வரலாற்றில் களப்பிரர் காலம்,டி.கே.ரவீந்திரன்,விகடன் பிரசுரம்,2016,145.00,மொழியியல்,
6002,,6002,வைகை நதி நாகரிகம் (கீழடி குறித்த பதிவுகள்),சு.வெங்கடேசன்,விகடன் பிரசுரம்,2018,200.00,மொழியியல்,
6003,,6003,பண்டைத்தமிழர் வாழ்வும் வழிபாடும்,க.கைலாசபதி,காலச்சுவடு,2018,195.00,மொழியியல்,
6004,,6004,தமிழரின் வாழ்வியல் சிந்தனைகள்,அருணன்,விகடன் பிரசுரம்,2018,200.00,மொழியியல்,
6006,,6006,"அகம், புறம் அந்தப்புரம்",முகில்,சிக்த்ஸ் சென்ஸ்,2018,1333.00,வரலாறு,
6008,,6008,கற்காலம் முதல் கம்ப்யூட்டர் காலம் வரை உலக வரலாறு,ஐ.சண்முகநாதன்,பூம்புகார் பதிப்பகம்,2016,550.00,வரலாறு,
6009,,6009,கண்ணீரால் காப்போம் ,பிரபஞ்சன்,விகடன் பிரசுரம்,2018,215.00,வரலாற்று நாவல்,
6010,,6010,செங்கிஸ்கான்,முகில்,கிழக்கு வெளியீடு,2008,200.00,வரலாறு,
6011,,6011,தக்கர்கள் கொள்ளையர்கள்,இரா.வரதராசன்,கிழக்கு வெளியீடு,2016,250.00,வரலாறு,
6012,,6012,சிந்து சமவெளி சவால்,ஜனனி ரமேஷ்,கிழக்கு வெளியீடு,2019,200.00,வரலாறு,
6013,,6013,முகலாயர்கள் பாபர் முதல் பகதூர் ஷா வரை,முகில்,கிழக்கு வெளியீடு,2009,550.00,வரலாறு,
6014,,6014,குஷ்வந்த் சிங் பாகிஸ்தான் போகும் ரயில்,ராமன் ராஜா,கிழக்கு வெளியீடு,2011,250.00,வரலாறு,
6015,,6015,இராவண காவியம்,ந.வெற்றியழகன்,சாரதா பதிப்பகம்,,,வரலாறு,
6016,,6016,வைகைநதி நாகரிகம்,சு.வெங்கடேசன்,விகடன் பதிப்பகம்,2019,220.00,மொழியியல்,
6017,,6017,பச்சைத் தமிழ் தேசியம்,சுப. உதயகுமாரன்,காலச்சுவடு,2014,125.00,அரசியல்,
6018,,6018,இந்தியா ஒரு வல்லரசு,அருந்ததி ராய்,விடியல் பதிப்பகம்,2020,70.00,வரலாறு,
6019,,6019,சிலைத் திருடன் ,எஸ்.விஜயக்குமார்,கிழக்கு பதிப்பகம்,2018,250.00,பொது அறிவு,
6020,,6020,அரூபத்தின் நடனம்,எஸ்.ராமகிருஷ்ணன்,தேசாத்திரி பதிப்பகம்,2020,350.00,பொது அறிவு,
6021,,6021,கதாபாத்திரங்களின் பொம்மலாட்டம்,எஸ்.ராமகிருஷ்ணன்,தேசாத்திரி பதிப்பகம்,2020,140.00,பொது அறிவு,
6022,,6022,காலம்,ஸ்டீஃபன் ஹாக்கிங்,எதிர் வெளியீடு,2002,350.00,வரலாறு,
6023,,6023,குமரிக்கண்டமா சுமேரியமா?,பா.பிரபாகரன்,கிழக்கு வெளியீடு,2012,170.00,மொழியியல்,
6024,,6024,வட சென்னை - வரலாறும் வாழ்வியலும்,நிவேதிதா லூயிஸ்,கிழக்கு வெளியீடு,2021,300.00,வரலாறு,
6025,,6025,வடகிழக்கு போராளிகளுடன் ரகசிய சந்திப்பு,வெற்றிவேல்,கிழக்கு வெளியீடு,2018,375.00,அரசியல்,
6026,,6026,ஸ்டீபன் ஹாக்கிங் வாழ்வும் பணியும்,ச.வின்சென்ட்,எதிர் வெளியீடு,2015,500.00,வாழ்க்கை வரலாறு,
6027,,6027,1857 சிப்பாய் புரட்சி ,உமா சம்பத் ,கிழக்கு பதிப்பகம்,2009,200.00,வரலாறு,
6028,,6028,கிளியோபாட்ரா,முகில்,கிழக்கு வெளியீடு,2010,175.00,வரலாறு,
6029,,6029,மூஸ்லிம்கள்,அ.மார்கஸ்,உயிர்மை பதிப்பகம்,2016,170.00,வரலாறு,
6030,,6030,அகதிகள்,மருதன்,கிழக்கு வெளியீடு,2018,225.00,வரலாறு,
6031,,6031,இஸ்ரோவின் கதை,ஹரிஹரசுதன் தங்கவேலு,கிழக்கு வெளியீடு,2021,170.00,பொது அறிவு,
6032,,6032,ஹிட்லரின் மறுபக்கம் ,வேங்கடம் ,விகடன் பிரசுரம்,2016,125.00,வரலாறு,
6033,,6033,துறவி,பாட்ரிக் லெவி,கிழக்கு பதிப்பகம்,2017,400.00,ஆன்மீகம்,
6034,,6034,ஆதிச்சநல்லூர் முதல் கீழடி வரை ,நிவேதிதா லூயிஸ்,கிழக்கு பதிப்பகம்,2019,225.00,மொழியியல்,
6035,,6035,நந்திகிராமம் நடந்தது என்ன?,மக்கள் தீர்ப்பாயத்தின் அறிக்கை,விடியல் பதிப்பகம்,2008,100.00,அரசியல்,
6036,,6036,இந்தியா 1944-48,அசோகமித்திரன்,காலச்சுவடு பதிப்பகம்,2020,240.00,வரலாற்று நாவல்,
6037,,6037,திராவிட  இயக்க வரலாறு - 2 (அண்ணாவுக்கு பிறகு),ஆர்.முத்துக்குமார்,கிழக்கு வெளியீடு,2010,360.00,அரசியல்,
6038,,6038,"திராவிட  இயக்க வரலாறு - 1
(நீதிக்கட்சி முதல் அண்ணா ஆட்சி வரை)",ஆர்.முத்துக்குமார்,கிழக்கு வெளியீடு,2010,550.00,அரசியல்,
6039,,6039,ஏகாதிபத்தியத்தின் கிடுப்பிப்பிடியில் இந்திய விவசாயம்,நிழல்வண்ணன்,விடியல் பதிப்பகம்,2011,135.00,அரசியல்,
6040,,6040,இதுவே சனநாயகம்,தொ. பரமசிவன்,காலச்சுவடு,2021,60.00,அரசியல்,
6041,,6041,"தமிழக அரசியல் வரலாறு பாகம் 1
(சுதந்திரம் முதல் எமர்ஜென்சி வரை)",ஆர்.முத்துக்குமார்,கிழக்கு பதிப்பகம்,2012,540.00,மொழியியல்,
6042,,6042,"தமிழக அரசியல் வரலாறு பாகம் 2
(எம்.ஜி.ஆர் ஆட்சி முதல் 2000 வரை)",ஆர்.முத்துக்குமார்,கிழக்கு வெளியீடு,2012,530.00,மொழியியல்,
6043,,6043,அறிவியல் வளர்ச்சி மற்றும் வன்முறை,இரா.நடராஜன்,எதிர் வெளியீடு,2020,299.00,அறிவியல்,
6044,,6044,ஹைட்ரோ இயற்கைக்கும் கார்பன் மனிதகுலத்துக்கும் அபாயம் எதிரான பேரழிவுத் திட்டம்,கா.அய்யநாதன்,கிழக்கு வெளியீடு,2017,325.00,அரசியல்,
6045,,6045,ஊழல் உளவு அரசியல் ,சவுக்கு சங்கர் ,கிழக்கு பதிப்பகம்,2017,200.00,அரசியல்,
6046,,6046,இந்துவாக நான் இருக்கமுடியாது,செ.நடேசன்,எதிர் வெளியீடு,2020,299.00,அரசியல்,
6047,,6047,ஜெயலலிதா சொத்துக்குவிப்பு வழக்கு,கோமல் அன்பரசன்,கிழக்கு வெளியீடு,2014,170.00,அரசியல்,
6101,,6101,மருந்தென வேண்டாவாம்,கு.சிவராமன்,விகடன் பிரசுரம்,2017,125.00,மருத்துவம்,
6102,,6102,உயிர் பிழை புற்றுநோயை வென்றிட,கு.சிவராமன்,விகடன் பிரசுரம்,2016,165.00,மருத்துவம்,
6103,,6103,பாலியல் கலைக்களஞ்சியம்,டாக்டர்.பி.எம்.மாத்யூ,காலச்சுவடு,2015,750.00,மருத்துவம்,
6104,,6104,மனைவியை மகிழ்விக்க சின்னச் சின்ன வழிகள்,தெய்வச்சிலை,நக்கீரன் வெளியீடு,2015,100.00,மருத்துவம்,
6105,,6105,சுகமான சூத்திரங்கள்,நாராயணரெட்டி,நக்கீரன் வெளியீடு,2012,100.00,மருத்துவம்,
6106,,6106,வாழத் தகுதியற்றவனா மனிதன்,இல.சண்முகசுந்தரம்,எதிர் வெளியீடு,2019,230.00,மருத்துவம்,
6107,,6107,சர்க்கரை நோயாளிகளுக்கான உணவுகளும் - உணவுமுறைகளும்,சு.முத்து செல்லக் குமார்,நலம் வெளியீடு,2007,125.00,மருத்துவம்,
6108,,6108,மறைக்கப்பட்ட பக்கங்கள்,கோபி ஷங்கர்,கிழக்கு வெளியீடு,2017,350.00,மருத்துவம்,
6109,,6109,உயிரின் ரகசியம்,சுஜாதா,உயிர்மை பதிப்பகம்,2014,70.00,மருத்துவம்,
6301,,6301,பொற்காலப் பூம்பாவை,கோவி.மணிசேகரன் ,பூம்புகார் பதிப்பகம்,2016,450.00,வரலாற்று நாவல்,
6302,,6302,ராஜராகம்,கோவி.மணிசேகரன் ,பூம்புகார் பதிப்பகம்,2017,375.00,வரலாற்று நாவல்,
6303,,6303,கடிகை,பாலகுமாரன்,விசா பப்ளிகேஷன்ஸ்,2018,115.00,வரலாற்று நாவல்,
6304,,6304,உடையார் பாகம் 1,பாலகுமாரன் ,விசா பப்ளிகேஷன்ஸ்,2019,370.00,வரலாற்று நாவல்,
6305,,6305,உடையார் பாகம் 2,பாலகுமாரன் ,விசா பப்ளிகேஷன்ஸ்,2020,380.00,வரலாற்று நாவல்,
6306,,6306,உடையார் பாகம் 3,பாலகுமாரன் ,விசா பப்ளிகேஷன்ஸ்,2019,400.00,வரலாற்று நாவல்,
6308,,6307,உடையார் பாகம் 4,பாலகுமாரன் ,விசா பப்ளிகேஷன்ஸ்,2019,370.00,வரலாற்று நாவல்,
6309,,6308,உடையார் பாகம் 5,பாலகுமாரன் ,விசா பப்ளிகேஷன்ஸ்,2019,300.00,வரலாற்று நாவல்,
6310,,6309,உடையார் பாகம் 6,பாலகுமாரன்,விசா பப்ளிகேஷன்ஸ்,2019,415.00,வரலாற்று நாவல்,
,,6310,வெள்ளைத் துறைமுகம்,பாலகுமாரன்,திருமகள் நிலையம்,,,வரலாற்று நாவல்,
6311,,6311,பல்லவப் பேரழகி,பரதவன்,சக்திமலர் பப்ளிகேஷன்ஸ்,2016,375.00,வரலாற்று நாவல்,
6312,,6312,ராணி நீலவல்லி,கயல்பரதவன்,நர்மதா பதிப்பகம்,2017,85.00,வரலாற்று நாவல்,
6313,,6313,போதி தர்மா பாகம் 1,கயல்பரதவன்,நர்மதா பதிப்பகம்,2017,410.00,வரலாற்று நாவல்,
6314,,6314,போதி தர்மா பாகம் 2,கயல்பரதவன்,நர்மதா பதிப்பகம்,2017,395.00,வரலாற்று நாவல்,
6315,,6315,போதிதர்மா பாகம் 3,கயல்பரதவன்,நர்மதா பதிப்பகம்,2017,365.00,வரலாற்று நாவல்,
6316,,6316,போதி தர்மா பாகம் 4,கயல்பரதவன் ,நர்மதா பதிப்பகம்,2017,535.00,வரலாற்று நாவல்,
6317,,6317,இருமுடிச் சோழன் உலா,டி.கே.இரவீந்திரன்,விகடன் பிரசுரம்,2018,385.00,வரலாற்று நாவல்,
6318,,6318,பொன்னியின் செல்வனின் பெண்மணிகள் ,மோகனா சுகதேவ் ,திருமகள் நிலையம்,2021,145.00,வரலாற்று நாவல்,
6319,,6319,தூது நீ சொல்லிவாராய்...,கோவி.மணிசேகரன் ,பூம்புகார் பதிப்பகம்,2020,250.00,வரலாற்று நாவல்,
6320,,6320,பாளையங்கோட்டை ஒரு மூதூரின் வரலாறு,தொ. பரமசிவன்,காலச்சுவடு பதிப்பகம்,2021,90.00,வரலாறு,
6321,,6321,சந்திரமதி,சாண்டில்யன்,வானதி பதிப்பகம்,2019,70.00,வரலாற்று நாவல்,
6322,,6322,மங்கலதேவி,சாண்டில்யன்,வானதி பதிப்பகம்,2019,60.00,வரலாற்று நாவல்,
6324,,6324,மாவீரர் சசிவர்ணத் தேவர்,கா.வெ.சே.மருதுமோகன்,வானதி பதிப்பகம்,2020,180.00,வரலாற்று நாவல்,
6325,,6325,தீரா வஞ்சம் தீர வாராயோ ,மீனாட்சி அடைக்கப்பன் ,வானதி பதிப்பகம்,2020,650.00,வரலாற்று நாவல்,
6326,,6326,இடக்கை,எஸ்.ராமகிருஷ்ணன்,உயிர்மை,2017,400.00,சமூக நாவல்,
6327,,6327,சோழர்கள் புத்தகம் 1,கே.ஏ.நீலகண்ட சாஸ்திரி ,நியூ செஞ்சுரி புக் ஹவுஸ்,2018,625.00,வரலாற்று நாவல்,
6328,,6328,சோழர்கள் புத்தகம் 2,கே.ஏ.நீலகண்ட சாஸ்திரி ,நியூ செஞ்சுரி புக் ஹவுஸ்,2018,625.00,வரலாற்று நாவல்,
6329,,6329,சோழகங்கம்,கங்கைகொண்டான் சக்தி ஸ்ரீ,வானதி பதிப்பகம்,2018,850.00,வரலாற்று நாவல்,
6330,,6330,கொங்கு நாடு( கி.பி.1400 வரை),வீ.மாணிக்கம்,விடியல் பதிப்பகம்,2014,552.00,வரலாறு,
6501,,6501,ஒற்றை நட்சத்திரம்,லஷ்மி,திருமகள் நிலையம்,2018,110.00,சமூக நாவல்,
6502,,6502,மண்மகன்,சுஜாதா,கிழக்கு வெளியீடு,2010,90.00,சமூக நாவல்,
6504,,6504,திருடன் மணியன்பிள்ளை,ஜி.ஆர்.இந்துகோபன்,காலச்சுவடு பதிப்பகம்,2019,590.00,மொழிபெயர்ப்பு,
6506,,6506,நெடுங்குருதி,எஸ்.ராமகிருஷ்ணன்,உயிர்மை பதிப்பகம்,2014,410.00,சமூக நாவல்,
6509,,6509,மோக முள்,தி.ஜானகிராமன்,காலச்சுவடு பதிப்பகம்,2020,690.00,சமூக நாவல்,
6510,,6510,கமிஷனருக்குக் கடிதம்,சுஜாதா,கிழக்கு வெளியீடு,2010,200.00,சமூக நாவல்,
6511,,6511,ஆலவாயன்,பெருமாள் முருகன்,காலச்சுவடு பதிப்பகம்,2020,225.00,சமூக நாவல்,
6512,,6512,மாயமான்,கி.ராஜநாராயணன்,காலச்சுவடு பதிப்பகம்,2021,250.00,சமூக நாவல்,
6513,,6513,கபீர்தாஸர்,பாலகுமாரன் ,விசா பப்ளிகேஷன்ஸ்,2018,145.00,சமூக நாவல்,
6514,,6514,இதன் பெயரும் கொலை,சுஜாதா,கிழக்கு வெளியீடு,2010,275.00,சமூக நாவல்,
6515,,6515,முறிந்த அம்புகள்,இந்திரா சௌந்தர்ராஜன்,திருமகள் நிலையம்,2021,130.00,சமூக நாவல்,
6516,,6516,அவளது வீடு,எஸ்.ராமகிருஷ்ணன்,தேசாத்திரி பதிப்பகம்,2020,270.00,சமூக நாவல்,
6517,,6517,கணையாழியின் கனவு,கல்கி,வானதி பதிப்பகம்,2018,150.00,சமூக நாவல்,
6518,,6518,அழகிய பிழைகள்,இந்திரா சௌந்தர்ராஜன்,திருமகள் நிலையம்,2021,155.00,சமூக நாவல்,
6519,,6519,பேசத் தெரிந்த நிழல்கள்,எஸ்.ராமகிருஷ்ணன்,தேசாத்திரி பதிப்பகம்,2021,180.00,சமூக நாவல்,
6520,,6520,உறுபசி,எஸ்.ராமகிருஷ்ணன்,தேசாத்திரி பதிப்பகம்,2019,175.00,சமூக நாவல்,
6521,,6521,துணையெழுத்து,எஸ்.ராமகிருஷ்ணன்,தேசாத்திரி பதிப்பகம்,2018,350.00,சமூக நாவல்,
6522,,6522,சாபம்,சல்மா,காலச்சுவடு பதிப்பகம்,2020,175.00,சமூக நாவல்,
6523,,6523,கர்னலின் நாற்காலி,எஸ்.ராமகிருஷ்ணன்,தேசாத்திரி பதிப்பகம்,2020,350.00,சமூக நாவல்,
6525,,6525,குருதிப்புனல்,இந்திரா பார்த்தசாரதி,கிழக்கு வெளியீடு,2006,180.00,சமூக நாவல்,
6526,,6526,அரச மரம்,பாலகுமாரன்,விசா பப்ளிகேஷன்ஸ்,2018,145.00,சமூக நாவல்,
6527,,6527,மகாபாரதம்,இந்திரா சௌந்தர்ராஜன்,திருமகள் நிலையம்,2016,220.00,ஆன்மீகம்,
6528,,6528,கிருமி ,சி.சரவணகார்த்திகேயன்,உயிர்மை பதிப்பகம்,2021,350.00,மருத்துவம்,
6532,,6532,கல்கண்டு சுவைக் கதைகள் வரிசை 4,ராஜேஷ்குமார்,பூம்புகார் பதிப்பகம்,2020,200.00,சிறுகதைகள்,
6535,,6535,கல்கண்டு சுவைக் கதைகள் வரிசை 1,ராஜேஷ்குமார்,பூம்புகார் பதிப்பகம்,2020,125.00,சிறுகதைகள்,
6536,,6536,கல்கண்டு சுவைக் கதைகள் வரிசை 2,ராஜேஷ்குமார்,பூம்புகார் பதிப்பகம்,2020,175.00,சிறுகதைகள்,
6537,,6537,இரண்டாவது தாலி,ராஜேஷ்குமார்,RK வெளியீடு,2019,200.00,சிறுகதைகள்,
6539,,6539,கல்கண்டு சுவைக் கதைகள் வரிசை 5,ராஜேஷ்குமார்,பூம்புகார் பதிப்பகம்,2020,120.00,சிறுகதைகள்,
6540,,6540,கல்கண்டு சுவைக் கதைகள் வரிசை 6,ராஜேஷ்குமார்,பூம்புகார் பதிப்பகம்,2020,125.00,சிறுகதைகள்,
6541,,6541,கல்கண்டு சுவைக் கதைகள் வரிசை 7,ராஜேஷ்குமார்,பூம்புகார் பதிப்பகம்,2020,160.00,சிறுகதைகள்,
6543,,6543,கல்கண்டு சுவைக் கதைகள் வரிசை 9,ராஜேஷ்குமார்,பூம்புகார் பதிப்பகம்,2020,180.00,சிறுகதைகள்,
6544,,6544,கல்கண்டு சுவைக் கதைகள் வரிசை 10,ராஜேஷ்குமார்,பூம்புகார் பதிப்பகம்,2020,170.00,சிறுகதைகள்,
6545,,6545,யாமம்,எஸ்.ராமகிருஷ்ணன்,தேசாந்திரி பதிப்பகம்,2019,400.00,சிறுகதைகள்,
6547,,6547,வண்ணத்துப்பூச்சி வேட்டை ,சுஜாதா ,உயிர்மை பதிப்பகம்,2018,160.00,சமூக நாவல்,
6548,,6548,உச்சித்திலகம்,பாலகுமாரன்,விசா பப்ளிகேஷன்ஸ்,2015,165.00,ஆன்மீகம்/நாவல்,
6549,,6549,என்னுயிர் தோழி,பாலகுமாரன்,விசா பப்ளிகேஷன்ஸ்,2014,130.00,ஆன்மீகம்/நாவல்,
6550,,6550,மாயம்,பெருமாள் முருகன்,காலச்சுவடு பதிப்பகம்,2020,200.00,சமூக நாவல்,
6551,,6551,ஏழாம் உலகம் ,ஜெயமோகன்,கிழக்கு பதிப்பகம்,2010,370.00,சமூக நாவல்,
6552,,6552,காவி நிறத்தில் ஒரு காதல்,வைரமுத்து,சூர்யா வெளியீடு,2021,150.00,சமூக நாவல்,
6553,,6553,திரௌபதி சபதம்,மீனாட்சி அடைக்கப்பன்,கங்கை புத்தக நிலையம்,2019,200.00,,
6554,,6554,கிருஷ்ணா கிருஷ்ணா,இந்திரா பார்த்தசாரதி,கிழக்கு வெளியீடு,2000,180.00,ஆன்மீகம்/நாவல்,
6555,,6555,தோட்டியின் மகன்,தகழி சிவசங்கரப் பிள்ளை/ சுந்தர ராமசாமி,காலச்சுவடு பதிப்பகம்,2021,195.00,மொழிபெயர்ப்பு,
6556,,6556,இறையுதிர் காடு பாகம் 1,இந்திரா சௌந்தர்ராஜன்,விகடன் பிரசுரம்,2020,1350.00,ஆன்மீகம்/நாவல்,
6557,,6557,இறையுதிர் காடு பாகம் 2,இந்திரா சௌந்தர்ராஜன்,விகடன் பிரசுரம்,2020,1350.00,ஆன்மீகம்/நாவல்,
6558,,6558,அஞ்சலை அம்மாள் ,ராஜா வாசுதேவன் ,தழல் பப்ளிகேஷன்,2021,250.00,வாழ்க்கை வரலாறு,
6801,,6801,ராஜம் கிருஷ்ணனின் சிறுகதைகள்,ராஜம்கிருஷ்ணன்,சீதை பதிப்பகம்,2016,500.00,சிறுகதைகள்,
6802,,6802,சரித்திர சிறுகதைகள்,லதா ரமேஷ்,சீதை பதிப்பகம்,2016,500.00,வரலாற்று நாவல்,
6803,,6803,நீலச்சக்கரம் கொண்ட மஞ்சள் பேருந்து ,எஸ்.ராமகிருஷ்ணன்,தேசாத்திரி பதிப்பகம்,2020,70.00,சிறுகதைகள்,
6901,,6901,பணத்தைக் குவிக்கும் நேர நிர்வாகம் ,ம.லெனின்,சிக்ஸ்த்சென்ஸ் பப்ளிகேஷன்,2018,155.00,தன்முன்னேற்ற நூல்கள்,
6902,,6902,சகாயம் சந்தித்த சவால்கள்,கே.ராஜாதிருவேங்கடம்,விகடன் பிரசுரம்,2019,140.00,தன்முன்னேற்ற நூல்கள்,
6903,,6903,நிமிர்ந்து நில் பாகம் 1,கோபிநாத்,நக்கீரன் வெளியீடு,2017,175.00,தன்முன்னேற்ற நூல்கள்,
6904,,6904,எல்லாருக்கும் வணக்கம் பாகம் 2,கோபிநாத்,நக்கீரன் வெளியீடு,2016,160.00,தன்முன்னேற்ற நூல்கள்,
6905,,6905,எல்லாருக்கும் வணக்கம் பாகம் 2,கோபிநாத்,நக்கீரன் வெளியீடு,2021,175.00,தன்முன்னேற்ற நூல்கள்,
6906,,6906,முகவரியில்லா முகங்கள்,கவி.தங்க.ஆரோக்கியதாசன்,மணிமேகலைப் பிரசுரம்,2049,100.00,சிறுகதைகள்,
6907,,6907,கன்ஃபூஷியஸ்,ஆர்.சி.சம்பத்,அநுராகம்,2008,12.00,வாழ்க்கை வரலாறு,
7001,,7001,மேலானவை,க.ப.அறவாணன்,தமிழ்க்கோட்டம்,2013,60.00,மொழியியல்,
7002,,7002,மார்க்ஸ் எங்கெல்ஸ் ,கம்யூனிஸ்டுக் கட்சி அறிக்கை ,கிழைக்காற்று,2013,50.00,அரசியல் ,
7003,,7003,"தொழில்களுக்கான கடனுதவி, மானியங்கள் பெறுவதற்கான வழிகாட்டி ",சோ.சேஷாசலம் ,நர்மதா பதிப்பகம் ,2006,65.00,பொது அறிவு,
7004,,7004,தகவல் பெரும் உரிமைச் சட்டம் ,சி.எஸ்.தேவ்நாத்,நர்மதா பதிப்பகம் ,2017,90.00,சட்டம்,
7005,,7005,டிராக்டர் சாணி போடுமா ?,ஜே.சி.குமரப்பா ,தன்னறம்,2022,100.00,பொது,
7006,,7006,தாய்மைப் பொருளாதாரம்,ஜே.சி.குமரப்பா ,இயல்வாகை,2014,120.00,பொது,
7007,,7007,ஆரோக்கியம் தரும் உணவு உடல்பயிற்சி முறைகள் ,சி.எஸ்.தேவ்நாத்,நர்மதா பதிப்பகம் ,2016,80.00,மருத்துவம்,
7008,,7008,மன அழுத்தத்தைச் சமாளிப்பது எப்படி ?,ஷாகிர் அஸீம்,அடையாளம்,2012,40.00,மருத்துவம்,
7009,,7009,ஓஷோ தத்துவ விளக்கக் கதைகள் ,மு.அப்பாஸ் மந்திரி ,நர்மதா பதிப்பகம் ,2021,140.00,ஆன்மீகம்,
7010,,7010,ஜய ஜய சங்கர ,ஜெயகாந்தன் ,மீனாட்சி புத்தகநிலையம்,2016,200.00,ஆன்மீகம்,
7011,,7011,உங்கள் பிறந்த நட்சத்திரமும் எதிர்காலப் பலன்களும் ,கே.எஸ்.பதஞ்சலி ஐயர் ,நர்மதா பதிப்பகம் ,2017,80.00,ஆன்மீகம்,
7012,,7012,அப்புவுக்கு அப்பா சொன்ன கதைகள் ,ஜெயகாந்தன் ,மீனாட்சி புத்தகநிலையம்,2018,160.00,சிறுகதைகள்,
7013,,7013,ஈஸ்வர அல்லா தேரே நாம் ,ஜெயகாந்தன் ,மீனாட்சி புத்தகநிலையம்,2015,125.00,சமூக நாவல்,
7014,,7014,பிரம்மோபதேசம்,ஜெயகாந்தன் ,மீனாட்சி புத்தகநிலையம்,2017,50.00,சமூக நாவல்,
7015,,7015,எத்தன் சாம்பாஜி ,நாரா.நாச்சியப்பன்,பிரேமா பிரசுரம்,2021,220.00,சமூக நாவல்,
7016,,7016,மதனகாமராஜன் கதைகள் ,அரு.ராமநாதன்,பிரேமா பிரசுரம்,2016,140.00,சிறுகதைகள் ,
7017,,7017,கறுப்புப் பூனை ,பி.டி.சாமி,பிரேமா பிரசுரம்,2021,140.00,சமூக நாவல்,
7018,,7018,மூக்கு இல்லாத முகம் ,பி.டி.சாமி,பிரேமா பிரசுரம்,2021,190.00,சமூக நாவல்,
7019,,7019,இரும்புப் பிடி ,பி.டி.சாமி,பிரேமா பிரசுரம்,2021,200.00,சமூக நாவல்,
7020,,7020,பாதி விதவை ,பி.டி.சாமி,பிரேமா பிரசுரம்,2022,220.00,சமூக நாவல்,
7021,,7021,காஷ்மீர் கத்தி ,லட்சுமி,பூங்கொடி பதிப்பகம்,2015,60.00,சமூக நாவல்,
7022,,7022,வெள்ளை நிறத்தில் ஒரு பூனை ,லட்சுமி,திருமகள் நிலையம்,2020,55.00,சமூக நாவல்,
7023,,7023,அவள் தாயாகிறாள் ,லட்சுமி,பூங்கொடி பதிப்பகம்,2015,65.00,சமூக நாவல்,
7024,,7024,கோகிலா என்ன செய்து விட்டாள்,ஜெயகாந்தன் ,மீனாட்சி புத்தகநிலையம்,2018,125.00,சமூக நாவல்,
7025,,7025,சில நேரங்களில் சில மனிதர்கள் ,ஜெயகாந்தன் ,மீனாட்சி புத்தகநிலையம்,2021,300.00,சமூக நாவல்,
7026,,7026,பைபிள் கதைகள் ,சேரன்,பிரேமா பிரசுரம்,2013,160.00,ஆன்மீகம்,
7027,,7027,"மங்கம்மா சத்திரத்து 
மனமோகனக் கதைகள் பாகம் 1","அரு.ராமநாதன்
நாக.முத்தையா",பிரேமா பிரசுரம்,2021,180.00,சிறுகதைகள் ,
7028,,7028,திராவிட நாட்டுக் கதைகள் ,சிரஞ்சீவி ,பிரேமா பிரசுரம்,2016,150.00,சிறுகதைகள் ,
7029,,7029,ஒரு காவிரியைப் போல்,லக்ஷ்மி,பூங்கொடி பதிப்பகம்,2020,190.00,சமூக நாவல்,
7030,,7030,செம்மொழி வரலாற்றில் சில செப்பேடுகள் ,கலைஞர்.மு.கருணாநிதி ,செம்மொழித் தமிழாய்வு மத்திய நிறுவனம் ,2021,100.00,மொழியியல்,
7031,,7031,ஆதிச்சநல்லூர் வழக்கு எண் 13096 / 2017,முத்தாலங்குறிச்சி காமராசு ,தமிழ் திசை ,2020,260.00,மொழியியல்,
7032,,7032,தமிழர் ஆடற்கலை ,ம.செ.இரபிசிங்,பாரதி புத்தகாலயம் ,2021,120.00,மொழியியல்,
7033,,7033,பண்பாட்டு அசைவுகள் ,தொ.பரமசிவம்,நக்கீரன்,2021,190.00,வரலாறு,
7034,,7034,பொன்னியின் செல்வன் பாகம் 1,கல்கி ,வனிதா பதிப்பகம்,2022,180.00,வரலாற்று நாவல்,
7035,,7035,பொன்னியின் செல்வன் பாகம் 2,கல்கி ,வனிதா பதிப்பகம்,2022,180.00,வரலாற்று நாவல்,
7036,,7036,பொன்னியின் செல்வன் பாகம் 3,கல்கி ,வனிதா பதிப்பகம்,2022,180.00,வரலாற்று நாவல்,
7037,,7037,பொன்னியின் செல்வன் பாகம் 4,கல்கி ,வனிதா பதிப்பகம்,2022,180.00,வரலாற்று நாவல்,
7038,,7038,பொன்னியின் செல்வன் பாகம் 5,கல்கி ,வனிதா பதிப்பகம்,2022,180.00,வரலாற்று நாவல்,
7039,,7039,விலாசினி ,டாக்டர் எல். கைலாசம் ,வானதி பதிப்பகம்,2014,165.00,வரலாற்று நாவல்,
7040,,7040,வீரகூர்ச்சவர்மன்,ஜெயக்குமார் சுந்தரம்,வானதி பதிப்பகம்,2021,250.00,வரலாற்று நாவல்,
7041,,7041,அற்றைத் திங்களில்,மீனாட்சி அடைக்கப்பன்,வானதி பதிப்பகம்,2021,200.00,வரலாற்று நாவல்,
7042,,7042,கலிங்கம் வென்ற காவலன் ,முகிலன்,வானதி பதிப்பகம்,2021,200.00,வரலாற்று நாவல்,
7043,,7043,மஹா சத்ரபதி ருத்ரதாமன் ,ஜெயக்குமார் சுந்தரம்,வானதி பதிப்பகம்,2021,200.00,வரலாற்று நாவல்,
7044,,7044,கூடலழகி ( பாகம் 1 ),காலச்சக்கரம் நரசிம்மா ,வானதி பதிப்பகம்,2021,450.00,வரலாற்று நாவல்,
7045,,7045,தீரா வஞ்சம் தீர வாராயோ ,மீனாட்சி அடைக்கப்பன்  ,வானதி பதிப்பகம்,2020,650.00,வரலாற்று நாவல்,
7046,,7046,மதுரை கொண்ட இராஜகேசரி ( பாகம் 1 ),சக்திஸ்ரீ & சி.வெற்றிவேல்,வானதி பதிப்பகம்,2019,450.00,வரலாற்று நாவல்,
7047,,7047,விசித்திரன் ,டாக்டர் எல். கைலாசம் ,வானதி பதிப்பகம்,2020,450.00,வரலாற்று நாவல்,
7048,,7048,உத்தம நந்தினி ( பாகம் 1 ),ரெங்கநாதன் ஞானசேகரன்,வானதி பதிப்பகம்,2019,450.00,வரலாற்று நாவல்,
7049,,7049,உத்தம நந்தினி ( பாகம் 2 ),ரெங்கநாதன் ஞானசேகரன்,வானதி பதிப்பகம்,2019,550.00,வரலாற்று நாவல்,
7050,,7050,தளசிங்கம் ,பௌசியா இக்பால்,வானதி பதிப்பகம்,2022,100.00,வரலாற்று நாவல்,
7051,,7051,வைக்கவண்டி கணேசன் ,க.தங்கமணி ,வானவில் ,2021,340.00,சமூக நாவல்,
7052,,7052,ஊர்வாய்,கூ.பழனியாண்டி,பாரதி புத்தகாலயம் ,2022,110.00,சமூக நாவல்,
7053,,7053,அபயரங்கதிலகா ,ஜெயராமன் ரகுநாதன் ,வானதி பதிப்பகம்,2021,100.00,சமூக நாவல்,
7054,,7054,நூறு நாற்காலிகள் ,ஜெய மோகன்,வம்சி புக்ஸ் ,2019,50.00,சமூக நாவல்,
7055,,7055,தொட்டுக் கொள்ளவா தொடர்ந்து செல்லவா..,ஜெயராமன் ரகுநாதன் ,வானதி பதிப்பகம்,2021,150.00,சமூக நாவல்,
7056,,7056,ஆகாயத்தில் பூகம்பம் ,பட்டுக்கோட்டை பிரபாகரன் ,வானவில்,2017,200.00,சமூக நாவல்,
7057,,7057,ஒரு காதலன் ஒரு காதலி ,பட்டுக்கோட்டை பிரபாகரன் ,வானவில்,2016,150.00,சமூக நாவல்,
7058,,7058,மண்டியிடுங்கள் தந்தையே ,எஸ்.ராமகிருஷ்ணன் ,தேசாந்திரி பதிப்பகம்,2021,350.00,சமூக நாவல்,
7059,,7059,விரும்பிச் சொன்ன பொய்கள் ,சுஜாதா ,விசா பப்ளிகேஷன்ஸ்,2020,60.00,சமூக நாவல்,
7060,,7060,நீர்வான நகரம் ,சுஜாதா ,விசா பப்ளிகேஷன்ஸ்,2018,100.00,சமூக நாவல்,
7061,,7061,6961,சுஜாதா ,விசா பப்ளிகேஷன்ஸ்,2020,85.00,சமூக நாவல்,
7062,,7062,நிலம் பூத்து மலர்ந்த நாள்,கே.வி.ஜெயஸ்ரீ ,வம்சி புக்ஸ் ,2021,300.00,சமூக நாவல்,
7063,,7063,மனிதன் ,ஏ.எஸ்.ராகவன் ,திருமகள் நிலையம்,2012,190.00,சமூக நாவல்,
7064,,7064,பஷீரின் அறை அத்தனை எளிதில் திறக்கக்கூடியதல்ல,பவா செல்லதுரை,வம்சி புக்ஸ் ,2016,150.00,சமூக நாவல்,
7065,,7065,பொம்மராயன்,ஜார்ஜ் அந்தோணி சாமி,வம்சி புக்ஸ் ,2021,150.00,சமூக நாவல்,
7066,,7066,காதல் எக்ஸ்பிரஸ்,ஜி.ஆர்.சுரேந்தர்நாத் ,வானவில் ,2022,555.00,சமூக நாவல்,
7067,,7067,சூல் ,சோ.தர்மன் ,அடையாளம்,2021,380.00,சமூக நாவல்,
7068,,7068,வெக்கை ,பூமணி,நற்றிணை,2016,100.00,சமூக நாவல்,
7069,,7069,கூகை ,சோ.தர்மன் ,அடையாளம்,2017,300.00,சமூக நாவல்,
7070,,7070,சேதுநாட்டு வேங்கை ,இந்திரா சௌந்தர்ராஜன்,திருமகள் நிலையம்,2018,275.00,சமூக நாவல்,
7071,,7071,கண்ணன் வருவான் பாகம் 2,இந்திரா சௌந்தர்ராஜன்,திருமகள் நிலையம்,2022,225.00,ஆன்மீகம்/நாவல்,
7072,,7072,பதினெட்டாவது படி ,இந்திரா சௌந்தர்ராஜன்,திருமகள் நிலையம்,2021,215.00,ஆன்மீகம்/நாவல்,
7073,,7073,மோகினித் தீவு ,கல்கி ,திருமகள் நிலையம்,2019,65.00,வரலாற்று நாவல்,
7074,,7074,வயது வந்தவர்களுக்கு மட்டும் ,கி.ராஜநாராயணன் ,அன்னம் ,2019,200.00,சமூக நாவல்,
7075,,7075,வேதபுரத்தார்க்கு ,கி.ராஜநாராயணன் ,அன்னம் ,2014,150.00,சமூக நாவல்,
7076,,7076,கடை ,தேனி சீருடையான் ,அன்னம் ,2014,110.00,சமூக நாவல்,
7077,,7077,அக்கா ,க.பஞ்சாங்கம் ,அன்னம் ,2016,200.00,சமூக நாவல்,
7078,,7078,தீராக் காதல் ,ஜி.ஆர்.சுரேந்தர்நாத் ,சிக்ஸ்த்சென்ஸ்,2015,110.00,சமூக நாவல்,
7079,,7079,அறம் ,ஜெயமோகன் ,வம்சி புக்ஸ் ,2022,400.00,சிறுகதைகள்,
7080,,7080,காதில் விழுந்த கதைகள் ,கி.ராஜநாராயணன் ,அன்னம் ,2020,160.00,சிறுகதைகள்,
7081,,7081,லீலை ,கி.ராஜநாராயணன் ,அன்னம் ,2016,140.00,சிறுகதைகள்,
7082,,7082,கடவுளின் நாக்கு ,எஸ்.ராமகிருஷ்ணன் ,தேசாந்திரி பதிப்பகம்,2019,360.00,சிறுகதைகள்,
7083,,7083,யேசு கதைகள் ,கே.வி.ஜெயஸ்ரீ ,வம்சி புக்ஸ் ,2015,120.00,சிறுகதைகள்,
7084,,7084,நட்சத்திரங்கள் ஒளிந்து கொள்ளும் கருவறை,பவா செல்லதுரை,வம்சி புக்ஸ் ,2018,100.00,சிறுகதைகள்,
7085,,7085,வெண்கடல்,ஜெயமோகன் ,வம்சி புக்ஸ் ,2021,200.00,சிறுகதைகள்,
7086,,7086,மழைக்கண்,செந்தில் ஜெகநாதன் ,வம்சி புக்ஸ் ,2021,150.00,சிறுகதைகள்,
7087,,7087,தடை செய்யப்பட்ட கதைகள்,ரிஷான் ஷெரீப் ,வம்சி புக்ஸ் ,2022,180.00,சிறுகதைகள்,
7088,,7088,வலி ,சுப.வீரபாண்டியன்,வானவில்,2017,85.00,சிறுகதைகள்,
7089,,7089,சிறகை விரிப்போம் ,தென்கச்சி கோ.சுவாமிநாதன் ,சிக்ஸ்த்சென்ஸ்,2022,244.00,சிறுகதைகள்,
7090,,7090,அரிச்சுவடியில் காணப்படாத எழுத்து,எம்.ரிஷான் ஷெரீப்,வம்சி புக்ஸ் ,2022,200.00,சிறுகதைகள்,
7091,,7091,பெருந்தீ ,மணிமால ,வம்சி புக்ஸ் ,2021,180.00,சிறுகதைகள்,
7092,,7092,வெள்ளை மாடு ,தங்கர்பச்சான் ,அன்னம் ,2018,110.00,சிறுகதைகள்,
7093,,7093,ஜென் தத்துவக்கதைகள்,குருஜி வாசுதேவ்,சிக்ஸ்த்சென்ஸ் பப்ளிகேஷன்ஸ்,2011,130.00,ஆன்மீகம்,
7094,,7094,சித்தம்... சிவம்... சாகசம்!,இந்திரா சௌந்தர்ராஜன்,விகடன் பிரசுரம் ,2018,225.00,ஆன்மீகம்,
7095,,7095,தியானம் ,குன்றில்குமார்,குறிஞ்சி,2016,130.00,ஆன்மீகம்,
7096,,7096,பகவத்கீதை ,அ.ச.பக்திவேதாந்த சுவாமி,பக்திவேதாந்த அறக்கட்டளை,2021,200.00,ஆன்மீகம்,
7097,,7097,கிருஷ்ணர் ,அ.ச.பக்திவேதாந்த சுவாமி,பக்திவேதாந்த அறக்கட்டளை,2021,200.00,ஆன்மீகம்,
7098,,7098,வால்மீகி இராமயணம் ,பூர்ணபிரக்ஞ தாஸ்,ஸ்ரீ ஸ்ரீ சீதாராம் சேவா ,2020,100.00,ஆன்மீகம்,
7099,,7099,உயிர் வளர்க்கும் திருமந்திரம் பாகம் 2,கரு.ஆறுமுகத்தமிழன்,தமிழ் திசை ,2022,225.00,ஆன்மீகம்,
7100,,7100,சதுரகிரி யாத்திரை ,பி.சுவாமிநாதன்,விகடன்,2016,165.00,ஆன்மீகம்,
7101,,7101,உயிர் வளர்க்கும் திருமந்திரம் பாகம் 1,கரு.ஆறுமுகத்தமிழன்,தமிழ் திசை ,2022,180.00,ஆன்மீகம்,
7102,,7102,இஸ்லாம் நம்பிக்கைகளும் போதனைகளும்,குலாம் சர்வர்,இஸ்லாமிய நிறுவனம்,2018,320.00,ஆன்மீகம்,
7103,,7103,இஸ்லாம் சில நிமிடங்களில் ,ஹபீப் முஹம்மத் ,இஸ்லாமிய நிறுவனம்,2021,70.00,ஆன்மீகம்,
7104,,7104,இஸ்லாம் ஒரு நடுநிலை மார்க்கம் ,யூஸூஃப் அல்கர்ழாவி,இஸ்லாமிய நிறுவனம்,2021,160.00,ஆன்மீகம்,
7105,,7105,இதுதான் இஸ்லாம்  பாகம் 1,அபுல் அஃலா மௌதூதி ,இஸ்லாமிய நிறுவனம்,2021,75.00,ஆன்மீகம்,
7106,,7106,ஆகமமா ? வருணாசிரமமா ?,வெ.சிவப்பிரகாசம்,கிழைக்காற்று,2016,60.00,அரசியல் ,
7107,,7107,கண்ணை மறைக்கும் காவிப் புழுதி ,கட்டுரைகள்,கிழைக்காற்று,2020,100.00,அரசியல் ,
7108,,7108,கருப்பும் நீலமும் ,சாரதா தேவி ,கருஞ்சட்டைப் பதிப்பகம்,2021,150.00,அரசியல் ,
7109,,7109,பெரியார் தமிழ் இனத்தின் பகைவரா ,வாலாசா வல்லவன் ,காம்ரேடு,2021,180.00,அரசியல் ,
7110,,7110,ஜெயலலிதா,வலம்புரிஜான்,நக்கீரன்,2020,150.00,அரசியல் ,
7111,,7111,தமிழ்ப் பெரியார் வ.உ.சி.,ஆ.அறிவழகன் ,பரிசல் புத்தகநிலையம்,2021,150.00,அரசியல் ,
7112,,7112,சுதந்தரத் தமிழ்நாடு ஏன் ?,தந்தை பெரியார் ,நிமிர் பதிப்பகம்,2022,80.00,அரசியல் ,
7113,,7113,பெண் ஏன் அடிமையானால்                       ,தந்தை பெரியார் ,நன்செய் பிரசுரம் ,2021,10.00,அரசியல் ,
7114,,7114,முதுகுளத்தூர் படுகொலை ,கா.அ.மணிக்குமார்,பாரதி புத்தகாலயம் ,2018,150.00,அரசியல் ,
7115,,7115,கறுப்பினப் பெண்ணியம் பிரகடனம் ,யாழினி,அணங்கு,2017,60.00,அரசியல் ,
7116,,7116,வ.உ.சி.யும் காந்தியும் 347 ரூபாய்  12 அணா ,ஆ.இரா.வேங்கடாசலபதி ,காலச்சுவடு பதிப்பகம்,2021,140.00,அரசியல் ,
7117,,7117,பாரிஸ் கம்யூனில் பெண்கள் ,நிழல்வண்ணன்,விடியல் பதிப்பகம்,2016,75.00,அரசியல் ,
7118,,7118,மாபெரும் தெலுங்கானா போராட்டம் ,புதிய ஜனநாயகம் ,கிழைக்காற்று,2016,40.00,அரசியல் ,
7119,,7119,புயலின் மையம் ,ராஜம் கிருஷ்ணன் ,பிரக்ஞை,2015,200.00,அரசியல் ,
7120,,7120,சாதி எதிர் வர்க்கம் ,ம.மதிவண்ணன்,கறுப்புப் பிரதிகள்,2018,70.00,அரசியல் ,
7121,,7121,பேரழிவில் தமிழர் தாயகங்கள் ,க.அருணபாரதி ,பன்மை வெளி,2020,200.00,அரசியல் ,
7122,,7122,காஷ்மீர் யாருக்குச் சொந்தம் ?,புதிய ஜனநாயகம் ,புதிய ஜனநாயகம் ,2019,60.00,அரசியல் ,
7123,,7123,தமிழர் நீர் மேலாண்மை ,அறிஞர்கள் கட்டுரை ,பன்மை வெளி,2022,100.00,அரசியல் ,
7124,,7124,வீழ்வேனென்று நினைத் தாயோ ?,சி.மகேந்திரன்,விகடன் ,2011,100.00,அரசியல் ,
7125,,7125,பவுத்தம்: ஆரிய-திராவிடப் போரின் தொடக்கம் ,எழில்.இளங்கோ,வானவில்,2019,166.00,அரசியல் ,
7126,,7126,ஈழம் இன்று ,ப.திருமாவேலன் ,விகடன்,2010,95.00,அரசியல் ,
7127,,7127,காந்தியும் தமிழ்ச் சனாதனிகளும்,அ.மார்க்ஸ்,பிரக்ஞை,2016,130.00,அரசியல் ,
7128,,7128,நான் ஏன் இந்து அல்ல ,காஞ்சா அய்லய்யா ,அடையாளம்,2017,160.00,அரசியல் ,
7129,,7129,தமிழக நாடார்கள் ,இராபர்ட் எல்.ஹார்டுகிரேவ்,அடையாளம்,2019,480.00,அரசியல் ,
7130,,7130,திராவிடம் தமிழ்த் தேசம் கதையாடல் ,தமிழவன் ,அடையாளம்,2016,200.00,அரசியல் ,
7131,,7131,யுதபயங்கரவாதிகளின் இரகசிய அறிக்கை,செர்கி நிலஸ்,அடையாளம்,2020,100.00,அரசியல் ,
7132,,7132,ஆரியத்தால் வீழ்ந்தோம் திராவிடத்தால் எழுந்தோம் ,மஞ்சை வசந்தன்,புரட்சிக்கனல்,2012,100.00,அரசியல் ,
7133,,7133,காவிரி வெறும் நீரல்ல ,தங்க.ஜெயராமன் ,க்ரியா,2019,160.00,அரசியல்,
7134,,7134,நன்மைகளின் கருவூலம் ,ஜோசப் ஜெயராஜ் ,பாரதி புத்தகாலயம் ,2019,150.00,பொது அறிவு,
7135,,7135,மண்டபத்தரம் ,கோபிநாத் ,சிக்ஸ்த்சென்ஸ்,2018,77.00,தன்முன்னேற்ற நூல்கள்,
7136,,7136,நீங்கள் எந்தப் பக்கம் ,சுப.வீரபாண்டியன்,கருஞ்சட்டைப் பதிப்பகம்,2021,70.00,அரசியல்,
7137,,7137,சூப்பர் ஹீரோஸ்,முகில் ,வானவில் ,2022,166.00,பொது அறிவு,
7138,,7138,அடங்க மறு ,ஸர்மிளா செய்யித்,நீலம்,2022,300.00,பொது அறிவு,
7139,,7139,ஆனந்த யாழ் ,ஆரூர் தமிழ்நாடன் ,நக்கீரன் ,2021,175.00,பொது அறிவு,
7140,,7140,மனு அதர்மம் ,பிரபஞ்சன்,நக்கீரன்,2020,120.00,பொது அறிவு,
7141,,7141,சபாஷ் சாணக்கியா பாகம் 1,சோம வீரப்பன்,தமிழ் திசை ,2020,170.00,பொது அறிவு,
7142,,7142,சபாஷ் சாணக்கியா பாகம் 3,சோம வீரப்பன்,தமிழ் திசை ,2022,170.00,பொது அறிவு,
7143,,7143,பேசும் படம் ,பி.எம்.சுதிர் ,தமிழ் திசை ,2021,160.00,வரலாறு,
7144,,7144,"போலி அறிவியல் மாற்று மருத்துவம் 
மூடநம்பிக்கை",டாக்டர் சட்வா,நிகர்மொழி பதிப்பகம்,2021,120.00,பொது அறிவு,
7145,,7145,கருவறை நுழைவும் சாதி ஒழிப்பும் ,வெ.சிவப்பிரகாசம்,கருஞ்சட்டைப் பதிப்பகம்,2021,130.00,பகுத்தறிவு,
7146,,7146,உணவு யுத்தம்,எஸ்.ராமகிருஷ்ணன் ,தேசாந்திரி பதிப்பகம்,2019,275.00,பொது அறிவு,
7147,,7147,கோடுகள் இல்லாத வரைபடம் ,எஸ்.ராமகிருஷ்ணன் ,தேசாந்திரி பதிப்பகம்,2019,75.00,பொது அறிவு,
7148,,7148,ஏன் வேண்டாம் நீட்,பிரின்ஸ் கஜேந்திரபாபு,நிமிர் வெளியீடு,2022,80.00,பொது அறிவு,
7149,,7149,ஆண் நன்று பெண் இனிது ,சக்திஜோதி ,தமிழ் திசை ,2018,150.00,பொது அறிவு,
7150,,7150,தொடர்பியல் சமுகம் வாழ்க்கை ,க.பூரணச்சந்திரன்,அடையாளம்,2017,150.00,பொது அறிவு,
7151,,7151,கொங்குக் குடியானவர் சமுகம் ,பிரண்டா பெக்,அடையாளம்,2019,460.00,பொது அறிவு,
7152,,7152,அன்பு என்னும் கலை ,எரிக் ஃபிராம்,அடையாளம்,2018,150.00,பொது அறிவு,
7153,,7153,சிதம்பர நினைவுகள் ,கே.வி.ஷைலஜா,வம்சி புக்ஸ் ,2020,150.00,பொது அறிவு,
7154,,7154,பாலகுமாரின் முகநூல் பக்கம் ,பாலகுமார் ,விசா பப்ளிகேஷன்ஸ்,2018,125.00,பொது அறிவு,
7155,,7155,மறக்கவே நினைக்கிறேன்,மாரி செல்வராஜ்,வம்சி புக்ஸ் ,2021,300.00,பொது அறிவு,
7156,,7156,இந்திய வானம் ,எஸ்.ராமகிருஷ்ணன் ,தேசாந்திரி பதிப்பகம்,2021,240.00,பொது அறிவு,
7157,,7157,பெண்களை உயர்த்துவோம் சமுதாயத்தை உயர்த்துவோம் ,மெலின்டா கேட்ஸ்,மஞ்சுள் ,2019,399.00,அரசியல்,
7158,,7158,வெட்கம் விட்டுப் பேசலாம் ,சி.சரவண கார்த்திகேயன் ,சிக்ஸ்த்சென்ஸ்,2014,145.00,பொது அறிவு,
7159,,7159,அகிலம் போற்றும் அற்புத பெண்மணிகள்,எஸ்.சரஸ்வதி,தாமரை பப்ளிகேஷன்ஸ்,2015,75.00,பொது அறிவு,
7160,,7160,வளரும் அறிவியல் களஞ்சியம் ,மயில்சாமி அண்ணாதுரை ,சிக்ஸ்த்சென்ஸ்,2012,125.00,அறிவியல்,
7161,,7161,போர்முனை முதல் தெருமுனை வரை ,விஞ்ஞானி வி.டில்லிபாபு,தமிழ் திசை ,2021,180.00,அறிவியல்,
7162,,7162,பூமியின் குட்டி விண்மீன்கள் ,ஜீயோ டாமின்,பூவுலகின் நண்பர்கள் ,2021,80.00,சூழலியல்/வேளாண்மை,
7163,,7163,நம்மைச்சுற்றி காட்டுயிர் ,சு.தியடோர் பாஸ்கரன் ,பாரதி புத்தகாலயம் ,2020,50.00,சூழலியல்/வேளாண்மை,
7164,,7164,கானுறை வேங்கை இயற்கை வரலாறும் பராமரிப்பும் ,சு.தியடோர் பாஸ்கரன் ,காலச்சுவடு பதிப்பகம்,2021,250.00,சூழலியல்/வேளாண்மை,
7165,,7165,இல்லந்தோறும் இயற்கை மருத்துவம் (பாகம் 2),க.வேங்கடேசன்,மூலிகைமணி,2017,150.00,மருத்துவம்,
7166,,7166,இல்லந்தோறும் இயற்கை மருத்துவம் (பாகம் ),க.வேங்கடேசன்,மூலிகைமணி,2017,150.00,மருத்துவம்,
7167,,7167,நம் நாட்டு மூலிகைகள் பாகம் 1,க.வேங்கடேசன்,மூலிகைமணி,2016,250.00,மருத்துவம்,
7168,,7168,நம் நாட்டு மூலிகைகள் பாகம் 2,க.வேங்கடேசன்,மூலிகைமணி,2016,250.00,மருத்துவம்,
7169,,7169,நம் நாட்டு மூலிகைகள் பாகம் 3,க.வேங்கடேசன்,மூலிகைமணி,2016,250.00,மருத்துவம்,
7170,,7170,நம் நாட்டு மூலிகைகள் பாகம் 4,க.வேங்கடேசன்,மூலிகைமணி,2016,250.00,மருத்துவம்,
7171,,7171,உணவு சரித்திரம் பாகம் 1,முகில் ,சிக்ஸ்த்சென்ஸ்,2019,333.00,மருத்துவம்,
7172,,7172,உணவு சரித்திரம் பாகம் 2,முகில் ,சிக்ஸ்த்சென்ஸ்,2019,377.00,மருத்துவம்,
7173,,7173,உணவு சரித்திரம் பாகம் 3,முகில் ,சிக்ஸ்த்சென்ஸ்,2022,399.00,மருத்துவம்,
7174,,7174,ஆயுர்வேதம் ஆரோக்கியம் ,டாக்டர் இல.மகாதேவன்,தமிழ் திசை ,2022,300.00,மருத்துவம்,
7175,,7175,நோய்நாடி நோய்முதல் நாடி ,டாக்டர் தெ.வேலாயுதம்,விகடன்,2021,150.00,மருத்துவம்,
7176,,7176,விடுதலைப் போரின் வீரமரபு ,கட்டுரைகள்,கிழைக்காற்று,2016,80.00,வரலாறு,
7177,,7177,இராஜேந்திர சோழன்,"பேராசிரியர் ம.இராசசேகர 
தங்கமணி",விகடன்,2017,235.00,வரலாறு,
7178,,7178,மும்முடி கொண்ட சோழன் ,மா.ந.திருஞானசம்பந்தன்,கங்கை புத்தகநிலையம் ,2021,290.00,வரலாறு,
7179,,7179,கிழவன் சேதுபதி ,மீ.மனோகரன் ,அகரம்,2016,140.00,,
7180,,7180,சரித்திரத்தைச் சிவப்பாக்கியவர்கள்,ஜினேஷ்குமார் எரமம்,நியூ செஞ்சுரி ,2010,50.00,வரலாறு,
7181,,7181,கிறுக்கு ராஜாக்களின் கதை,முகில் ,சிக்ஸ்த்சென்ஸ்,2022,399.00,வரலாறு,
7182,,7182,வரலாறு படைத்த வரலாறு ,நாகூர் ரூமி,சிக்ஸ்த்சென்ஸ்,2016,200.00,வரலாறு,
7183,,7183,தேரிக்காட்டு ஜமீன்களின் வரலாறு ,முத்தாலங்குறிச்சி காமராசு ,தமிழ் திசை ,2018,170.00,வரலாறு,
7184,,7184,சுரங்க நகரம் ,மு.நடேசன் ,செம்மண் பதிப்பகம் ,,150.00,வாழ்க்கை வரலாறு,
7185,,7185,கமல் ,பா.தினதயாலன்,கிழக்கு பதிப்பகம்,2009,295.00,வாழ்க்கை வரலாறு,
7186,,7186,ராஜா ஸாண்டோ,டி.வி.ராமநாத்,காலச்சுவடு பதிப்பகம்,2012,90.00,வாழ்க்கை வரலாறு,
7187,,7187,மூன்றாம் பிறை,கே.வி.ஷைலஜா,வம்சி புக்ஸ் ,2019,100.00,வாழ்க்கை வரலாறு,
7188,,7188,`கொங்கு தேன்,சிவகுமார்,தமிழ் திசை ,2021,225.00,வாழ்க்கை வரலாறு,
7189,,7189,சாண்டோ சின்னப்பா தேவர் ,பா.தினதயாலன்,சிக்ஸ்த்சென்ஸ்,2017,133.00,வாழ்க்கை வரலாறு,
7190,,7190,காவியத் தலைவர் காமராஜர் ,பட்டுக்கோட்டை ராஜா ,சிக்ஸ்த்சென்ஸ்,2022,344.00,வாழ்க்கை வரலாறு,
7191,,7191,மறக்கவே முடியாத மக்கள் திலகம் ,பாலபாரதி ,நக்கீரன்,2021,425.00,வாழ்க்கை வரலாறு,
7192,,7192,எம்.ஆர்.ராதாவின் சிறைச்சாலை சிந்தனைகள் ,விந்தன் ,பாரதி புத்தகாலயம் ,2018,120.00,வாழ்க்கை வரலாறு,
7193,,7193,நேதாஜி சுபாஷ் சந்திரபோஸ்,குகன்,வானவில்,2022,222.00,வாழ்க்கை வரலாறு,
7194,,7194,ஹியூகோ சாவேஸ்,மருதன்,கிழக்கு பதிப்பகம்,2006,130.00,வாழ்க்கை வரலாறு,
7195,,7195,லீ குவான் யூ சிங்கப்பூரின் சிற்பி ,எஸ்.எல்.வி.மூர்த்தி,கிழக்கு பதிப்பகம்,2016,300.00,வாழ்க்கை வரலாறு,
7196,,7196,வாரன் பஃபட் பணக் கடவுள் ,செல்லமுத்து குப்புசாமி,கிழக்கு பதிப்பகம்,2007,175.00,வாழ்க்கை வரலாறு,
7197,,7197,ஃ பிடல் காஸ்ட்ரோ ,வீ.ப.கணேசன் ,பாரதி புத்தகாலயம் ,2018,100.00,வாழ்க்கை வரலாறு,
7198,,7198,சே குவாரா ,அஜயன் பாலா ,விகடன்,2011,60.00,வாழ்க்கை வரலாறு,
7199,,7199,ஜார்ஜ் வாஷிங்டன்,ம.லெனின் ,வானவில்,2021,90.00,வாழ்க்கை வரலாறு,
7200,,7200,பெண் பித்தன் கலீக்யுலா,குன்றில் குமார்,சாருபிரபா பப்ளிகேஷன்ஸ்,2014,70.00,வாழ்க்கை வரலாறு,
7201,,7201,கிளியோபாட்ரா இரும்புப்பெண்மணி ,எஸ்.எஸ்.வி.மூர்த்தி,சிக்ஸ்த்சென்ஸ்,2020,366.00,வாழ்க்கை வரலாறு,
7202,,7202,செங்கிஸ்கான்,எஸ்.எஸ்.வி.மூர்த்தி,சிக்ஸ்த்சென்ஸ்,2018,266.00,வாழ்க்கை வரலாறு,
7203,,7203,ஒவ்வொரு புல்லையும் பெயர் சொல்லி அழைப்பேன் ,இன்குலாப் ,அன்னம் ,2017,600.00,கவிதைகள்,
7204,,7204,அப்பாவின் மிதிவண்டி ,தே.இராஜலட்சுமி,வனிதா பதிப்பகம்,2022,100.00,கவிதைகள்,
7205,,7205,வெள்ளந்தி மனிதர்கள் ,நா.காமராசன்,மதி பப்ளிகேஷன்,2021,100.00,கவிதைகள்,
7206,,7206,தெருவெல்லாம் தேவதைகள் ,கோபிநாத்,நக்கீரன்,2018,100.00,கவிதைகள்,
7207,,7207,கந்தர்வன் கவிதைகள் ,கந்தர்வன்,பாரதி புத்தகாலயம் ,2017,150.00,கவிதைகள்,
7208,,7208,அருள்மொழி நங்கை,ஜெகசிற்பியன்,வானதி பதிப்பகம்,2020,120.00,நாடகம்,
7209,,7209,தமிழக நாட்டுப்புற விளையாட்டுகள்,செல்வி சிவகுமார் ,வனிதா பதிப்பகம்,2022,100.00,சிறுவர் நூல்கள்,
7210,,7210,முல்லாவின் வேடிக்கை கதைகள்,முல்லை முத்தையா,நியூ செஞ்சுரி,2016,130.00,சிறுவர் நூல்கள்,
7211,,7211,சங்கத் தமிழ் ,கலைஞர்,திருமகள் நிலையம்,2021,720.00,மொழியியல்,
7212,,7212,அணையா பெரு நெருப்பு ( சே குவேரா ),ஆதனூர் சோழன்,நக்கீரன்,2021,175.00,வாழ்க்கை வரலாறு,
7213,,7213,ஹிட்லர் ,ஆதனூர் சோழன்,நக்கீரன்,2021,250.00,வாழ்க்கை வரலாறு,
7214,,7214,உங்களில் ஒருவன் ,மு.க.ஸ்டாலின்,பூம்புகார் பதிப்பகம் ,2022,500.00,வாழ்க்கை வரலாறு,
7215,,7215,தெற்கிலிருந்து ஒரு சூரியன்,கே.அசோகன் ,தமிழ் திசை ,2021,300.00,வாழ்க்கை வரலாறு,
7216,,7216,"பள்ளிகளில் சாரண, சாரணியர் இயக்கம் ",கோ.பெரியண்ணன் ,வனிதா பதிப்பகம்,2022,100.00,பொது அறிவு,
7217,,7217,பிட்காயின் பரமபதம் ,ரவி சுப்பிரமணியன்,வானவில்,2021,499.00,பொது அறிவு,
7218,,7218,ஜாதியற்றவளின் குரல் ,ஜெயராணி ,எதிர் வெளியீடு,2013,450.00,பொது அறிவு,
7219,,7219,ஒரு பொருளாதார அடியாளின் ஒப்புதல் வாக்குமூலம் ,ஜான் பெர்க்கின்ஸ் ,பாரதி புத்தகாலயம் ,2021,280.00,பொது அறிவு,
7220,,7220,நந்திபுரம்,இந்திரா சௌந்தர்ராஜன்,திருமகள் நிலையம்,2021,600.00,ஆன்மீகம்/நாவல்,
7221,,7221,மாபெரும் சபைதனில் ,உதயச்சந்திரன் IAS,விகடன்,2020,300.00,தன்முன்னேற்ற நூல்கள்,
7222,,7222,புவி வெப்பமயமாதல் ,டீன் குட்வின் ,அடையாளம்,2012,160.00,சூழலியல்/வேளாண்மை,
7223,,7223,விசாரணை ,ஃப்ரன்ஸ் காஃப்கா ,க்ரியா,2022,280.00,சமூக நாவல்,
7224,,7224,கையிலிருக்கும் பூமி ,சு.தியடோர் பாஸ்கரன் ,உயிர்மை பதிப்பகம்,2021,700.00,சூழலியல்/வேளாண்மை,
7225,,7225,புதிய நோக்கில் களப்பிரர் வரலாறு,ஆ.பத்மாவதி,செம்மொழித் தமிழாய்வு மத்திய நிறுவனம் ,2021,250.00,மொழியியல்,
7226,,7226,தூங்காநகர நினைவுகள் ,அ.முத்துக்கிருஷ்ணன்,விகடன் ,2021,500.00,வரலாறு,
7227,,7227,லத்தீன் அமெரிக்கா,ந.மாலதி,நிமிர் வெளியீடு,2019,400.00,வரலாறு,
7228,,7228,எது நடந்ததோ அது நன்றாக நடக்கவில்லை,ஜெயராணி,பாரதி புத்தகாலயம் ,2018,210.00,அரசியல்,
7229,,7229,நுகத்தடி ,பாண்டியக் கண்ணன் ,பாரதி புத்தகாலயம் ,2018,210.00,சமூக நாவல்,
7230,,7230,இறையுதிர் காடு ( பாகம் 1 ),இந்திரா சௌந்தர்ராஜன்,விகடன் ,2021,700.00,சமூக நாவல்,
7231,,7231,இறையுதிர் காடு ( பாகம் 2 ),இந்திரா சௌந்தர்ராஜன்,விகடன் ,2021,700.00,சமூக நாவல்,
7232,,7232,ரெண்டாம் ஆட்டம் ,லஷ்மி சரவணகுமார்,விகடன் ,2021,650.00,சமூக நாவல்,
7233,,7233,வ.உ.சி. பன்னூல் திரட்டு ,வீ.அரசு ,தமிழ்நாடு பாடநூல் கழகம் ,2021,355.00,மொழியியல்,
7234,,7234,ஆசிய நாடுகளின் அரசாங்கங்கள் ,சோ.சுப்பிரமணியன்,தமிழ்நாடு பாடநூல் கழகம் ,2019,165.00,அரசியல்,
7235,,7235,இந்திய அரசாங்கமும் அரசியலும் ,இல.தியாகராசன் ,தமிழ்நாடு பாடநூல் கழகம் ,2022,215.00,அரசியல்,
7236,,7236,அமைச்சரவை ஆட்சி இயல் ,நல்.முருகேச முதலியார் ,தமிழ்நாடு பாடநூல் கழகம் ,2019,105.00,அரசியல்,
7237,,7237,தொல்காப்பியம் ,வி.முருகன்,செம்மொழித் தமிழாய்வு மத்திய நிறுவனம் ,2021,1300.00,இலக்கியம்,
7238,,7238,திருக்குறள் பாகம் 1 (  அறத்துப்பால்  ),எ.எ.மணவாளன் ,செம்மொழித் தமிழாய்வு மத்திய நிறுவனம் ,2010,800.00,இலக்கியம்,
7239,,7239,திருக்குறள் பாகம் 2 ( பொருட்பால் ),எ.எ.மணவாளன் ,செம்மொழித் தமிழாய்வு மத்திய நிறுவனம் ,2021,1000.00,இலக்கியம்,
7240,,7240,திருக்குறள் பாகம்  3  ( காமத்துப்பால் ),எ.எ.மணவாளன் ,செம்மொழித் தமிழாய்வு மத்திய நிறுவனம் ,2021,400.00,இலக்கியம்,
7241,,7241,தொல்காப்பிய ஆய்வு ,அடிகளாசிரியர்,செம்மொழித் தமிழாய்வு மத்திய நிறுவனம் ,2021,200.00,இலக்கியம்,
7242,,7242,"வாய்மொழி வாய்பாட்டுக் கோட்பாட்டு 
நோக்கில் சங்க இலக்கியம் ",க.கார்லோஸ்,செம்மொழித் தமிழாய்வு மத்திய நிறுவனம் ,2021,250.00,இலக்கியம்,
7243,,7243,வந்தார்கள் வென்றார்கள் ,மதன் ,விகடன் ,2021,350.00,வரலாறு,
7244,,7244,புத்தரும் அவர் தம்மமும் ,அம்பேத்கர்,பெரியார்தாசன் நினைவகம் ,2020,460.00,ஆன்மீகம்,
7245,,7245,ரங்க ராஜ்ஜியம் ,இந்திரா சௌந்தர்ராஜன்,விகடன்,2021,650.00,ஆன்மீகம்,
7246,,7246,கணக்குல கில்லாடி ,என்.சொக்கன்,பயில் பதிப்பகம்,2022,299.00,அறிவியல்,
7247,,7247,கம்ப்யூட்டரில் டேட்டா பேஸ் நிர்வாகம் செய்யும் முறைகள்,எஸ்.தணிகை அரசு,நர்மதா பதிப்பகம் ,2008,140.00,அறிவியல்,
7248,,7248,உங்கள் கம்ப்யூட்டரும் அதன் உள் பாகங்களும் எப்படி இயங்குகின்றன?,க.ஸ்ரீதரன்,நர்மதா பதிப்பகம் ,2007,100.00,அறிவியல்,
7249,,7249,திருக்குர்ஆன்,A.குத்புதீன் அஹ்மத் பாகவி,இஸ்லாமிய நிறுவனம்,2020,550.00,ஆன்மீகம்,
7250,,7250,அர்ரஹீக் அல்மக்தூம் ,ஸஃபிய்யுர் ரஹ்மான் முபாரக்பூரி,டருள் ஹுடா,2021,280.00,ஆன்மீகம்,
7251,,7251,அமெரிக்க மக்கள் வரலாறு ,ஹாவாட் ஜின்,சிந்தன் புக்ஸ்,2020,900.00,வரலாறு,
7252,,7252,இயற்கை வழியில் வேளாண்மை ,மசானபு ஃபுகோகா,எதிர் வெளியீடு,2017,650.00,சூழலியல்/வேளாண்மை,
7253,,7253,"பட்டி,வேதாளம்,விக்ரமாதித்தன் கதைகள்",பி.எஸ்.ஆச்சார்யா,சிறுவர்,2019,400.00,சிறுவர் நூல்கள்,
7254,,7254,ஈசாவின் மறுபக்கம்,க.அருணபாரதி,பன்மை வெளி,2022,250.00,பொது,
7255,,7255,பொன்னியின் செல்வன்,கல்கி,நக்கீரன்,2014,410.00,வரலாற்று நாவல்,
7256,,7256,கீழடி வைகை நாகரிகம் ,க.சுபாஷினி,பயில் பதிப்பகம்,2021,199.00,மொழியியல்,
7257,,7257,பூச்சிக்கொல்லிகள் நஞ்சாகும் ,ஜெஃப் கொனன்ட்,அடையாளம்,2012,60.00,சூழலியல்/வேளாண்மை,
7258,,7258,சிந்துவெளிப் பண்பாடும் சங்க இலக்கியமும் ,இராவதம் மகாதேவன் ,செம்மொழித் தமிழாய்வு மத்திய நிறுவனம் ,2016,80.00,வரலாறு,
7259,,7259,கீழடி :     வைகை நதிக்கரையில் சங்க கால நகர நாகரிகம் ,தமிழ்நாடு அரசு ,தொல்லியல் துறை தமிழ்நாடு அரசு ,2022,50.00,மொழியியல்,
7260,,7260,பொருநை  ஆற்றங்கரை நாகரிகம் ,தமிழ்நாடு அரசு ,தொல்லியல் துறை தமிழ்நாடு அரசு ,2022,60.00,மொழியியல்,
7261,,7261,குறத்தியாறு,கௌதம கன்னா,கிழக்கு பதிப்பகம்,2017,350.00,சமூக நாவல்,
7262,,7262,காதலும் காமமும் பாகம் 1,வலம்புரிஜான் ,நக்கீரன் ,2010,180.00,வரலாறு,
7263,,7263,காதலும் காமமும் பாகம் 2,வலம்புரிஜான் ,நக்கீரன் ,2010,190.00,வரலாறு,
7264,,7264,காற்றைக் கைது செய்து ...,சுப.வீரபாண்டியன்,வானவில் ,2017,150.00,அரசியல்,
7265,,7265,குறள் வானம் ,சுப.வீரபாண்டியன்,வானவில்,2017,266.00,மொழியியல்,
7266,,7266,தமிழர் மேல் நிகழ்ந்த பண்பாட்டுப் படையெடுப்புகள் ,க.ப.அறவாணன்,தமிழ்க்கோட்டம்,2019,150.00,மொழியியல்,
7267,,7267,உயர்வானவை ,க.ப.அறவாணன்,தமிழ்க்கோட்டம்,2019,100.00,சிறுகதைகள்,
7268,,7268,எங்கள் தாத்தா அறவாணர் அறமொழிகள்.,க.ப.அறவாணன்,தமிழ்க்கோட்டம்,2019,90.00,மொழியியல்,
7269,,7269,பொங்கட்டும் நல்ல எண்ணங்கள் ,க.ப.அறவாணன்,தமிழ்க்கோட்டம்,2021,100.00,மொழியியல்,
7270,,7270,தமிழர் அடிமையானது ஏன் எவ்வாறு ?,க.ப.அறவாணன்,தமிழ்க்கோட்டம்,2019,200.00,மொழியியல்,
7271,,7271,அறிஞர் போற்றுதும் ,க.ப.அறவாணன்,தமிழ்க்கோட்டம்,2019,150.00,மொழியியல்,
7272,,7272,அன்பன் அறவாணன் ,தாயம்மாள் அறவாணன் ,தமிழ்க்கோட்டம்,2021,325.00,பொது அறிவு,
7273,,7273,அறிஞர் அறவாணர் அன்புரைகள் ,க.அ.அறிவாளன்,தமிழ்க்கோட்டம்,2020,110.00,பொது அறிவு,
7274,,7274,நூறாவது கடத்தல் ,இந்திரா சௌந்தர்ராஜன்,திருமகள் நிலையம்,2006,55.00,சிறுகதைகள்,
7275,,7275,ஈ.கே.நாயனார் ,பி.ஸ்ரீரேகா ,பாரதி புத்தகாலயம் ,2017,50.00,வாழ்கை வரலாறு,
7276,,7276,சரித்திர நாவல்கள் பாகம் 2,கெளதம் நீலாம்பரன் ,ஸ்ரீ செண்பகா பதிப்பகம் ,2008,280.00,வரலாற்று நாவல்,
7277,,7277,ஒரு தமிழ்ப் பாமரனின் பயணம் ,மு.தனராசு,வைகை பதிப்பகம்,2011,300.00,பொது அறிவு,
7278,,7278,அம்பேத்கர் பற்றிய அருண்சோரி நூலுக்கு மறுப்பு,கி.வீரமணி,திராவிடர் கழக வெளியீடு,2005,15.00,அரசியல் ,
7279,,7279,இந்தியப் போர்,சுபாஷ் சந்திரபோஸ்,அலைகள் வெளியீடு,2003,100.00,அரசியல் ,
7280,,7280,போபால்,மருதன்,கிழக்கு வெளியீடு,2010,135.00,அரசியல் ,
7281,,7281,வீரத் தெலங்கானா ஆயுதப் போராட்டமும் அதன் படிப்பினைகளும்,சுந்தரையா,சாளரம்,2003,400.00,அரசியல் ,
7282,,7282,கலவர காலக் குறிப்புகள்,பா.ராகவன்,மதி நிலையம்,,,அரசியல் ,
7283,,7283,அறிவியல் 1000,கூ.கு.அருணாசலம்,மணிவாசகர் பதிப்பகம்,,,அறிவியல்,
7284,,7284,சகோதர சகோதரிகளே...,சுவாமி விவேகானந்தர்,ஸ்ரீராமகிருஷ்ண மடம் ,,,ஆன்மீகம்,
7285,,7285,சாகாவரம்,வெ.இறையன்பு,நியூ செஞ்சுரி புக் ஹவுஸ்,,,ஆன்மீகம்,
7286,,7286,தியானலிங்கம் குரு தந்த குரு,பிரியன் ஸ்ரீநிவாஸன்,ஈஷா அறக்கட்டளை,,,ஆன்மீகம்,
7287,,7287,திருவாய்சொல்,செல்வம்,மணிவாசகர் பதிப்பகம்,,,ஆன்மீகம்,
7288,,7288,தினமும் ஒரு திருவாசகம்,நா.பழநியப்பன்,ஸ்ரீ நிலையம்,,,ஆன்மீகம்,
7289,,7289,விவேக சூடாமணி 2,ஸ்வாமி சின்மயானந்தர்,SRI BAGYALAKSHMI PRESS,,,ஆன்மீகம்,
7290,,7290,ஜாதக கணிதம் பாகம் 3,C.G.ராஜன்,கிரி டிரேடிங் ஏஜென்சி,,,ஆன்மீகம்,
7291,,7291,ஸ்ரீ சாயி சத்சரிதம்,சொக்கலிங்கம் சுப்பிரமணியன்,"ஸ்ரீ சாயிபாபா சன்ஸ்தான் 
ட்ரஸ்ட் ஷீரடி",,,ஆன்மீகம்,
7292,,7292,கம்ப்யூட்டரில் என்ன படிக்கலாம்?,மா.ஆண்டோ பீட்டர்,சாஃப்ட்வியூ பப்ளிகேஷன்,,,பொது அறிவு,
7293,,7293,தலைநிமிர்காலம்,ஆதிகவி,கலையரசி பதிப்பகம்,2021,150.00,கவிதை ,
7294,,7294,தரணியில் உயர்ந்தது எம் தமிழினமே!,வீ.கருப்பையா,தமிழ்மணி நிலையம்,2017,90.00,கவிதை ,
7295,,7295,கவிராஜன் கதை,வைரமுத்து,திருமகள் நி​லையம் ,2003,50.00,கவிதை ,
7296,,7296,காற்சிலம்பு ஓசையிலே... பாகம் 1,பா.விஜய்,குமரன் பதிப்பகம்,2005,120.00,கவிதை ,
7297,,7297,காற்சிலம்பு ஓசையிலே... பாகம் 2,பா.விஜய்,குமரன் பதிப்பகம்,2005,120.00,கவிதை ,
7298,,7298,காவியக் கொடை வள்ளல் கர்ணன்,வே.முனுசாமி,மணிமேகலை பதிப்பகம்,2016,100.00,கவிதை ,
7299,,7299,தேவதையின் காலம்,அழகுநிலா,குமரன் பதிப்பகம்,2004,50.00,கவிதை ,
7300,,7300,சின்ன உளிகள்,கவிமுகில்,கவியரசன் பதிப்பகம்,2001,50.00,கவிதை ,
7301,,7301,ஆரூரான் கவிதைப் பூங்கா,வெ.தியாகராசன்,,,,கவிதை ,
7302,,7302,மனிதன்,ஏ.எஸ்.ராகவன்,திருமகள் நி​லையம் ,2012,190.00,சமூக நாவல் ,
7303,,7303,கள்ளிகாட்டு இதிகாசம்,வைரமுத்து,திருமகள் நி​லையம் ,2008,130.00,சமூக நாவல் ,
7304,,7304,சகுனியின் தாயம்,கே.என்.சிவராமன்,சூரியன் பதிப்பகம்,2014,200.00,சமூக நாவல் ,
7305,,7305,துணை  ,பாலகுமாரன்,விசா பப்ளிகேஷன்,2001,49.00,சமூக நாவல் ,
7306,,7306,திசை கண்டேன் வான் கண்டேன்,சுஜாதா,விசா பப்ளிகேஷன்,2012,75.00,சமூக நாவல் ,
7307,,7307,ஒருமனிதன் ஒரு வீடு ஒரு உலகம்,ஜெயகாந்தன்,மீனாட்சி புத்தக நிலையம்,2001,90.00,சமூக நாவல் ,
7308,,7308,தாத்தா சொன்ன கதைகள்,கி.ராஜநாராயணன்,அன்னம் பிரசுரம்,2017,200.00,சிறுகதைகள்,
7309,,7309,மணற்கேணி,மு.சுப்ரமணி,அலமேலு பதிப்பகம்,2008,60.00,சிறுகதைகள்,
7310,,7310,100 சிறந்த சிறுகதைகள்,எஸ்.ராமகிருஷ்ணன்,டிஸ்கவரி புக் பேலஸ்,2013,650.00,சிறுகதைகள்,
7311,,7311,சந்திரஹாசம்,சு.வெங்கடேசன்,விகடன் கிராபிக்ஸ்,,,சிறுவர் நூல்கள் ,
7312,,7312,பீர்பால் தந்திரக் கதைகள்,முல்லை பி எல்.முத்தையா,நியூ செஞ்சுரி புக் ஹவுஸ்,,,சிறுவர் நூல்கள் ,
7313,,7313,நகைச்சுவை நீதிக்கதைகள்,எம்.ஏ.பழனியப்பன்,தாமரை பப்ளிகேஷன்,,,சிறுவர் நூல்கள் ,
7314,,7314,கார்டனிங் முழுமையான தோட்டக்கலை வழிகாட்டி,ஆர்.வைதேகி,விகடன் பிரசுரம்,,,சூழலியல்/வேளாண்மை,
7315,,7315,நோய் தீர்க்கும் கீரைகள்,கே.எஸ்.சுப்பிரமணி,கிழக்கு வெளியீடு,,,மருத்துவம்,
7316,,7316,எந்நாடுடைய இயற்கையே போற்றி!,கோ.நம்மாழ்வார்,விகடன் பிரசுரம்,,,சூழலியல்/வேளாண்மை,
7317,,7317,வீட்டுத்தோட்டம் மாடித்தோட்டம்,ஆர்.குமரேசன்,விகடன் பிரசுரம்,,,சூழலியல்/வேளாண்மை,
7318,,7318,இயற்கை வேளாண்மை ,பொன்.செந்தில்குமார்,விகடன் பிரசுரம்,,,சூழலியல்/வேளாண்மை,
7319,,7319,ஷேர்மார்க்கெட்டில் இலாபகரமாக முதலீடு செய்யும் முறைகள்,வி.கே.என்.சத்துரு,நர்மதா பதிப்பகம்,,,பொது அறிவு,
7320,,7320,சின்ன மருது பெரிய மருது,கே.பி.சிவப்பிரகாசம்,ஆனந்தம் பதிப்பகம்,,,நாடகம்,
7321,,7321,திருப்பூவணநாதர்,கே.பி.சிவப்பிரகாசம்,"சந்திரா ஆப்செட் 
பிரிண்டர்ஸ்",,,நாடகம்,
7322,,7322,ராஜதிலகம்,சாண்டில்யன்,,,,வரலாற்று நாவல்,
7323,,7323,உப பாண்டவம்,எஸ்.ராமகிருஷ்ணன்,தேசாத்திரி பதிப்பகம்,2018,375.00,ஆன்மீகம்/நாவல்,
7324,,7324,காதல் மொழிகள் ஐந்து,நாகலட்சுமி சண்முகம்,மஞ்சுள் பப்ளிகேஷன்,2012,195.00,சமூக நாவல்,
7325,,7325,ப்ளீஸ்! இந்தப் புத்தகத்தை வாங்காதீங்க!,கோபிநாத்,சிக்ஸ்த்சென்ஸ் பப்ளிகேஷன்ஸ்,2012,70.00,தன்முன்னேற்ற நூல்கள்,
7326,,7326,திருக்குறளில் பெண்ணியம்,க.பூபதி,கலையரசி பதிப்பகம்,2021,120.00,பொது அறிவு,
7327,,7327,காமசூத்திரம்,வாத்ஸ்யாயனர்,கிழக்கு வெளியீடு,2016,225.00,பொது அறிவு,
7328,,7328,காதலில் இருந்து திருமணம் வரை,சோம.வள்ளியப்பன்,கிழக்கு வெளியீடு,2012,150.00,பொது அறிவு,
7329,,7329,தொ.பரமசிவன் நேர்காணல்,தொ.பரமசிவன்,காலச்சுவடு பதிப்பகம்,2021,75.00,பொது அறிவு,
7330,,7330,ஆரியர் திராவிடர் தமிழர்,கருணாமனோகரன்,நியூ செஞ்சுரி புக் ஹவுஸ்,2006,35.00,பொது அறிவு,
7331,,7331,காதல் வாழ்க!,மதன்,விகடன் பிரசுரம்,2012,90.00,பொது அறிவு,
7332,,7332,வாழ்க்கைத் திறன் மேம்பாடு,பி.கே.மனோகரன்,நியூ செஞ்சுரி புக் ஹவுஸ்,2010,60.00,பொது அறிவு,
7333,,7333,பூனைகள் சொர்க்கத்திற்குச் செல்வதில்லை,தமிழச்சி தங்கபாண்டியன்,உயிர்மை பதிப்பகம்,2016,400.00,பொது அறிவு,
7334,,7334,லவ்வாலஜி,எஸ்.கே.முருகன்,விகடன் பிரசுரம்,2012,85.00,பொது அறிவு,
7335,,7335,வள்ளலார் மூட்டிய புரட்சி,பழ.நெடுமாறன்,ஐந்திணை வெளியீடு,2016,150.00,ஆன்மீகம்,
7336,,7336,வட சென்னைக்காரி,ஷாலின மரிய லாரன்ஸ்,உயிர்மை பதிப்பகம்,2018,180.00,சமூக நாவல்,
7337,,7337,இலக்கியக் கதிர்,பொ.மா.பழனிச்சாமி,நியூ செஞ்சுரி புக் ஹவுஸ்,2010,60.00,பொது அறிவு,
7338,,7338,இதழியல் இலக்கியம் ஆகுமா?,எஸ்.எஸ் கணேசன்,UNIQUE MEDIA INTEGRATORS,2014,75.00,பொது அறிவு,
7339,,7339,புதிய இந்தியாவைப் படைப்போம்,சுவாமி விவேகானந்தர்,ஸ்ரீராமகிருஷ்ண மடம் ,1981,20.00,பொது அறிவு,
7340,,7340,கொங்குவேளிர் இயற்றிய பெருங்கதை பகுதி 4,உ.வே.சாமிநாதையரவர்கள்,"உ.வே.சுவாமிநாதையர் 
நூல் நிலையம்",,,மொழியியல்,
7341,,7341,திருவள்ளுவர் திருமணமானவரா?,கு.கிருஷ்ணவேணு,மீனலோசனா பதிப்பகம்,,,மொழியியல்,
7342,,7342,தமிழ் எழுதப் படிக்க எளிய முறை,திரு.முத்து கண்ணப்பன்,அதிபத்தர் பதிப்பகம்,,,மொழியியல்,
7343,,7343,வாழ்வியற்சொல் அகரமுதலி,இறைக்குருவனார்,தமிழ்நிலம்,,,மொழியியல்,
7344,,7344,தொல்காப்பியம் சொல்லதிகாரம்,கோ.இளவழகன்,தமிழ்மண் பதிப்பகம்,,,மொழியியல்,
7345,,7345,கடல் புறா,சாண்டில்யன்,வானதி பதிப்பகம்,2018,335.00,வரலாற்று நாவல் ,
7346,,7346,சேரர் சோழர் பாண்டியர்,கா.கோவிந்தன்,ராமையா பதிப்பகம்,,,வரலாறு,
7347,,7347,இந்திய ரயில் போக்குவரத்தின் சுவையான வரலாறு,பொ.முத்துக்குமரன்,நியூ செஞ்சுரி புக் ஹவுஸ்,,,பொது அறிவு,
7348,,7348,ஆடம் ஸ்மித் முதல் கார்ல் மார்கஸ் வரை,எஸ்.நீலகண்டன்,காலச்சுவடு பதிப்பகம்,,,வாழ்க்கை வரலாறு,
7349,,7349,உயிர்ப் பாதை,கே.என்.சிவராமன்,சூரியன் பதிப்பகம்,,,மருத்துவம்,
7350,,7350,ஆம்;நம்மால் முடியும் !,வைகோ,விகடன் பிரசுரம்,2009,150.00,வாழ்க்கை வரலாறு ,
7351,,7351,பிடல் காஸ்ட்ரோ,தா.பாண்டியன்,குமரன் பதிப்பகம்,2006,100.00,வாழ்க்கை வரலாறு ,
7352,,7352,மகா அலெக்சாண்டர்,ஆர்.முத்துக்குமார்,கிழக்கு வெளியீடு,2007,115.00,வாழ்க்கை வரலாறு ,
7353,,7353,யாரோ இவர் யாரோ?,ஆதனூர் சோழன்,ராம்பிரசாந்த் பப்ளிகேஷன்,2014,100.00,வாழ்க்கை வரலாறு ,
7354,,7354,உலக விஞ்ஞானிகள்,சி.பி.சிற்றரசு,அங்குசம் வெளியீடு,2007,30.00,வாழ்க்கை வரலாறு ,
7355,,7355,போதி தர்மர்,அழகர் நம்பி,"சிக்ஸ்த்சென்ஸ் 
பப்ளிகேஷன்",2013,180.00,வாழ்க்கை வரலாறு ,
7356,,7356,புத்தர்பிரான்,கௌதம நீலாம்பரன்,சூரியன் பதிப்பகம்,2016,350.00,வாழ்க்கை வரலாறு ,
7357,,7357,ஸ்ரீ நாராயண குரு,எம்.சேஷன்,"நேஷனல் புக் டிரஸட் 
இந்தியா",2010,40.00,வாழ்க்கை வரலாறு ,
7358,,7358,அடோல்ஃப் ஹிட்லரின் வாழ்வும் மரணமும்,மு.சுப்ரமணி,சீதை பதிப்பகம்,2007,130.00,வாழ்க்கை வரலாறு ,
7359,,7359,பெருந்தலைவர் காமராஜர்,எஸ்.கே.முருகன்,விகடன் பிரசுரம்,2018,210.00,வாழ்க்கை வரலாறு ,
7360,,7360,ரசிகமணி ரசனைத்தடம்,சண்முக சுந்தரம்,ரசிகமணி ரசனைத்தடம்,2009,250.00,வாழ்க்கை வரலாறு ,
7361,,7361,இந்திய சினிமாவில் மூஸ்லிம்கள்,அப்சல்,இருவாட்சி (இலக்கிய துறைமுகம்),2021,250.00,அரசியல்,
7366,,,சாகச ஸ்டார் ஜாக்கி சான்,சபீதாஜோசப்,நக்கீரன்,2009,40.00,வாழ்க்கை வரலாறு ,
7367,,,மாவீரன் அலெக்ஸ்சாண்டர்,ஆதனூர் சோழன்,சாருபிரபா பப்ளிகேஷன்ஸ்,2017,75.00,வாழ்க்கை வரலாறு ,
7368,,,மாவீரன் நெப்போலியன்,ஆதனூர் சோழன்,நக்கீரன்,2021,175.00,வாழ்க்கை வரலாறு ,
7369,,,வேளான் சட்டங்கள் ,கம்பன் மோகன்,விவசாயிகள் விடுதலை முன்னணி,2021,60.00,சட்டம்,
7370,,,திப்பு சுல்தான் ,மருதன்,கிழக்கு பதிப்பகம்,2007,150.00,வாழ்க்கை வரலாறு ,
7371,,,சித்தம் சிவம் சாகசம் ,இந்திரா சௌந்தர்ராஜன்,விகடன்,2018,225.00,பக்தி,
7372,,,தமிழர் வரலாற்றை அழிக்கும் பா.ஜ.க.வின் கல்வித்திட்டம் ,அ.கருணானந்தன்,தந்தை பெரியார் திராவிடர் கழகம் ,2021,20.00,அரசியல்,
7373,,,தமிழகத்தில் ஆர்.எஸ்.எஸ்.வளர்ந்தது எப்படி ?,கட்டுரை ,கிழைக்காற்று,2018,30.00,அரசியல்,
7374,,,எது கருப்பு பணம் ,மருதையன் ,கிழைக்காற்று,2020,40.00,பொது,
7375,,,ஆரியர்கள் வந்தேறிகள்தான் ,டோனி ஜோசப் ,கிழைக்காற்று,2017,20.00,,
7376,,,வரலாறு என்னை விடுதலை செய்யும் ,ஃபிடல் காஸ்ட்ரோ ,பாரதி புத்தகாலயம் ,2018,100.00,,
7377,,,ஸ்னோலின் நாட்குறிப்புகள்,வெனிஸ்டா ஸ்னோலின்,பாரதி புத்தகாலயம் ,2018,25.00,,
7378,,,பெண்களின் ஆடை,சிந்துஜா ,பாரதி புத்தகாலயம் ,2021,100.00,,
7379,,,சொல்ல மறந்த தமிழர் வரலாறு ,கீரைத்தமிழன்,பாரதி புத்தகாலயம் ,2021,100.00,வரலாறு,
7380,,,சீனாவின் தீவிர வறுமை ஒழிப்பு ,ஆய்வுக்கழகம் ,பாரதி புத்தகாலயம் ,2021,70.00,,
7381,,,கரிசல் கதைகள் ,கி.ராஜநாராயணன் ,அன்னம் ,2017,180.00,சிறுகதைகள்,
7382,,,வேட்டி,கி.ராஜநாராயணன் ,அன்னம் ,2020,100.00,சிறுகதைகள்,
7383,,,பெண் கதைகள் ,கி.ராஜநாராயணன் ,அன்னம் ,2018,175.00,சிறுகதைகள்,
7384,,,அந்தமான் நாயக்கர் ,கி.ராஜநாராயணன் ,அன்னம் ,2019,110.00,,
7385,,,மெரினா எழுச்சி :  அடித்தாலும் அடங்காது இது வேறு தமிழ்நாடு ,மருதையன் ராஜூ,கிழைக்காற்று,2017,30.00,,
7386,,,ஒரு காவிரியைப் போல...,லட்சுமி,பூங்கொடி பதிப்பகம்,2020,190.00,,
7387,,,ஏழாம் உலகம் ,ஜெயமோகன் ,நற்றிணை,2019,280.00,,
7388,,,இடக்கை ,எஸ்.ராமகிருஷ்ணன் ,தேசாந்திரி பதிப்பகம்,2019,375.00,நாவல்,
7389,,,பிஞ்சுகள் ,கி.ராஜநாராயணன்,அன்னம்,2017,150.00,கதைகள்,
7390,,,தெனாலிராமனும் கிருஷ்ணதேவராயரும்,ஜானகிமணாளன்,திருவரசு புத்தகநிலையம் ,2012,90.00,கதைகள்,
7391,,,பொகாசஸ் ஜாக்கிரதை,நிமிர் பதிப்பகம்,நிமிர் பதிப்பகம்,2022,60.00,அரசியல்,
7392,,,யூத பயங்கரவாதிகளின் இரகசிய அறிக்கை,செர்கி நிலஸ்,அடையாளம்,2020,100.00,அரசியல்,
7393,,,வணக்கம் ,வலம்புரிஜான் ,நக்கீரன் ,2021,300.00,பொது அறிவு,
7394,,,காலம் ஒரு வரலாற்றுச் சுருக்கம்,ஸ்டீஃபன் ஹாக்கிங் ,எதிர் வெளியீடு,2015,350.00,அறிவியல் ,
8001,,8001,ராஜேஷ்குமார் சிறுகதைத் தொகுப்பு - 3,ராஜேஷ்குமார்,பூம்புகார்,2022,480.00,சிறுகதைகள்,
8002,,8002,சுபாவின் நரேந்திரன்-ஜெயந்தி தொகுப்பு -15,சுபா,பூம்புகார்,2022,240.00,சமூக நாவல்,
8003,,8003,சுபாவின் நரேந்திரன்-ஜெயந்தி தொகுப்பு -13,சுபா,பூம்புகார்,2022,250.00,சமூக நாவல்,
8004,,8004,ராஜேஷ்குமார் சிறுகதைத் தொகுப்பு - 4,ராஜேஷ்குமார்,பூம்புகார்,2022,525.00,சிறுகதைகள்,
8005,,8005,சுபாவின் நரேந்திரன்-வைஜெயந்தி தொகுப்பு - 14,சுபா,பூம்புகார்,2022,250.00,சமூக நாவல்,
8006,,8006,சுபாவின் நரேந்திரன்-வைஜெயந்தி தொகுப்பு - 12,சுபா,பூம்புகார்,2022,270.00,சமூக நாவல்,
8007,,8007,ராஜேஷ்குமார் சிறுகதை தொகுதி 5,ராஜேஷ்குமார்,பூம்புகார்,2022,490.00,சிறுகதைகள்,
8008,,8008,ராஜேஷ்குமார் சிறுகதை தொகுதி 6,ராஜேஷ்குமார்,பூம்புகார்,2022,580.00,சிறுகதைகள்,
8009,,8009,சிறுவர்களுக்கான பல்சுவைக் கதைகள்,ஆ.கணபதி,ஸ்ரீ அலமு,2015,60.00,சிறுவர் நூல்கள்,
8010,,8010,சீனதேசத்து குட்டிக் கதைகள்,ஆர்.சி.சம்பத்,ஏகம்,2021,55.00,சிறுவர் நூல்கள்,
8011,,8011,குறள்நெறிக் கதைகள்,சு.குப்புசாமி,ஏகம்,2021,75.00,சிறுவர் நூல்கள்,
8012,,8012,பாரசீக குட்டிக் கதைகள்,ஆர்.சி.சம்பத்,ஏகம்,2021,55.00,சிறுவர் நூல்கள்,
8013,,8013,தெனாலிராமன் கதைகள்,ராம்கி,ஏகம்,2022,55.00,சிறுவர் நூல்கள்,
8014,,8014,சின்ன சின்ன சிரிப்புக் கதைகள்,ப்ரியா பாலு,ஏகம்,2021,55.00,சிறுவர் நூல்கள்,
8015,,8015,மரியாதைராமன் கதைகள்,ராம்கி,ஏகம்,2021,55.00,சிறுவர் நூல்கள்,
8016,,8016,சிந்தனைக்கு சில கதைகள்,ஆர்.கி.சம்பத்,ஏகம்,2021,55.00,சிறுவர் நூல்கள்,
8017,,8017,சிறுவர்களுக்கான ஒரு நிமிடக் கதைகள்,மணிகண்டன்,ஏகம்,2021,55.00,சிறுவர் நூல்கள்,
8018,,8018,சிறுவர்களுக்கான 10 முத்தான கதைகள்,தேவி நாச்சியப்பன்,ஏகம்,2021,55.00,சிறுவர் நூல்கள்,
8019,,8019,சில பாதைகள்... சில பயணங்கள்…,பாரதி பாஸ்கர்,கவிதா பப்ளி,2022,150.00,தன்முன்னேற்ற நூல்கள்,
8020,,8020,இந்த நாள் இனிய நாள்,சுகி சிவம்,கவிதா பப்ளி,2022,160.00,தன்முன்னேற்ற நூல்கள்,
8021,,8021,அகநானுறு (குறிஞ்சித் திணை),சாலமன் பாப்பையா,கவிதா பப்ளி,2021,1100.00,இலக்கியம்,
8022,,8022,அகநானுறு (பாலைத் திணை),சாலமன் பாப்பையா,கவிதா பப்ளி,2021,,இலக்கியம்,
8023,,8023,"அகநானுறு (முல்லை, மருதம், நெய்தல் திணை)",சாலமன் பாப்பையா,கவிதா பப்ளி,2021,,இலக்கியம்,
8024,,8024,அப்போதும் கடல் பார்த்துக் கொண்டிருந்தது,எஸ்.ராமகிருஷ்ணன்,தேசாந்திரி பதிப்பகம்,2012,150.00,சிறுகதைகள்,
8025,,8025,துயில்,எஸ்.ராமகிருஷ்ணன்,தேசாந்திரி பதிப்பகம்,2018,525.00,சமூக நாவல்,
8026,,8026,பதினெட்டாம் நூற்றாண்டின் மழை,எஸ்.ராமகிருஷ்ணன்,தேசாந்திரி பதிப்பகம்,2019,230.00,சிறுகதைகள்,
8027,,8027,நிமித்தம்,எஸ்.ராமகிருஷ்ணன்,தேசாந்திரி பதிப்பகம்,2018,450.00,சமூக நாவல்,
8028,,8028,கலிலியோ மண்டியிடவில்லை,எஸ்.ராமகிருஷ்ணன்,தேசாந்திரி பதிப்பகம்,2018,125.00,கட்டுரைகள்,
8029,,8029,வீடில்லா புத்தகங்கள்,எஸ்.ராமகிருஷ்ணன்,தேசாந்திரி பதிப்பகம்,2019,250.00,கட்டுரைகள்,
8030,,8030,கர்னலின் நாற்காலி,எஸ்.ராமகிருஷ்ணன்,தேசாந்திரி பதிப்பகம்,2020,350.00,சிறுகதைகள்,
8031,,8031,கோடுகள் இல்லாத வரைபடம்,எஸ்.ராமகிருஷ்ணன்,தேசாந்திரி பதிப்பகம்,2019,75.00,கட்டுரைகள்,
8032,,8032,இருள் இனிது ஒளி இனிது,எஸ்.ராமகிருஷ்ணன்,தேசாந்திரி பதிப்பகம்,2021,180.00,கட்டுரைகள்,
8033,,8033,நேற்றின் நினைவுகள்,எஸ்.ராமகிருஷ்ணன்,தேசாந்திரி பதிப்பகம்,2021,180.00,கட்டுரைகள்,
8034,,8034,ஐந்து வருட மௌனம்,எஸ்.ராமகிருஷ்ணன்,தேசாந்திரி பதிப்பகம்,2022,400.00,சிறுகதைகள்,
8035,,8035,காண் என்பது இயற்கை,எஸ்.ராமகிருஷ்ணன்,தேசாந்திரி பதிப்பகம்,2018,115.00,சமூக நாவல்,
8036,,8036,பதின்,எஸ்.ராமகிருஷ்ணன்,தேசாந்திரி பதிப்பகம்,2022,250.00,கட்டுரைகள்,
8037,,8037,இலக்கற்ற பயணி,எஸ்.ராமகிருஷ்ணன்,தேசாந்திரி பதிப்பகம்,2022,200.00,சிறுகதைகள்,
8038,,8038,புத்தனாவது சுலபம்,எஸ்.ராமகிருஷ்ணன்,தேசாந்திரி பதிப்பகம்,2022,200.00,சிறுகதைகள்,
8039,,8039,இரா.முருகன் கதைகள்,இரா.முருகன்,கிழக்கு பதிப்பகம்,2006,715.00,சிறுகதைகள்,
8040,,8040,கமல் (கமலஹாசனின் பன்முக ஆளுமையை வெளிப்படுத்தும் முழுமையான வாழ்க்கை வரலாறு),பா.தீனதயாளன்,கிழக்கு பதிப்பகம்,2009,360.00,வாழ்க்கை வரலாறு,
8041,,8041,கிளியோபாட்ரா,முகில்,கிழக்கு பதிப்பகம்,2010,200.00,வாழ்க்கை வரலாறு,
8042,,8042,வாரன் பஃபட் பணக்கடவுள்,செல்லமுத்து குப்புசாமி,கிழக்கு பதிப்பகம்,2007,190.00,பொது அறிவு,
8043,,8043,யூதர்கள் - வரலாறும் வாழ்க்கையும்,முகில்,கிழக்கு பதிப்பகம்,2007,300.00,வரலாறு,
8044,,8044,ஹிட்லர்,மருதன்,கிழக்கு பதிப்பகம்,2014,275.00,வாழ்க்கை வரலாறு,
8045,,8045,குமரிக்கன்டமா? சுமேரியமா?,பா.பிரபாகரன்,கிழக்கு பதிப்பகம்,2012,200.00,மொழியியல்,
8046,,8046,ராஜராஜசோழன்,ச.ந.கண்ணன்,கிழக்கு பதிப்பகம்,2010,160.00,வாழ்க்கை வரலாறு,
8047,,8047,மகா அலெக்சாண்டர்,ஆர்.முத்துக்குமார்,கிழக்கு பதிப்பகம்,2007,150.00,வாழ்க்கை வரலாறு,
8048,,8048,விஜயநகரப் பேரரசு,எல்.கிருஷ்ணன்,கிழக்கு பதிப்பகம்,2022,250.00,வரலாறு,
8049,,8049,சொல்லாததையும் செய்,சோம.வள்ளியப்பன்,கிழக்கு பதிப்பகம்,2022,160.00,தன்முன்னேற்ற நூல்கள்,
8050,,8050,தென்னிந்திய கிராம தெய்வங்கள்,வானதி,கிழக்கு பதிப்பகம்,2022,190.00,ஆன்மீகம்,
8051,,8051,அம்மாக்கண்ணுவுக்கு நீலனைப் பிடிக்காது,நிவேதிதா லூயிஸ்,கிழக்கு பதிப்பகம்,2023,240.00,கட்டுரைகள்,
8052,,8052,மெய்ப்பொய்கை,சத்தியப்பிரியன்,கிழக்கு பதிப்பகம்,2017,360.00,,
8053,,8053,"சிவகாமியின் சபதம் 1,2",கல்கி,குமரன் பதிப்பகம்,2021,250.00,வரலாற்று நாவல்,
8054,,8054,"சிவகாமியின் சபதம் 3,4",கல்கி,குமரன் பதிப்பகம்,2021,250.00,வரலாற்று நாவல்,
8055,,8055,கடவுள் வருகிறான் ஜாக்கிரதை,பா.விஜய்,குமரன் பதிப்பகம்,2015,100.00,கவிதைகள்,
8056,,8056,அடுத்த அக்னிப் பிரவேசம்,பா.விஜய்,குமரன் பதிப்பகம்,2016,90.00,கவிதைகள்,
8057,,8057,காகித மரங்கள்,பா.விஜய்,குமரன் பதிப்பகம்,2016,70.00,கவிதைகள்,
8058,,8058,வனரஞ்சனி,பழநிபாரதி,குமரன் பதிப்பகம்,2016,80.00,கவிதைகள்,
8059,,8059,மோகினித்தீவு,கல்கி,குமரன் பதிப்பகம்,2022,80.00,வரலாற்று நாவல்,
8060,,8060,சோலைமலை இளவரசி,கல்கி,குமரன் பதிப்பகம்,2022,140.00,வரலாற்று நாவல்,
8061,,8061,கள்வனின் காதலி,கல்கி,குமரன் பதிப்பகம்,2021,200.00,வரலாற்று நாவல்,
8062,,8062,பார்த்தீபன் கனவு,கல்கி,குமரன் பதிப்பகம்,2022,200.00,வரலாற்று நாவல்,
8063,,8063,பல்லவர் வரலாறு,மா.இராசமாணிக்கனார்,குமரன் பதிப்பகம்,2023,260.00,வரலாறு,
8064,,8064,சேரமன்னர் வரலாறு,ஔவை.துரைசாமி,குமரன் பதிப்பகம்,2023,200.00,வரலாறு,
8065,,8065,பொன்னியின் செல்வன் - 1,கல்கி,குமரன் பதிப்பகம்,2021,150.00,வரலாற்று நாவல்,
8066,,8066,பொன்னியின் செல்வன் - 2,கல்கி,குமரன் பதிப்பகம்,2021,150.00,வரலாற்று நாவல்,
8067,,8067,பொன்னியின் செல்வன் - 3,கல்கி,குமரன் பதிப்பகம்,2021,150.00,வரலாற்று நாவல்,
8068,,8068,பொன்னியின் செல்வன் - 4,கல்கி,குமரன் பதிப்பகம்,2021,150.00,வரலாற்று நாவல்,
8069,,8069,பொன்னியின் செல்வன் - 5,கல்கி,குமரன் பதிப்பகம்,2021,400.00,வரலாற்று நாவல்,
8070,,8070,அடிப்படை அறிதல் - 14,மகுடேஷ்வரன்,மணி பதிப்பகம்,2023,130.00,மொழியியல்,
8071,,8071,மொழியியல்த்திறம் - 1,மகுடேஷ்வரன்,ஆர்.கே பதிப்பகம்,2015,130.00,மொழியியல்,
8072,,8072,அருஞ்சொற்பொருள் - 2,மகுடேஷ்வரன்,ஸ்ரீ கோமதி பதிப்பகம்,2016,180.00,மொழியியல்,
8073,,8073,மொழியியல்ப்படிக்கட்டு - 3,மகுடேஷ்வரன்,மணி பதிப்பகம்,2018,120.00,மொழியியல்,
8074,,8074,சொல் எனும் உயிர்விதை - 4,மகுடேஷ்வரன்,மணி பதிப்பகம்,2018,100.00,மொழியியல்,
8075,,8075,இலக்கணத் தொடக்கம் - 5,மகுடேஷ்வரன்,மணி பதிப்பகம்,2020,130.00,மொழியியல்,
8076,,8076,பிழையில்லாத எழுத்து - 6,மகுடேஷ்வரன்,மணி பதிப்பகம்,2020,170.00,மொழியியல்,
8077,,8077,வலிமிகுதல் - 7,மகுடேஷ்வரன்,மணி பதிப்பகம்,2020,100.00,மொழியியல்,
8078,,8078,வடசொல் அறிவோம் - 8,மகுடேஷ்வரன்,மணி பதிப்பகம்,2020,60.00,மொழியியல்,
8079,,8079,இலக்கணத் தெளிவு - 9,மகுடேஷ்வரன்,மணி பதிப்பகம்,2021,120.00,மொழியியல்,
8080,,8080,மொழியியல்வளப் பேழை - 10,மகுடேஷ்வரன்,மணி பதிப்பகம்,2021,160.00,மொழியியல்,
8081,,8081,சொல்லேர் உழவு - 11,மகுடேஷ்வரன்,மணி பதிப்பகம்,2021,130.00,மொழியியல்,
8082,,8082,தமிழோடு விளையாடு - 12,மகுடேஷ்வரன்,மணி பதிப்பகம்,2022,170.00,மொழியியல்,
8083,,8083,அடிக்கடி தோன்றும் ஐயங்கள் - 13,மகுடேஷ்வரன்,மணி பதிப்பகம்,2022,120.00,மொழியியல்,
8084,,8084,பேரன்பே காதல்,ஸ்ரீ,புவனேஸ்வரி பதிப்பகம்,2022,170.00,சமூக நாவல்,
8085,,8085,உன்னைக் காணத்தான் கண்கள் கொண்டேனோ,யாழ் சத்யா,புவனேஸ்வரி பதிப்பகம்,2022,270.00,சமூக நாவல்,
8086,,8086,விழாக்காணுமே வானம்,வத்சலா ராகவன்,புவனேஸ்வரி பதிப்பகம்,2023,340.00,சமூக நாவல்,
8087,,8087,எனை ஆளும் இணையே,சியாமளா சேவு,அருணோதயம்,2023,420.00,சமூக நாவல்,
8088,,8088,நின் மார்பில் படர்ந்திட வா!,மேகவாணி,அருணோதயம்,2023,310.00,சமூக நாவல்,
8089,,8089,என்ன என்ன செய்தாய் வேய்ங்குழலே,கவிபாரதி,அருணோதயம்,2023,300.00,சமூக நாவல்,
8090,,8090,என் உயிர் தொடும் மெல்லிசையே,வாணி அரவிந்த்,அருணோதயம்,2022,160.00,சமூக நாவல்,
8091,,8091,வானவில் தோரணங்கல்,லாவண்யா,அருணோதயம்,2022,200.00,சமூக நாவல்,
8092,,8092,சொல்லில் அடங்காத நேசமே!,பிரேமலதா,அருணோதயம்,2022,220.00,சமூக நாவல்,
8093,,8093,உன்னை ஒன்று கேட்பேன்,ரமணி சந்திரன்,அருணோதயம்,2022,110.00,சமூக நாவல்,
8094,,8094,மாயமித்ரா,நித்யா மாரியப்பன்,அருணோதயம்,2023,300.00,சமூக நாவல்,
8095,,8095,தாலிமேல சத்தியம்,இமையம்,க்ரியா,2022,325.00,,
8096,,8096,சாவு சோறு,இமையம்,க்ரியா,2014,250.00,,
8097,,8097,வீடியோ மாரியம்மன்,இமையம்,க்ரியா,2018,195.00,,
8098,,8098,செல்லாத பணம்,இமையம்,க்ரியா,2022,345.00,,
8099,,8099,இப்போது உயிரோடிருக்கிறேன்,இமையம்,க்ரியா,2022,370.00,சமூக நாவல்,
8100,,8100,கொலைச்சேவல்,இமையம்,க்ரியா,2019,230.00,சிறுகதைகள்,
8101,,8101,செடல்,இமையம்,க்ரியா,2022,325.00,சமூக நாவல்,
8102,,8102,எங் கதே,இமையம்,க்ரியா,2021,135.00,சமூக நாவல்,
8103,,8103,யாருடைய எலிகள் நாம்?,சமஸ்,அருஞ்சொல்,2022,250.00,,
8104,,8104,நன்மாறன் கோட்டைக்கதை,இமையம்,க்ரியா,2022,260.00,சிறுகதைகள்,
8105,,8105,கோவேறு கழுதைகள்,இமையம்,க்ரியா,2014,750.00,சமூக நாவல்,
8106,,8106,குழலி,எல்.கைலாசம்,வானதி பதிப்பகம்,2022,625.00,வரலாற்று நாவல்,
8107,,8107,தேவ ரகசியம்,காலச்சக்கரம் நரசிம்மா,வானதி பதிப்பகம்,2022,350.00,சமூக நாவல்,
8108,,8108,இமயவரம்பன் காதலி,ஜெயக்குமார் சுந்தரம்,வானதி பதிப்பகம்,2022,800.00,வரலாற்று நாவல்,
8109,,8109,செம்பா,மாயா,வானதி பதிப்பகம்,2022,380.00,வரலாற்று நாவல்,
8110,,8110,ஆதனின் நீலி,சி.வெற்றிவேல்,வானதி பதிப்பகம்,2022,125.00,வரலாற்று நாவல்,
8111,,8111,இராஜராஜ சோழன் சபதம்,முகிலன்,கங்கை புத்தகநிலையம்,2022,250.00,வரலாற்று நாவல்,
8112,,8112,வண்டார் குழலி,கல்கி ராஜேந்திரன்,வானதி பதிப்பகம்,2022,120.00,வரலாற்று நாவல்,
8113,,8113,அபிமான வல்லி,கல்கி ராஜேந்திரன்,வானதி பதிப்பகம்,2022,200.00,வரலாற்று நாவல்,
8114,,8114,விதுர நீதியும் வள்ளுவ நீதியும்,டி.வி.ராதாகிருஷ்ணன்,திருவரசு புத்தகநிலையம்,2017,150.00,ஆன்மீகம்,
8115,,8115,கடவுள்… பிசாசு… நிலம்!,அகர முதலன்,விகடன் பிரசுரம்,2022,430.00,வரலாறு,
8116,,8116,வேள்பாரி - 1,சு.வெங்கடேசன்,விகடன் பிரசுரம்,2022,1800.00,வரலாற்று நாவல்,
8117,,8117,வேள்பாரி - 2,சு.வெங்கடேசன்,விகடன் பிரசுரம்,2022,,வரலாற்று நாவல்,
8118,,8118,வெந்து தணிந்தது காடு,பட்டுக்கோட்டை பிரபாகர்,விகடன் பிரசுரம்,2022,275.00,சமூக நாவல்,
8119,,8119,ஆயிரம் சூரியன் ஆயிரம் சந்திரன் ஒரே ஒரு பூமி,ம.செந்தமிழன்,விகடன் பிரசுரம்,2018,250.00,அறிவியல்,
8120,,8120,தமிழ் நெடுஞ்சாலை,ஆர்.பாலகிருஷ்ணன்,விகடன் பிரசுரம்,2021,330.00,கட்டுரைகள்,
8121,,8121,மாபெரும் சபைதனில்,உதயச்சந்திரன்,விகடன் பிரசுரம்,2022,390.00,தன்முன்னேற்ற நூல்கள்,
8122,,8122,திருச்சிராப்பள்ளி ஊறும் வரலாறு,கவிஞர் நந்தலாலா,விகடன் பிரசுரம்,2022,470.00,வரலாறு,
8123,,8123,அங்கொரு நிலம் அதிலொரு வானம்,கு.சிவராமன்,விகடன் பிரசுரம்,2022,230.00,கட்டுரைகள்,
8124,,8124,உன் கண்ணில் நீர் வழிந்தால்…,சேவற்கொடியோன்,விகடன் பிரசுரம்,2022,599.00,சமூக நாவல்,
8125,,8125,குட்ட நாட்டு குட்டுவன்,ஜெயக்குமார் சுந்தரம்,விகடன் பிரசுரம்,2022,150.00,வரலாற்று நாவல்,
8126,,8126,சங்ககால வாழ்வியல்,ந.சுப்ரமண்யன்,நியூசெஞ்சுரி புக் ஹவுஸ்,2019,450.00,மொழியியல்,
8127,,8127,போரும் வாழ்வும் - 1,லியோடால்ஸ்டாய்,நியூசெஞ்சுரி புக் ஹவுஸ்,2022,2750.00,மொழிபெயர்ப்பு,
8128,,8128,போரும் வாழ்வும் - 2,லியோடால்ஸ்டாய்,நியூசெஞ்சுரி புக் ஹவுஸ்,2022,,மொழிபெயர்ப்பு,
8129,,8129,போரும் வாழ்வும் - 3,லியோடால்ஸ்டாய்,நியூசெஞ்சுரி புக் ஹவுஸ்,2022,,மொழிபெயர்ப்பு,
8130,,8130,கம்யூனிஸ்டு கட்சி அறிக்கை,ரா.கிருஷ்ணன்,நியூசெஞ்சுரி புக் ஹவுஸ்,2020,45.00,அரசியல்,
8131,,8131,பிடல் காஸ்ட்ரோ,தா.பாண்டியன்,நியூசெஞ்சுரி புக் ஹவுஸ்,2021,275.00,,
8132,,8132,வீர சோழம் -1,கிருஷ்ணா ராவ்,கங்கை புத்தகநிலையம்,2022,320.00,வரலாற்று நாவல்,
8133,,8133,வீர சோழம் -2,கோவிந்தராஜன்,கங்கை புத்தகநிலையம்,2022,350.00,வரலாற்று நாவல்,
8134,,8134,வீர சோழம் -3,கோவிந்தராஜன்,கங்கை புத்தகநிலையம்,2022,340.00,வரலாற்று நாவல்,
8135,,8135,வீர சோழம் -4,கோவிந்தராஜன்,கங்கை புத்தகநிலையம்,2022,375.00,வரலாற்று நாவல்,
8136,,8136,வீர சோழம் -5,கோவிந்தராஜன்,கங்கை புத்தகநிலையம்,2022,360.00,வரலாற்று நாவல்,
8137,,8137,மூளைக்குள் சுற்றுலா,வெ.இறையன்பு,நியூசெஞ்சுரி புக் ஹவுஸ்,2019,1500.00,அறிவியல்,
8138,,8138,வான் நெசவு,ஜெயமோகன்,விஷ்ணுபுரம்,2021,215.00,சிறுகதைகள்,
8139,,8139,குமரித் துறவி,ஜெயமோகன்,விஷ்ணுபுரம்,2021,195.00,,
8140,,8140,ஆயிரம் ஊற்றுகள்,ஜெயமோகன்,விஷ்ணுபுரம்,2022,210.00,,
8141,,8141,தேவி,ஜெயமோகன்,விஷ்ணுபுரம்,2022,320.00,,
8142,,8142,பத்து லட்சம் காலடிகள்,ஜெயமோகன்,விஷ்ணுபுரம்,2022,300.00,சிறுகதைகள்,
8143,,8143,ஆனையில்லா,ஜெயமோகன்,விஷ்ணுபுரம்,2022,370.00,,
8144,,8144,சொல்லக்கூடாத உறவுகள்,சசிகலா பாபு,காலச்சுவடு பதிப்பகம்,2022,325.00,மொழிபெயர்ப்பு,
8145,,8145,அமாவும் பட்டுப்புறாக்களும்,சசிகலா பாபு,காலச்சுவடு பதிப்பகம்,2022,425.00,மொழிபெயர்ப்பு,
8146,,8146,ராஜா வந்திருக்கிறார்,கு.அழகிரிசாமி,காலச்சுவடு பதிப்பகம்,2022,340.00,,
8147,,8147,கிழவனும் கடலும்,எம். எஸ்,காலச்சுவடு பதிப்பகம்,2023,125.00,மொழிபெயர்ப்பு,
8148,,8148,வ.உ.சி யும் காந்தியும் 347 ரூபாய் 12 அணா,ஆ.இரா.வேங்கடசாமி,காலச்சுவடு பதிப்பகம்,2021,140.00,அரசியல்,
8149,,8149,கு.அழகிரிசாமி சிறுகதை 1942-1969 -1,பழ.அதியமான்,காலச்சுவடு பதிப்பகம்,2022,1630.00,சிறுகதைகள்,
8150,,8150,கு.அழகிரிசாமி சிறுகதை 1942-1969 -2,பழ.அதியமான்,காலச்சுவடு பதிப்பகம்,2022,,சிறுகதைகள்,
8151,,8151,ஸ்மார்ட் சிட்டி திட்டம் யாருக்கானது,பாலாஜி தியாகராஜன்,மெட்ராஸ் ரிவியூ,2023,80.00,அரசியல்,
8152,,8152,பெருநகரத்துச் சிறுவர்கள்,இசாக்,தமிழ் அலை,2021,150.00,கவிதைகள்,
8153,,8153,தமிழர் பாரம்பரிய நெல்வகை சொல்லகராதி,இரா.சந்திரசேகரன்,செம்மொழி தமிழாய்வு,2022,300.00,மொழியியல்,
8154,,8154,தமிழ்நாட்டில் சமணம் (கி.பி.ஆறாம் நூற்றாண்டு),கோ.கிருட்டிண மூர்த்தி,செம்மொழி தமிழாய்வு,2022,500.00,மொழியியல்,
8155,,8155,கீதையோ கீதை! பைபிளோ பைபிள்! குரானோ குரான்!,புவனன்,நிகர்மொழி பதிப்பகம்,2016,150.00,அரசியல்,
8156,,8156,நீதிக்கட்சி வரலாறு,எஸ்.முத்துசாமிப் பிள்ளை,தளபதி பதிப்பகம்,2022,99.00,அரசியல்,
8157,,8157,பௌர்ணமி அலைகள் சதிராட,சரண்யா ஹேமா,நாகம்மை பதிப்பகம்,2023,600.00,சமூக நாவல்,
8158,,8158,வசுந்தரா தேவி,வான்மதி ஹரி,அறிவாலயம்,2022,310.00,சமூக நாவல்,
9001,,9001,தெய்வங்களும் பண்பாட்டு அசைவுகளும்,தொ.பரமசிவன்,நியூசெஞ்சுரி புக் ஹவுஸ்,2023,215.00,அரசியல்,
9002,,9002,சமயங்களின் அரசியல்,தொ.பரமசிவன்,நியூசெஞ்சுரி புக் ஹவுஸ்,2022,75.00,அரசியல்,
9003,,9003,பார்ப்பனியமும் இந்திய தேசிய உருவாக்கமும்,தொ.பரமசிவன்,நியூசெஞ்சுரி புக் ஹவுஸ்,2023,80.00,அரசியல்,
9004,,9004,பண்பாட்டின் வாழ்வியல்,தொ.பரமசிவன்,நியூசெஞ்சுரி புக் ஹவுஸ்,2023,215.00,அரசியல்,
9005,,9005,கந்தன் வருவான்,இந்திரா சௌந்தரராஜன்,திருமகள் நிலையம்,2023,165.00,ஆன்மீகம்,
9006,,9006,நற்றிணை-1 (உரை வேறுபாட்டுக் களஞ்சியம்),முனைவர் க.பாலாஜி,நியூசெஞ்சுரி புக் ஹவுஸ்,2024,9000.00,இலக்கியம்,
9007,,9007,நற்றிணை- 2(உரை வேறுபாட்டுக் களஞ்சியம்),முனைவர் க.பாலாஜி,நியூசெஞ்சுரி புக் ஹவுஸ்,2024,,இலக்கியம்,
9008,,9008,குறுந்தொகை (உரை வேறுபாட்டுக் களஞ்சியம்),முனைவர் இரா.அறவேந்தன்,நியூசெஞ்சுரி புக் ஹவுஸ்,2024,,இலக்கியம்,
9009,,9009,ஐங்குறுநூறு (உரை வேறுபாட்டுக் களஞ்சியம்),முனைவர் ம.லோகேஸ்வரன்,நியூசெஞ்சுரி புக் ஹவுஸ்,2024,,இலக்கியம்,
9010,,9010,பதிற்றுப்பத்து (உரை வேறுபாட்டுக் களஞ்சியம்),முனைவர் இரா.மகிழேந்தி,நியூசெஞ்சுரி புக் ஹவுஸ்,2024,,இலக்கியம்,
9011,,9011,பரிபாடல் (உரை வேறுபாட்டுக் களஞ்சியம்),முனைவர் ம.லோகேஸ்வரன்,நியூசெஞ்சுரி புக் ஹவுஸ்,2024,,இலக்கியம்,
9012,,9012,கலித்தொகை (உரை வேறுபாட்டுக் களஞ்சியம்),முனைவர் மு.முனிஸ்மூர்த்தி,நியூசெஞ்சுரி புக் ஹவுஸ்,2024,,இலக்கியம்,
9013,,9013,"அகநானூறு-களிற்றியானை நிரை
(உரை வேறுபாட்டுக் களஞ்சியம்)",முனைவர் மா.பரமசிவன்,நியூசெஞ்சுரி புக் ஹவுஸ்,2024,,இலக்கியம்,
9014,,9014,"அகநானூறு-மணிமிடை பவளம்
(உரை வேறுபாட்டுக் களஞ்சியம்)",முனைவர் மா.பரமசிவன்,நியூசெஞ்சுரி புக் ஹவுஸ்,2024,,இலக்கியம்,
9015,,9015,அகநானூறு-நித்திலக்கோவை (உரை வேறுபாட்டுக் களஞ்சியம்),முனைவர் மா.பரமசிவன்,நியூசெஞ்சுரி புக் ஹவுஸ்,2024,,இலக்கியம்,
9016,,9016,புறநானூறு - 1 (உரை வேறுபாட்டுக் களஞ்சியம்),முனைவர் அ.செல்வராசு,நியூசெஞ்சுரி புக் ஹவுஸ்,2024,,இலக்கியம்,
9017,,9017,புறநானூறு - 2 (உரை வேறுபாட்டுக் களஞ்சியம்),முனைவர் அ.செல்வராசு,நியூசெஞ்சுரி புக் ஹவுஸ்,2024,,இலக்கியம்,
9018,,9018,திருமுருகாற்றுப் படை (உரை வேறுபாட்டுக் களஞ்சியம்),முனைவர் இரா.அறவேந்தன்,நியூசெஞ்சுரி புக் ஹவுஸ்,2024,,இலக்கியம்,
9019,,9019,பொருநராற்றுப்படை (உரை வேறுபாட்டுக் களஞ்சியம்),முனைவர் அ.செல்வராசு,நியூசெஞ்சுரி புக் ஹவுஸ்,2024,,இலக்கியம்,
9020,,9020,சிறுபாணாற்றுப்படை (உரை வேறுபாட்டுக் களஞ்சியம்),முனைவர் அ.செல்வராசு,நியூசெஞ்சுரி புக் ஹவுஸ்,2024,,இலக்கியம்,
9021,,9021,பெரும்பாணாற்றுப்படை (உரை வேறுபாட்டுக் களஞ்சியம்),முனைவர் இரா.அறவேந்தன்,நியூசெஞ்சுரி புக் ஹவுஸ்,2024,,இலக்கியம்,
9022,,9022,முல்லைப்பாட்டு (உரை வேறுபாட்டுக் களஞ்சியம்),முனைவர் நித்தியாஅறவேந்தன்,நியூசெஞ்சுரி புக் ஹவுஸ்,2024,,இலக்கியம்,
9023,,9023,குறிஞ்சிப்பாட்டு (உரை வேறுபாட்டுக் களஞ்சியம்),முனைவர் நித்தியாஅறவேந்தன்,நியூசெஞ்சுரி புக் ஹவுஸ்,2024,,இலக்கியம்,
9024,,9024,நெடுநல்வாடை (உரை வேறுபாட்டுக் களஞ்சியம்),முனைவர் இரா.மகிழேந்தி,நியூசெஞ்சுரி புக் ஹவுஸ்,2024,,இலக்கியம்,
9025,,9025,மதுரைக்காஞ்சி (உரை வேறுபாட்டுக் களஞ்சியம்),முனைவர் அ.செல்வராசு,நியூசெஞ்சுரி புக் ஹவுஸ்,2024,,இலக்கியம்,
9026,,9026,பட்டினப்பாலை (உரை வேறுபாட்டுக் களஞ்சியம்),முனைவர் இரா.மகிழேந்தி,நியூசெஞ்சுரி புக் ஹவுஸ்,2024,,இலக்கியம்,
9027,,9027,மலைபடுகடாம் (உரை வேறுபாட்டுக் களஞ்சியம்),முனைவர் மு.முனிஸ்மூர்த்தி,நியூசெஞ்சுரி புக் ஹவுஸ்,2024,,இலக்கியம்,
9028,,9028,மதுரைக்காஞ்சி - ஆய்வுக் கட்டுரை,சாலமன் பாப்பையா,கவிதா பப்ளிகேசன்,2023,300.00,இலக்கியம்,
9029,,9029,ஒருமனிதன் ஒருகாடு ஓர் உலகம்,சந்துரு,கிழக்கு பதிப்பகம்,2023,200.00,கட்டுரை,
9030,,9030,வலி,அறிவுமதி,கவிதா பப்ளிகேசன்,2017,80.00,கவிதை,
9031,,9031,மழைத்தும்பிகள்,அறிவுமதி,கவிதா பப்ளிகேசன்,2016,140.00,கவிதை,
9032,,9032,புரட்சிப் பெண்,சாண்டில்யன்,வானதி பதிப்பகம்,2021,120.00,சமூக நாவல்,
9033,,9033,தாரா,ம.நவீன்,யாவரும் பப்ளிஷர்ஸ்,2023,340.00,சமூக நாவல்,
9034,,9034,உனைத்தானே அழைத்தேனே!,புவனா சந்திரசேகர்,வானதி பதிப்பகம்,2023,300.00,சமூக நாவல்,
9035,,9035,நீர்க்கொல்லி,ஷாராஜ்,எழுத்து - கவிதா வெளியீடு,2023,300.00,சமூக நாவல்,
9036,,9036,உயிரே உருகாதே,பட்டுக்கோட்டை பிரபாகர்,கவிதா பப்ளிகேசன்,2023,300.00,சமூக நாவல்,
9037,,9037,அரக்கு மாளிகை,லட்சுமி,பூங்கொடி பதிப்பகம்,2023,320.00,சமூக நாவல்,
9038,,9038,உறவுகள்… பிரிவுகள்… கனவுகள்!,இந்திரா சௌந்தரராஜன்,திருமகள் நிலையம்,2023,190.00,சமூக நாவல்,
9039,,9039,அரண்மனைக் குடும்பம்,இந்திரா சௌந்தரராஜன்,திருமகள் நிலையம்,2023,720.00,சமூக நாவல்,
9040,,9040,நீ என்னுடன் இருந்தால்…,வரலொட்டி ரெங்கசாமி,கவிதா பப்ளிகேசன்,2009,175.00,சமூக நாவல்,
9041,,9041,தேவமனோகரி,கே.பாரதி,கவிதா பப்ளிகேசன்,2023,175.00,சமூக நாவல்,
9042,,9042,சித்திரப் பாவை,அகிலன்,தாகம்,2022,500.00,சமூக நாவல்,
9043,,9043,விடுதலைக் கிளிகள்,வெற்றிச்செழியன்,மக்கள் கல்வி மேம்பாட்டு அறக்கட்டளை,2021,210.00,சிறுவர் நூல்கள்,
9044,,9044,உள்ளத்தனையது உயர்வு,வெற்றிச்செழியன்,மக்கள் கல்வி மேம்பாட்டு அறக்கட்டளை,2021,140.00,சிறுவர் நூல்கள்,
9045,,9045,"என்ன, என்ன, அது என்ன?",வெற்றிச்செழியன்,மக்கள் கல்வி மேம்பாட்டு அறக்கட்டளை,2023,105.00,சிறுவர் நூல்கள்,
9046,,9046,சிறுவர் நாடோடிக் கதைகள்,கி.ராஜநாராயணன்,அகரம்,2022,100.00,சிறுவர் நூல்கள்,
9047,,9047,குழந்தைப்பருவக் கதைகள்,கி.ராஜநாராயணன்,அகரம்,2016,160.00,சிறுவர் நூல்கள்,
9048,,9048,நரியும் காக்கையும்,வை.கோவிந்தன்,நியூசெஞ்சுரி புக் ஹவுஸ்,2019,80.00,சிறுவர் நூல்கள்,
9049,,9049,ஈசாப்பும் தோழர்களும்,வை.கோவிந்தன்,நியூசெஞ்சுரி புக் ஹவுஸ்,2019,60.00,சிறுவர் நூல்கள்,
9050,,9050,சிங்கமும் எலியும்,வை.கோவிந்தன்,நியூசெஞ்சுரி புக் ஹவுஸ்,2019,80.00,சிறுவர் நூல்கள்,
9051,,9051,ஆமையும் முயலும்,வை.கோவிந்தன்,நியூசெஞ்சுரி புக் ஹவுஸ்,2021,70.00,சிறுவர் நூல்கள்,
9052,,9052,நரசீபுரத்தில் நாங்கு கில்லாடிகள்,இரா.கற்பகம்,நியூசெஞ்சுரி புக் ஹவுஸ்,2018,90.00,சிறுவர் நூல்கள்,
9053,,9053,தம்பிக்கோட்டையில் நான்கு கில்லாடிகள்,இரா.கற்பகம்,நியூசெஞ்சுரி புக் ஹவுஸ்,2024,270.00,சிறுவர் நூல்கள்,
9054,,9054,சுட்டிக்குழந்தைகளுக்கான குட்டிப் படக்கதைகள்,ஸ்ரீபா,நெஸ்லிங் புக்ஸ்,2021,125.00,சிறுவர் நூல்கள்,
9055,,9055,பறக்கும் இளவரசன்,சுகுமாரன்,நெஸ்லிங் புக்ஸ்,2021,65.00,சிறுவர் நூல்கள்,
9056,,9056,தவளை இளவரசி,சுகுமாரன்,நெஸ்லிங் புக்ஸ்,2021,65.00,சிறுவர் நூல்கள்,
9057,,9057,ராபின் ஹூட்,சுகுமாரன்,நெஸ்லிங் புக்ஸ்,2024,140.00,சிறுவர் நூல்கள்,
9058,,9058,மாயமோதிரம்,சுகுமாரன்,நெஸ்லிங் புக்ஸ்,2021,65.00,சிறுவர் நூல்கள்,
9059,,9059,மூன்று கரடிகள்,சுகுமாரன்,நெஸ்லிங் புக்ஸ்,2024,65.00,சிறுவர் நூல்கள்,
9060,,9060,வாயுள்ள பிள்ளை,கே.நல்லசிவம்,நெஸ்லிங் புக்ஸ்,2021,85.00,சிறுவர் நூல்கள்,
9061,,9061,பரிசு யாருக்கு,கே.நல்லசிவம்,நெஸ்லிங் புக்ஸ்,2021,85.00,சிறுவர் நூல்கள்,
9062,,9062,பேராசைக்காரன்,வெ.இராமசாமி,நியூசெஞ்சுரி புக் ஹவுஸ்,2024,130.00,சிறுவர் நூல்கள்,
9063,,9063,காட்டுப்பள்ளி,அராத்து,நியூசெஞ்சுரி புக் ஹவுஸ்,2021,225.00,சிறுவர் நூல்கள்,
9064,,9064,சிவகெங்கை சீமை,கண்ணதாசன்,கண்ணதாசன் பதிப்பகம்,2022,150.00,நாடகம்,
9065,,9065,காமத்துக்கு மரியாதை,ஆ.சாந்தி கணேஷ்,விகடன் பிரசுரம்,2023,175.00,பொது அறிவு,
9066,,9066,நானறிந்த நல்லதமிழ்,புலவர் வாசு.கணேசன்,அமிர்தா ஊடக மையம்,2019,80.00,மொழியியல்,
9067,,9067,பண்டைத் தமிழக வரலாறு,மயிலை சீனி வேங்கடசாமி,செந்தளம்,2024,180.00,மொழியியல்,
9068,,9068,இந்தியப் பண்பாட்டில் திராவிடக் (தமிழியக்) கூறுகள்,"டாக்டர் கில்பெர்ட் சிலேட்டர்
பி.இராமநாதன்",தமிழ்மண் பதிப்பகம்,2015,160.00,மொழியியல்,
9069,,9069,தமிழர் உறவு முறைகளும் சமயமும் வழிபாடும்,தொ.பரமசிவன்,நியூசெஞ்சுரி புக் ஹவுஸ்,2022,135.00,மொழியியல்,
9070,,9070,மருதுபாண்டிய மன்னர்கள்,மீ.மனோகரன்,அன்னம்,2020,950.00,வரலாறு,
9071,,9071,பண்டைய இந்தியாவில் சமூக உருவாக்கம்,ஆர்.எஸ்.சர்மா,செந்தளம்,2022,90.00,வரலாறு,
9072,,9072,இஸ்ரேல்,கே.ரமேஷ்பாபு,கிழக்கு பதிப்பகம்,2023,225.00,வரலாறு,
9073,,9073,சேரமான் காதலி,கண்ணதாசன்,கண்ணதாசன் பதிப்பகம்,,500.00,வரலாற்று நாவல்,
9074,,9074,வீரபாண்டியன் மனைவி - 1,அரு.ராமநாதன்,பிரேமா பிரசுரம்,2015,,வரலாற்று நாவல்,
9075,,9075,வீரபாண்டியன் மனைவி - 2,அரு.ராமநாதன்,பிரேமா பிரசுரம்,2015,190.00,வரலாற்று நாவல்,
9076,,9076,வீரபாண்டியன் மனைவி - 3,அரு.ராமநாதன்,பிரேமா பிரசுரம்,2015,270.00,வரலாற்று நாவல்,
9077,,9077,சந்திரமதி,சாண்டில்யன்,வானதி பதிப்பகம்,2023,80.00,வரலாற்று நாவல்,
9078,,9078,ராஜபேரிகை,சாண்டில்யன்,வானதி பதிப்பகம்,2022,535.00,வரலாற்று நாவல்,
9079,,9079,மலைவாசல்,சாண்டில்யன்,வானதி பதிப்பகம்,2023,325.00,வரலாற்று நாவல்,
9080,,9080,கடல்ராணி,சாண்டில்யன்,வானதி பதிப்பகம்,2022,480.00,வரலாற்று நாவல்,
9081,,9081,மன்னன்மகள்,சாண்டில்யன்,வானதி பதிப்பகம்,2023,510.00,வரலாற்று நாவல்,
9082,,9082,நாகதீபம்,சாண்டில்யன்,வானதி பதிப்பகம்,2022,180.00,வரலாற்று நாவல்,
9083,,9083,ராஜ்யஸ்ரீ,சாண்டில்யன்,வானதி பதிப்பகம்,2023,210.00,வரலாற்று நாவல்,
9084,,9084,ராஜமுத்திரை - 1,சாண்டில்யன்,வானதி பதிப்பகம்,2023,400.00,வரலாற்று நாவல்,
9085,,9085,ராஜமுத்திரை - 2,சாண்டில்யன்,வானதி பதிப்பகம்,2023,360.00,வரலாற்று நாவல்,
9086,,9086,பாண்டியன் பவனி,சாண்டில்யன்,வானதி பதிப்பகம்,2022,110.00,வரலாற்று நாவல்,
9087,,9087,விலைராணி,சாண்டில்யன்,வானதி பதிப்பகம்,2022,430.00,வரலாற்று நாவல்,
9088,,9088,கவர்ந்தகண்கள்,சாண்டில்யன்,வானதி பதிப்பகம்,2022,110.00,வரலாற்று நாவல்,
9089,,9089,சேரன் செல்வி,சாண்டில்யன்,வானதி பதிப்பகம்,2023,290.00,வரலாற்று நாவல்,
9090,,9090,மூங்கில் கோட்டை,சாண்டில்யன்,வானதி பதிப்பகம்,2022,170.00,வரலாற்று நாவல்,
9091,,9091,மஞ்சள் ஆறு,சாண்டில்யன்,வானதி பதிப்பகம்,2023,100.00,வரலாற்று நாவல்,
9092,,9092,விஜய மகாதேவி -1 & 2,சாண்டில்யன்,வானதி பதிப்பகம்,2019,650.00,வரலாற்று நாவல்,
9093,,9093,விஜய மகாதேவி -3,சாண்டில்யன்,வானதி பதிப்பகம்,2019,,வரலாற்று நாவல்,
9094,,9094,பாமினிப்பாவை,கௌசிகன்,அரவிந்தன்,2013,250.00,வரலாற்று நாவல்,
9095,,9095,கூடல் பாவை,முகிலன்,வானதி பதிப்பகம்,2023,350.00,வரலாற்று நாவல்,
9096,,9096,பாண்டிமாதேவி,தீபம் நா.பார்த்தசாரதி,நிவேதிதா பதிப்பகம்,2022,550.00,வரலாற்று நாவல்,
9097,,9097,சேரர் கோட்டை - 1,கோகுல் சேஷாத்ரி,பழனியப்பா பிரதர்ஸ்,2023,900.00,வரலாற்று நாவல்,
9098,,9098,சேரர் கோட்டை - 2,கோகுல் சேஷாத்ரி,பழனியப்பா பிரதர்ஸ்,2023,900.00,வரலாற்று நாவல்,
9099,,9099,சோழ நிலா,மு.மேத்தா,கவிதா பப்ளிகேசன்,2023,300.00,வரலாற்று நாவல்,
9100,,9100,மகுட நிலா,மு.மேத்தா,கவிதா பப்ளிகேசன்,2022,400.00,வரலாற்று நாவல்,
9101,,9101,கடலரசி,கொற்றவன்,அன்னை புத்தகாலயம்,2023,300.00,வரலாற்று நாவல்,
9102,,9102,பாண்டியன் மகுடம்,வில்லரசன்,அன்னை புத்தகாலயம்,2023,300.00,வரலாற்று நாவல்,
9103,,9103,பராந்தகப் பாண்டியன்,புவனா சந்திரசேகர்,வானதி பதிப்பகம்,2023,360.00,வரலாற்று நாவல்,
9104,,9104,சிவபாத சேகரன்,சீனிவாசன் ஸ்ரீ,வானதி பதிப்பகம்,2020,230.00,வரலாற்று நாவல்,
9105,,9105,நந்திபுரத்து நாயகி,விக்கிரமன்,யாழினி பதிப்பகம்,2022,888.00,வரலாற்று நாவல்,
9106,,9106,போர்வைக்கோ பெருநற்கிள்ளி,சக்கம்பட்டி தேவராஜ்,அன்னை புத்தகாலயம்,2023,240.00,வரலாற்று நாவல்,
9107,,9107,தூது நீ சொல்லி வாராய்…,கோவி.மணிசேகரன்,பூம்புகார் பதிப்பகம்,,250.00,வரலாற்று நாவல்,
9108,,9108,சென்னியின் வாள்,வில்லரசன்,அன்னை புத்தகாலயம்,2023,500.00,வரலாற்று நாவல்,
9109,,9109,பொற்கால பூம்பாவை,கோவி.மணிசேகரன்,பூம்புகார் பதிப்பகம்,2016,450.00,வரலாற்று நாவல்,
9110,,9110,மலைக்கள்ளன்,நாமக்கல் கவிஞர்,பூம்புகார் பதிப்பகம்,2018,250.00,வரலாற்று நாவல்,
9111,,9111,மலையமாதேவி,டாக்டர் எல்.கைலாசம்,வானதி பதிப்பகம்,2023,600.00,வரலாற்று நாவல்,
9112,,9112,திருமேனித் திருநாள்,கோவி.மணிசேகரன்,பூம்புகார் பதிப்பகம்,2020,225.00,வரலாற்று நாவல்,
9113,,9113,அசோகன் காதலி,அரு.ராமநாதன்,பிரேமா பிரசுரம்,2016,70.00,வரலாற்று நாவல்,
9114,,9114,குட்டநாட்டு குட்டுவன்,ஜெயக்குமார் சுந்தரம்,வானதி பதிப்பகம்,2022,150.00,வரலாற்று நாவல்,
9115,,9115,நீரதிகாரம் - 1,அ.வெண்ணிலா,விகடன் பிரசுரம்,2023,1500.00,வரலாற்று நாவல்,
9116,,9116,நீரதிகாரம் - 2,அ.வெண்ணிலா,விகடன் பிரசுரம்,2023,,வரலாற்று நாவல்,
9117,,9117,கார்ல் மார்க்ஸ்,எஸ்.வி.ராஜதுரை,நியூசெஞ்சுரி புக் ஹவுஸ்,2022,290.00,வாழ்க்கை வரலாறு,
9118,,9118,தோல்,டி.செல்வராஜ்,நியூசெஞ்சுரி புக் ஹவுஸ்,,,,
9119,,9119,நெஞ்சறுப்பு,இமையம்,க்ரியா,2024,275.00,சமூக நாவல்,
9120,,9120,தகவல் பெறும் உரிமைச்சட்ட கையேடு,எஸ்.பி.நெடுமாறன்,திருவள்ளுவர் பதிப்பகம்,2014,80.00,சட்டம்,
9121,,9121,தவறின்றித் தமிழ் எழுத,பாவேந்தர்,நாம்தமிழர் பதிப்பகம்,2004,20.00,மொழியியல்,
9122,,9122,உரைக்கும் பொருளும் உண்மைப் பொருளும்,புலவர் வெற்றியழகன்,சீதை பதிப்பகம்,2008,40.00,மொழியியல்,
9123,,9123,அஞ்சனாவின் இதயராகம்,சரஸ்வதி ரங்கநாதன்,விசாலம் பதிப்பகம்,2019,130.00,சமூக நாவல்,
9124,,9124,பகவத் கீதை - உண்மையுருவில்,பக்தி வேதாந்த சுவாமி,பக்தி வேதாந்த புத்தக அறக்கட்டளை,2008,,ஆன்மீகம்,
9125,,9125,வாஸ்து மர்ம மனையடி சாஸ்திரம்,ஸ்ரீ நாராயண சித்தர்,மணிமேகலை பிரசுரம்,2006,60.00,ஆன்மீகம்,
9126,,9126,தர்மத்தின் மதிப்புதான் என்ன?,ஸ்வாமி தயானந்த ஸரஸ்வதி,வானதி பதிப்பகம்,2011,60.00,ஆன்மீகம்,
9127,,9127,நிர்வாகக் கலையைத் தெரிந்து கொள்ளுங்கள்,பிசி கணேசன்,வானதி பதிப்பகம்,2004,25.00,பொது அறிவு,
9128,,9128,செத்துப் பிழைத்தவர்கள் கண்ட ஆத்ம தரிசனம்,டாக்டர் எம்.எஸ்.உதயமூர்த்தி,கங்கை புத்தக நிலையம்,2011,25.00,பொது அறிவு,
9129,,9129,தெம்புக்குப் படிங்க,தென்கச்சி கோ.சுவாமிநாதன்,வானதி பதிப்பகம்,2011,50.00,பொது அறிவு,
9130,,9130,இந்திராவின் கதை,சிவசங்கரி,வானதி பதிப்பகம்,2010,70.00,வாழ்க்கை வரலாறு,
9131,,9131,மனிதநேயம் மலரட்டும்,டாக்டர் பூதனூர் முத்து,கங்கை புத்தக நிலையம்,2005,50.00,பொது அறிவு,
9132,,9132,வியத்தகு வீட்டு மருத்துவம்,வி.வி.வி.ஆனந்தம்,கங்கை புத்தக நிலையம்,2005,45.00,மருத்துவம்,
9133,,9133,தகவல் களஞ்சியம் (முதல் பாகம்),தென்கச்சி கோ.சுவாமிநாதன்,வானதி பதிப்பகம்,2010,45.00,பொது அறிவு,
9134,,9134,மணப்பெண்ணே உனக்காக,கீதா தெய்வசிகாமணி,திருவரசு புத்தகநிலையம்,2011,120.00,சமூக நாவல்,
9135,,9135,மக்கள் போற்றும் மனிதநேயம்,மயிலாடுதுறை இளையபாரதி,நம்மொழி பதிப்பகம்,2016,150.00,கவிதைகள்,
9136,,9136,வாழ்க்கையில் வெற்றிப்பெற்றவர்களின் கதை,பி.எல்.முத்துக்குமரன்,முல்லை பதிப்பகம்,2011,35.00,தன்முன்னேற்ற நூல்கள்,
9137,,9137,நாம் போற்றும் சித்தர்கள்,சுனிதா பூபாலன்,வானதி பதிப்பகம்,2008,70.00,ஆன்மீகம்/மருத்துவம்,
9138,,9138,வேர்களைத் தேடி,வாஸந்தி,வானதி பதிப்பகம்,2008,60.00,சமூக நாவல்,
9139,,9139,முருங்கையின் 300 பயன்கள்,க.தனபாலன்,வனிதா பதிப்பகம்,2010,85.00,மருத்துவம்,
9140,,9140,சித்தர் தத்துவம்,பா.கமலக்கண்ணன்,வானதி பதிப்பகம்,2010,60.00,மருத்துவம்,
9141,,9141,சிரிப்போம் சிந்திப்போம்,தென்கச்சி கோ.சுவாமிநாதன்,வானதி பதிப்பகம்,2011,45.00,பொது அறிவு,
9142,,9142,லெனின் என்னும் மனிதர்,எஸ்.வி.ராஜதுரை,நியூசெஞ்சுரி புக் ஹவுஸ்,2017,155.00,வாழ்க்கை வரலாறு,
9143,,9143,"இந்திய அரசியலமைப்பின் வளர்ச்சியும், விடுதலை இயக்க வரலாறும்",பாலன் தட்சிணாமூர்த்தி,வானதி பதிப்பகம்,2007,150.00,அரசியல்,
9144,,9144,சேமிப்பு,வெ.இறையன்பு,நியூசெஞ்சுரி புக் ஹவுஸ்,2021,50.00,பொது அறிவு,
9145,,9145,அறிவு,வெ.இறையன்பு,நியூசெஞ்சுரி புக் ஹவுஸ்,2021,50.00,பொது அறிவு,
9146,,9146,பண்டிகைகளும் விரதங்களும்,ஆர்.பொன்னம்மாள்,கங்கை புத்தக நிலையம்,2003,100.00,ஆன்மீகம்,
9147,,9147,சுத்தம்,வெ.இறையன்பு,நியூசெஞ்சுரி புக் ஹவுஸ்,2021,50.00,பொது அறிவு,
9148,,9148,பெண்களின் சமத்துவம்,பாவேந்தர் பாரதிதாசன்,நாம்தமிழர் பதிப்பகம்,2011,60.00,கட்டுரை,
9149,,9149,கல்யாண ஜாதக பரிசீலனை,மல்லாரி மணி,கற்பகம் புத்தகாலயம்,2008,40.00,ஆன்மீகம்,
9150,,9150,கல்லே பரவினல்லது,சத்தியபெருமாள் பாலுசாமி,நடுகல்,2023,240.00,பொது அறிவு,
9151,,9151,இதய நோய்களும் மருத்துவமும்,டாக்டர் சு.நரேந்திரன்,கற்பகம் புத்தகாலயம்,2009,40.00,மருத்துவம்,
9152,,9152,லெனினுடன் சில நாட்கள்,மாக்ஸிம் கார்க்கி,தமிழ்ப்புத்தகாலயம்,2000,24.00,அரசியல்,
9153,,9153,தேடாதே,டாக்டர் ருத்ரன்,கவிதா பப்ளிகேசன்,1995,18.00,மருத்துவம்,
9154,,9154,செந்நெற் பயன்மழை (பாவேந்தர் பாவாணர்),மணிமேகலை குப்புசாமி,விளாதிமீர் பதிப்பகம்,2016,150.00,மொழியியல்,
9155,,9155,நண்டுகளின் அரசாட்சியில் ஓர் இடைவேளை,சந்திரமதி,பாரதி புத்தகாலயம்,2011,45.00,கட்டுரை,
9156,,9156,தேவைகள் ஆசைகள்,டாக்டர் ருத்ரன்,கவிதா பப்ளிகேசன்,2000,30.00,மருத்துவம்,
9157,,9157,உன்னையறிந்தால்,டாக்டர் ருத்ரன்,கவிதா பப்ளிகேசன்,1996,20.00,மருத்துவம்,
9158,,9158,மாற்றம் (நேற்று மனிதன் இன்று மிருகம்),டாக்டர் ருத்ரன்,கவிதா பப்ளிகேசன்,1998,30.00,மருத்துவம்,
9159,,9159,நிஜங்கள்,டாக்டர் ருத்ரன்,கவிதா பப்ளிகேசன்,1998,20.00,மருத்துவம்,
9160,,9160,மனம் என்னும் மேடை,டாக்டர் ருத்ரன்,கவிதா பப்ளிகேசன்,1999,30.00,மருத்துவம்,
9161,,9161,"குழந்தைகளின் உளவியல் பிரச்சனைகள், தீர்வுகள்",டாக்டர் மா.திருநாவுக்கரசு,அம்ருதா பதிப்பகம்,2012,210.00,மருத்துவம்,
9162,,9162,அருள் பொழியும் திருத்தலங்கள்,கு.சண்முகசுந்தரம்,லிப்கோ,2007,30.00,ஆன்மீகம்,
9163,,9163,சமயம் கடந்த சன்மார்க்கம்,முனைவர் சுவாமி அருட்சோதி ஆனந்தா,உலக சமரச சன்மார்க்க சத்திய சபை,2010,90.00,ஆன்மீகம்,
9164,,9164,திருப்பதி பாலாஜியை தரிசித்த வேளையில் நடந்த அற்புதங்கள்,PVRK பிரசாத்,வானதி பதிப்பகம்,2010,125.00,ஆன்மீகம்,
9165,,9165,அரங்கன் மகிமையும் ஆழ்வார்கள் பெருமையும்,ஜெ.விஜயலட்சுமி,வானதி பதிப்பகம்,2011,60.00,ஆன்மீகம்,
9166,,9166,அர்த்தமுள்ள இந்துமதம் (10 பாகமும்),கண்ணதாசன்,கண்ணதாசன் பதிப்பகம்,2012,275.00,ஆன்மீகம்,
9167,,9167,நபிகள் நாயகம் - வாழ்வும் வாக்கும்,பேரா.மு.சாயுபு மரைக்காயர்,கங்கை புத்தக நிலையம்,2002,30.00,ஆன்மீகம்,
9168,,9168,பொதிகைமலை யாத்திரை,கயிலைமாமணி சரவணன்,,2011,40.00,ஆன்மீகம்,
9169,,9169,சொல்லிக் கொடுப்போம் நம் பிள்ளைகளுக்கு,மயிலாடுதுறை இளையபாரதி,நம்மொழி பதிப்பகம்,2016,50.00,சிறுவர் நூல்கள்,
9170,,9170,திருக்குறள் கதைகள்,ருக்மணி சேஷசாயி,சாயி பதிப்பகம்,2014,60.00,சிறுவர் நூல்கள்,
9171,,9171,உழைப்பு உயர்த்தும்,என்.ஸ்ரீதரன்,கங்கை புத்தக நிலையம்,2010,40.00,சிறுவர் நூல்கள்,
9172,,9172,சரத்சந்திரரின் நகைச்சுவை,சு.கிருஷ்ணமூர்த்தி,கங்கை புத்தக நிலையம்,2002,25.00,பொது அறிவு,
9173,,9173,அவசரம் ஆகாஷ் அவசரம்,ஸ்ரீதரன் வெங்கடகிருஷ்ணன்,மணிமேகலை பிரசுரம்,2022,125.00,சிறுகதைகள்,
9174,,9174,அறிஞர் அண்ணாவின் சிறுகதைகள்,பேரா.மு.சாயுபு மரைக்காயர்,கங்கை புத்தக நிலையம்,2009,100.00,சிறுகதைகள்,
9175,,9175,சாணக்கிய நீதி,டாக்டர்.என்.ஸ்ரீதரன்,கங்கை புத்தக நிலையம்,2011,60.00,ஆன்மீகம்,
9176,,9176,இலக்கியக் கதிர்,முனைவர் பொ.மா.பழனிச்சாமி,நியூசெஞ்சுரி புக் ஹவுஸ்,2010,60.00,மொழியியல்,
9177,,9177,தமிழ்ப்பதிப்பு வரலாறு,மு.கேசவன்,,2021,100.00,மொழியியல்,
9178,,9178,பஞ்சுர்ளி,சத்தியபெருமாள் பாலுசாமி,ஐ-நூல்வெளி,2024,120.00,மொழியியல்,
9179,,9179,ஒத்தையடிப் பாதை,தெ.செ.ஞானவேல்,ழ பதிப்பகம்,2010,180.00,வாழ்க்கை வரலாறு,
9180,,9180,வாகனத்தை மோதிய மின்கம்பம்,வி.சுப்ரமணியன்,மணிமேகலை பிரசுரம்,2014,100.00,பொது அறிவு,
9181,,9181,தகவல் களஞ்சியம் (இரண்டாம் பாகம்),தென்கச்சி கோ.சுவாமிநாதன்,வானதி பதிப்பகம்,2010,65.00,பொது அறிவு,
9182,,9182,மனசுக்குள் வரலாமா?,க.அபிராமி,தமிழ்ப்புத்தகாலயம்,2006,30.00,தன்முன்னேற்ற நூல்கள்,
9183,,9183,தன்னம்பிக்கையும் உயர் தர்ம நெறிகளும்,டாக்டர் எம்.எஸ்.உதயமூர்த்தி,கங்கை புத்தக நிலையம்,2011,50.00,தன்முன்னேற்ற நூல்கள்,
9184,,9184,உலகால் அறியப்படாத ரகசியம்,டாக்டர் எம்.எஸ்.உதயமூர்த்தி,கங்கை புத்தக நிலையம்,2011,45.00,தன்முன்னேற்ற நூல்கள்,
9185,,9185,அதி உன்னத வழி,ஓஷோ,கண்ணதாசன் பதிப்பகம்,2002,150.00,ஆன்மீகம்,
9186,,9186,வாத்சாயனாரின் காம சாஸ்திரம்,தேவ்நாத்,நர்மதா பதிப்பகம்,2016,140.00,மருத்துவம்,
9187,,9187,தம்ம பதம் - 4,ஓஷோ,கண்ணதாசன் பதிப்பகம்,2004,160.00,ஆன்மீகம்,
9188,,9188,விளக்கின் கீழே விதை,ஓஷோ,கண்ணதாசன் பதிப்பகம்,2001,54.00,ஆன்மீகம்,
9189,,9189,உறவுகள்,பீட்டர் ஆண்டனி,ஸ்ரீ குமரன் பிரிண்டர்ஸ்,2020,300.00,சமூக நாவல்,
9190,,9190,உதயமாகிறது வலிமை படைத்த பாரதம்,"ஆ.பெ.ஜெ அப்துல்கலாம், சிவதாணுப்பிள்ளை",கண்ணதாசன் பதிப்பகம்,2008,120.00,அறிவியல்,
9191,,9191,"ஆஷ் படுகொலை புனைவும், வரலாறும்",மருத்துவர் நா.ஜெயராமன்,விடியல் பதிப்பகம்,2017,250.00,வரலாறு,
9192,,9192,குறுந்தொகை (மூலமும் விளக்கமும்),சக்திதாசன் சுப்ரமணியன்,முல்லை பதிப்பகம்,2008,150.00,இலக்கியம்,
9193,,9193,இந்திய நாட்டின் விந்தைக்கதைகள்,முனைவர் மலையமான்,ராமையா பதிப்பகம்,2018,80.00,சிறுவர் நூல்கள்,
9194,,9194,சிதைந்த ஓவியம்,பீட்டர் ஆண்டனி,ஸ்ரீ குமரன் பிரிண்டர்ஸ்,2020,80.00,சமூக நாவல்,
9195,,9195,மானுடத்தின் கதை,பீட்டர் ஆண்டனி,ஸ்ரீ குமரன் பிரிண்டர்ஸ்,2020,300.00,அறிவியல்,
9196,,9196,மூன்றுவிரல்,இரா.முருகன்,சபரி பதிப்பகம்,2003,145.00,சமூக நாவல்,
9197,,9197,சித்தர் சிவவாக்கியரின் ஜீவிதமும் சிந்தனையும்,ஓம்சக்தி நாராயணசுவாமி,ஸ்ரீ தர்மசாஸ்தா அறக்கட்டளை,2009,100.00,ஆன்மீகம்,
9198,,9198,பணக்காரத் தந்தை ஏழைத்தந்தை,நாகலட்சுமி சண்முகம்,மஞ்சுள் பப்ளிஷிங் ஹவுஸ்,2020,299.00,பொது அறிவு,
9199,,9199,விதூஷகன்,சத்திரமனை ரெ.மல்லப்பிள்ளை,மணிமேகலை பிரசுரம்,2013,40.00,பொது அறிவு,
9200,,9200,இந்தப்பூக்கள் விற்பனைக்கல்ல,வைரமுத்து,சூர்யா,1999,40.00,கவிதைகள்,
9201,,9201,கலகம் காதல் இசை,சாரு நிவேதிதா,உயிர்மை பதிப்பகம்,2006,70.00,கட்டுரைகள்,
9202,,9202,69 (நுண்கதைகள்),சி.சரவண கார்த்திகேயன்,உயிர்மை பதிப்பகம்,2021,80.00,சிறுகதைகள்,
9203,,9203,உங்கள் பிறந்த தேதியும் வாழ்க்கை ரகசியங்களும்,ஸ்ரீ நிவாஸாச்சாரியார்,லிப்கோ,2000,9.00,ஆன்மீகம்,
9204,,9204,ருத்ராட்சம்,கீர்த்தி,சங்கர் பதிப்பகம்,2008,80.00,ஆன்மீகம்,
9205,,9205,உருவாக்கும் மனிதனுக்கு எதிர்காலம் சொந்தம்,ஓஷோ,கண்ணதாசன் பதிப்பகம்,1999,48.00,ஆன்மீகம்,
9206,,9206,நாற்பது வயதிற்குப் பிறகு வானமே எல்லை,ஓஷோ,கண்ணதாசன் பதிப்பகம்,2001,40.00,ஆன்மீகம்,
9207,,9207,கர்ப்பமா... கவலை வேண்டாம்,டாக்டர் எஸ்.ராஜா,சுரா பதிப்பகம்,2008,50.00,மருத்துவம்,
9208,,9208,வாரிசுரிமைச் சட்டமும் பாகப்பிரிவினைச் சட்டமும்,சோ.சேசாசலம்,ராஜேஸ்வரி புத்தகநிலையம்,1999,25.00,சட்டம்,
9209,,9209,ஆங்கில மருந்துகளும் பயன்படுத்தும் முறைகளும் - 1,டாக்டர்.முத்து செல்லக்குமார்,கற்பகம் புத்தகாலயம்,1996,35.00,மருத்துவம்,
9210,,9210,ஆங்கில மருந்துகளும் பயன்படுத்தும் முறைகளும் - 2,டாக்டர்.முத்து செல்லக்குமார்,கற்பகம் புத்தகாலயம்,2006,50.00,மருத்துவம்,
9211,,9211,ஆங்கில மருந்துகளும் பயன்படுத்தும் முறைகளும் - 3,டாக்டர்.முத்து செல்லக்குமார்,கற்பகம் புத்தகாலயம்,2008,40.00,மருத்துவம்,
9212,,9212,ஆங்கில மருந்துகளும் பயன்படுத்தும் முறைகளும் - 5,டாக்டர்.முத்து செல்லக்குமார்,கற்பகம் புத்தகாலயம்,2008,50.00,மருத்துவம்,
9213,,9213,ஆங்கில மருந்துகளும் பயன்படுத்தும் முறைகளும் - 6,டாக்டர்.முத்து செல்லக்குமார்,கற்பகம் புத்தகாலயம்,2006,50.00,மருத்துவம்,
9214,,9214,ஆங்கில மருந்துகளும் பயன்படுத்தும் முறைகளும் - 7,டாக்டர்.முத்து செல்லக்குமார்,கற்பகம் புத்தகாலயம்,2007,50.00,மருத்துவம்,
9215,,9215,ஆங்கில மருந்துகளும் பயன்படுத்தும் முறைகளும் - 8,டாக்டர்.முத்து செல்லக்குமார்,கற்பகம் புத்தகாலயம்,2007,50.00,மருத்துவம்,
9216,,9216,ஆங்கில மருந்துகளும் பயன்படுத்தும் முறைகளும் - 9,டாக்டர்.முத்து செல்லக்குமார்,கற்பகம் புத்தகாலயம்,2009,50.00,மருத்துவம்,
9217,,9217,யோகக் களஞ்சியம் - தொகுதி -1,அ.அறிவொளி,வர்த்தமானன் பதிப்பகம்,2011,1100.00,மருத்துவம்,
9218,,9218,யோகக் களஞ்சியம் - தொகுதி -2,அ.அறிவொளி,வர்த்தமானன் பதிப்பகம்,2011,,மருத்துவம்,
9219,,9219,யோகக் களஞ்சியம் - தொகுதி -3,அ.அறிவொளி,வர்த்தமானன் பதிப்பகம்,2011,,மருத்துவம்,
9220,,9220,யோகக் களஞ்சியம் - தொகுதி -4,அ.அறிவொளி,வர்த்தமானன் பதிப்பகம்,2011,,மருத்துவம்,
9221,,9221,அசுரன்,நாகலட்சுமி சண்முகம்,மஞ்சுள் பப்ளிஷிங் ஹவுஸ்,2022,599.00,வரலாற்று நாவல்,
9222,,9222,வெல்வெட் குற்றங்கள்,ராஜேஷ்குமார்,ராஜேஷ்குமார் பப்ளிசிங்,2019,190.00,சமூக நாவல்,
9223,,9223,"சாதி, வர்க்கம், மரபணு",ப.கு.ராஜன்,பாரதி புத்தகாலயம்,2021,60.00,அரசியல்,
9224,,9224,தமிழர்களின் ஆதி நிலம்,ஆதி வள்ளியப்பன்,பாரதி புத்தகாலயம்,2021,45.00,மொழியியல்,
9225,,9225,மூடநம்பிக்கையிலிருந்து விடுதலை,அருணன்,பாரதி புத்தகாலயம்,2020,80.00,அரசியல்,
9226,,9226,வேதங்களின் நாடு,இ.எம்.எஸ்.நம்பூதிரிபாடு,பாரதி புத்தகாலயம்,2020,66.00,அரசியல்,
9227,,9227,தேசிய கல்விக் கொள்கை,புதியகுரல்,புதியகுரல்,2019,50.00,அரசியல்,
9228,,9228,வேளாண் சட்டங்கள்,விவசாயிகள் விடுதலை முன்னணி,விவசாயிகள் விடுதலை முன்னணி,2021,60.00,அரசியல்,
9229,,9229,ஆதிப் பெண்ணின் அடிதேடி,ஓவியா,கருஞ்சட்டை,2021,110.00,அரசியல்,
9230,,9230,நீங்கள் காணும் கனவுகள்,ஆ.மோகனராஜூ,ராஜாத்தி பதிப்பகம்,2022,120.00,பொது அறிவு,
9231,,9231,உறவுகள் எதற்காக?,சத்குரு,ஈஷா அறக்கட்டளை,2008,,ஆன்மீகம்,
9232,,9232,அமெரிக்க நெருக்கடி முதலாளித்துவத்துக்கு சவுக்கடி,கீழைக்காற்று வெளியீடு,கீழைக்காற்று வெளியீடு,2008,30.00,அரசியல்,
9233,,9233,வாழ்க்கையைப் புரிய வைப்பதுதான் கல்வி,எஸ். எஸ்.ராஜகோபாலன்,கீழைக்காற்று வெளியீடு,2017,30.00,அரசியல்,
9234,,9234,கடலோர மாற்றங்களும் மீனவர் வாழ்வாதாரமும்,அ.பகத்சிங்,உயிர்,2022,,அரசியல்,
9235,,9235,நீங்கள் நல்லவரா? கெட்டவரா?,சத்குரு,ஈஷா அறக்கட்டளை,2008,,ஆன்மீகம்,
9236,,9236,முதல் உதவி,கலவை மு.முபாரக் அலி,நியூசெஞ்சுரி புக் ஹவுஸ்,2017,85.00,மருத்துவம்,
9237,,9237,பெகாசஸ்- மோடி அரசின் மோப்பநாய்,நிமிர் பதிப்பகம்,நிமிர் பதிப்பகம்,2022,60.00,அரசியல்,
9238,,9238,ஒடுக்கப்பட்டவர்களின் வழக்குகளும் மறுக்கப்படும் நீதியும்,யா.அருள்தாஸ்,மக்கள் இயக்கங்களின் தேசிய கூட்டமைப்பு,2017,100.00,அரசியல்,
9239,,9239,விடையில்லா கேள்வி,சுனிதா ஷெர்லி,வாழ்க்கை சட்டம்,2018,100.00,சமூக நாவல்,
9240,,9240,மாவீரன் ஒண்டிவீரன் பகடை,எழில். இளங்கோவன்,கருஞ்சட்டை,2019,30.00,வரலாறு,
9241,,9241,மானஸா,உமா ஜானகிராமன்,காவ்யா பப்ளிகேஷன்,2005,55.00,சிறுகதைகள்,
9242,,9242,ஆதிசங்கரர் வாழ்வும் வாக்கும்,டாக்டர் துரை.ராஜாராம்,நர்மதா பதிப்பகம்,2012,80.00,ஆன்மீகம்,
9243,,9243,"தேவார, திருவாசகத் திரட்டு",சுவாமி அவினாசானந்தர்,ஸ்ரீராமகிருஷ்ண மடம்,2011,55.00,ஆன்மீகம்,
9244,,9244,உயிரென்னும் பூ மலரும்,மரபின் மைந்தன் ம.முத்தையா,ஈஷா அறக்கட்டளை,2005,25.00,ஆன்மீகம்,
9245,,9245,எது கருப்புப் பணம்? (மோடியின் டிஜிட்டல் பாசிசம்),மருததையன்,கீழைக்காற்று வெளியீடு,2018,40.00,அரசியல்,
9246,,9246,கன்பூஷியஸ்,ஆர்.சி.சம்பத்,அநுராகம்,2008,12.00,வாழ்க்கை வரலாறு,
9247,,9247,திருக்குறள் நூல் அரங்கேற்றம் (நாடகம்),எழில்.சோம.பொன்னுசாமி,மணிமேகலை பிரசுரம்,2024,150.00,நாடகம்,
9248,,9248,புத்தகம்,ஆ.மோகனராஜூ,விஜயா பதிப்பகம்,2020,130.00,பொது அறிவு,
9249,,9249,சாதாரணத்திலிருந்து மிகச் சாதாரணத்திற்கு,சத்குரு,ஈஷா அறக்கட்டளை,2008,25.00,ஆன்மீகம்,
9250,,9250,பாரதி வசந்தன் படைப்புலகம்,முனைவர் சி.அய்யப்பன்,கலைஞன் பதிப்பகம்,2018,100.00,வாழ்க்கை வரலாறு,
9251,,9251,மனம் படும் பாடு,அனுசுயா,மணிமேகலை பிரசுரம்,2015,70.00,சமூக நாவல்,
9252,,9252,தினம் தினம் ஆனந்தமே,சத்குரு,ஈஷா அறக்கட்டளை,2008,,ஆன்மீகம்,
9253,,9253,தியானம் - ஆனந்தத்தின் வாசல்,சத்குரு,ஈஷா அறக்கட்டளை,2008,,ஆன்மீகம்,
9254,,9254,விதியை மாற்றும் விஞ்ஞானம்,சத்குரு,ஈஷா அறக்கட்டளை,2008,,ஆன்மீகம்,
9255,,9255,நீயே சொல் குருநாதா,மரபின் மைந்தன் ம.முத்தையா,ஈஷா அறக்கட்டளை,2009,,ஆன்மீகம்,
9256,,9256,பெண் - இறைமையின் மறுபக்கம்,சத்குரு,ஈஷா அறக்கட்டளை,2006,,ஆன்மீகம்,
9257,,9257,ஒரு விநாடி புத்தர்,மரபின் மைந்தன் ம.முத்தையா,ஈஷா அறக்கட்டளை,2010,,ஆன்மீகம்,
9258,,9258,யோகமும் போகமும்,டாக்டர் இரா.மாணிக்கவாசகம்,அன்னை அபிராமி அருள்,2010,85.00,ஆன்மீகம்,
9259,,9259,விவேக சூடாமணி,சுவாமி சின்மயானந்தர்,Central chinmaya mission Trust,2016,,ஆன்மீகம்,
9260,,9260,இராம காவியம் பாலகாண்டம் (கவிதை நடையில்),முனைவர் சு.கி.முருகானந்தம்,பாக்யலட்சுமி வெளியீடு,2015,150.00,ஆன்மீகம்,
9261,,9261,உடல் நலம் உங்கள் கையில்,அக்கு ஹீலர் அ.உமர்பாரூக்,,2017,80.00,மருத்துவம்,
9262,,9262,நட்பிலக்கணம்,கனிகர் நளினி முத்து,கவி ஓவியா வெளியீடு,2018,80.00,இலக்கியம்,
9263,,9263,நில அமைப்பும் தமிழ்க் கவிதையும்,தனிநாயக அடிகள்,நியூசெஞ்சுரி புக் ஹவுஸ்,2014,150.00,இலக்கியம்,
9264,,9264,நரம்புத் தளர்ச்சி நீங்க,ஜெகாதா,சங்கர் பதிப்பகம்,2010,15.00,மருத்துவம்,
9265,,9265,தமிழ்த் தேசியத் திருநாள்,புலவர் இறைக்குருவனார்,இறையகம்,2008,25.00,மொழியியல்,
9266,,9266,குத்தூசி குருசாமியின் பசுங்கிளி பறந்தது,சொ.செல்வராஜி,மின்தூரிகை,2005,30.00,சிறுகதைகள்,
9267,,9267,திருவள்ளுவ மாலை - மூலமும் எளிய உரை விளக்கமும்,புலவர் இராம.வேதநாயகம்,மணிமேகலை பிரசுரம்,2017,70.00,இலக்கியம்,
9268,,9268,கடவுளைத் தேடி,சுவாமி விவேகானந்தர்,ஸ்ரீராமகிருஷ்ண மடம்,2010,20.00,கவிதைகள்,
9269,,9269,குறிஞ்சிப் பூக்கள் (முதல் தொகுதி),கோவை தமிழ்ச் சங்கம்,கோவை தமிழ்ச் சங்கம்,2012,450.00,கவிதைகள்,
9270,,9270,ஆரூரான் கவிதைப் பூங்கா,கவிஞர் வே.தியாகராஜன்,தமிழ் இலக்கிய பூங்கா,2004,,கவிதைகள்,
9271,,9271,தேவதை புராணம்,சரவண கார்த்திகேயன்,கற்பகம் புத்தகாலயம்,2012,75.00,கவிதைகள்,
9272,,9272,கவிஞர்களின் பார்வையில் பாரதி,சோலை தமிழினியன்,சோலைப் பதிப்பகம்,2012,40.00,கவிதைகள்,
9273,,9273,அரங்க மின்னல்கள்,மயிலாடுதுறை இளையபாரதி,நம்மொழி பதிப்பகம்,2007,60.00,கவிதைகள்,
9274,,9274,கலைஞர் கவிநானூறு,கவிஞர் சித்தை பா.பார்த்திபன்,புதிய தென்றல்,2002,125.00,கவிதைகள்,
9275,,9275,நெஞ்சத்தைத் தொட்ட நினைவுக் கவிதைகள்,பாரிஸ் பார்த்தசாரதி,மணிமேகலை பிரசுரம்,2004,25.00,கவிதைகள்,
9276,,9276,குறுவரிகளில் பெரு வெடிப்பு,பொன்னி.கு.மகிழ்வரசு,குட்டி சௌத்ரி பதிப்பகம்,2017,70.00,கவிதைகள்,
9277,,9277,வாழும் வள்ளுவரே வாழி!,கவிஞர் க.ச.கலையரசன்,கவிஞன்குரல் பதிப்பகம்,2009,100.00,கவிதைகள்,
9278,,9278,உணர்வலைகள்,கவிஞர் பழனிகுமார்,பொங்கிரி பதிப்பகம்,2014,150.00,கவிதைகள்,
9279,,9279,உலகச்சாதனை கவியரங்க கவிதைகள் - 2,கவிஞர் க.ச.கலையரசன்,கவிஞன்குரல் பதிப்பகம்,2014,300.00,கவிதைகள்,
9280,,9280,விரல்நுனி விளக்குகள்,முனைவர் அர.விவேகானந்தன்,சுடர்விழி பதிப்பகம்,2018,100.00,கவிதைகள்,
9281,,9281,அன்புடன் நயாகரா,கவிஞர் புகாரி,யுனிவர்சல் பப்ளிஷர்ஸ்,2019,100.00,கவிதைகள்,
9282,,9282,மூங்கில் வனம்,கூடல் தாரிக்,ஓவியா பதிப்பகம்,2018,70.00,கவிதைகள்,
9283,,9283,புன்னகைக்குள் புழுக்கம்,கவிஞர் மயிலை கி.மதிவாணன்,வசுமதி பதிப்பகம்,2010,60.00,கவிதைகள்,
9284,,9284,சர விளக்குகள் ஹைக்கூ 560,ஹைக்கூ கவிஞர் பிரபாகர் பாபு,சன் புக்ஸ்,2001,30.00,கவிதைகள்,
9285,,9285,நன்னபியே நாயகமே,முகைதீன் சாலி,எக்ஸலண்ட் பிரிண்ட்,2016,350.00,கவிதைகள்,
9286,,9286,மகிழம்பூ மணக்கும் தெரு,மயிலாடுதுறை இளையபாரதி,கவிஓவியா,2018,110.00,கவிதைகள்,
9287,,9287,கண்ணாடி நிலா,ப.திருமால்,பூங்குயில் பதிப்பகம்,2015,60.00,கவிதைகள்,
9288,,9288,அணிவகுப்பு,கூட்டுக் கவிதைத்தொகுப்பு,மும்பை தமிழ் இலக்கியக் கழகம்,2002,40.00,கவிதைகள்,
9289,,9289,கவிதை என் ஆயுத எழுத்து,இளசை அருணா,கவிஞன்குரல் பதிப்பகம்,2013,60.00,கவிதைகள்,
9290,,9290,திசைகளின் தேடல்கள்,கவிதை தொகுப்பு நூல்,திசைகள் கலை இலக்கிய மன்றம்,2015,200.00,கவிதைகள்,
9291,,9291,விருப்பக்குறியீடுகளில் விளைந்து நிற்கும் சொற்கள்,மயிலாடுதுறை இளையபாரதி,கவிஓவியா,2018,80.00,கவிதைகள்,
9292,,9292,பாவுலகில் பூத்த நிலா,ஆனைவாரி ஆனந்தன்,கவிக்குயில் பதிப்பகம்,2014,70.00,கவிதைகள்,
9293,,9293,துளிர்க்கும் மரம்,அன்புச்செல்வி சுப்புராஜூ,ககாகிதப்பூ பதிப்பகம்,2018,,கவிதைகள்,
9294,,9294,மின்னலில் விளக்கேற்றி,கே.ஜி.ராஜேந்திரபாபு,மீனாள் பதிப்பகம்,1999,25.00,கவிதைகள்,
9295,,9295,மலர்வனம்,தமிழ்நிலவன்,திருவள்ளுவர் தமிழ்ப்பட்டறை,2011,90.00,கவிதைகள்,
9296,,9296,வனம் உலவும் வானம்பாடி,`மீனாட்சி சுந்தரமூர்த்தி,அனிச்சம் வெளியீடு,2017,100.00,கவிதைகள்,
9297,,9297,இதய சந்தங்கள்,நல.ஞானபண்டிதன்,செல்வலட்சுமி பதிப்பகம்,2011,50.00,கவிதைகள்,
9298,,9298,குறள் அமுதம் பருக வாரீர்! இன்பந் தரும் இருபத்தெட்டு,பூவை இராம.வீரப்பன்,வர்ஷினி பிரிண்டர்ஸ்,2020,,கவிதைகள்,
9299,,9299,கவிதைப் பூக்கள்,பூவை இராம.வீரப்பன்,வர்ஷினி பிரிண்டர்ஸ்,,50.00,கவிதைகள்,
9300,,9300,பெண்களின் ஆற்றல் பெரிது,பாவலர் சீனி சுந்தரமூர்த்தி,மணிமேகலை பிரசுரம்,2020,135.00,கவிதைகள்,
9301,,9301,மலைபோல் உயர்வோம்!,பாவலர் சீனி சுந்தரமூர்த்தி,மணிமேகலை பிரசுரம்,2022,100.00,கவிதைகள்,
9302,,9302,வண்ண வசந்த மலர்களின் கவிச்சோலை,ஆறுமுக ஆச்சாரியார்,வசந்தா இல்லம்,2022,120.00,கவிதைகள்,
9303,,9303,பிடிக்குள் பூங்காற்று,மரியதெரசா,கவிமதி மரியதெரசா,2007,40.00,கவிதைகள்,
9304,,9304,பய்யூரின் கவிச்சோலை - 108,பய்யூர் சி.கோபாலகிருஷ்ணன்,அகிலா பதிப்பகம்,2022,75.00,கவிதைகள்,
9305,,9305,பனி முத்தங்கள் …,மருதம்கோமகன்,கோமகன் பதிப்பகம்,2015,40.00,கவிதைகள்,
9306,,9306,வியர்வையின் முகவரி,புதுகை தீ.இர,இனிய நந்தவனம் பதிப்பகம்,2017,80.00,கவிதைகள்,
9307,,9307,சிறகடிக்க ஆசை,மா.லட்சுமிநாதன்,நம்மொழி பதிப்பகம்,2016,80.00,கவிதைகள்,
9308,,9308,கவிஞர்களின் பார்வையில் பாரதிதாசன்,சோலை தமிழினியன்,சோலைப் பதிப்பகம்,2013,40.00,கவிதைகள்,
9309,,9309,மனதில் ஹைக்கூ,கவிஞர் இரா.இரவி,ஜெயசித்ரா,2010,40.00,கவிதைகள்,
9310,,9310,வைகறை வண்ணங்கள்,மாம்பலம் ஆ.சந்திரசேகர்,நம்மொழி பதிப்பகம்,2016,120.00,கவிதைகள்,
9311,,9311,அடுக்கு மல்லி,மயில் இளந்திரையன்,தமிழ்மருதம்,2012,140.00,கவிதைகள்,
9312,,9312,அதிகாலைத் தேநீர்,மா.உ.ஞானவடிவேல்,பூரணி பதிப்பகம்,2018,100.00,கவிதைகள்,
9313,,9313,பாரதியின் நெஞ்சை அள்ளும் சிலம்பு,புலவர் இ.ப.நடராசன்,மணிவாசகர் பதிப்பகம்,2022,175.00,கவிதைகள்,
9314,,9314,அன்பென்னும் பயிர்,பாவலர் சீனி சுந்தரமூர்த்தி,மணிமேகலை பிரசுரம்,2019,90.00,கவிதைகள்,
9315,,9315,தனிமையில் அலையும் தனிமை,க.அம்சப்ரியா,புன்னகை பதிப்பகம்,2020,100.00,கவிதைகள்,
9316,,9316,ஆசைபற்றி அறையலுற்றேன்,டாக்டர் விஜயலட்சுமி மாசிலாமணி,மின்னல் கலைக்கூடம்,2021,120.00,கவிதைகள்,
9317,,9317,கவிதை முகங்கள்,திருக்குறள் சொ.பத்மநாபன்,வனிதா பதிப்பகம்,2020,80.00,கவிதைகள்,
9318,,9318,கைத்தட்டப் பழகுங்கள்,பா.சர்தார் சிங்,வைஷ்ணவி பதிப்பகம்,2020,50.00,கவிதைகள்,
9319,,9319,கவி வானம்,கவிமுரசு வா.மு.சே.திருவள்ளுவர்,கவியரசன் பதிப்பகம்,2019,200.00,கவிதைகள்,
9320,,9320,இனித் தரணியில் தமிழ்?!,முனைவர் வே.த.யோகநாதன்,அனைத்துலகத் தமிழ் மாமன்றம்,2020,150.00,கவிதைகள்,
9321,,9321,வசந்தவாசல் கவிதை வனம் - 2013,வசந்த வாசல் வெளியீடு,வசந்த வாசல் வெளியீடு,2013,250.00,கவிதைகள்,
9322,,9322,வசந்தவாசல் கவிதைச்சுரங்கம் - 2014,வசந்த வாசல் வெளியீடு,வசந்த வாசல் வெளியீடு,2014,250.00,கவிதைகள்,
9323,,9323,வசந்தவாசல் கவிதைச்சிறகுகள் - 2015,வசந்த வாசல் வெளியீடு,வசந்த வாசல் வெளியீடு,2015,300.00,கவிதைகள்,
9324,,9324,வசந்தவாசல் கவிதைக் கதிர்கள் - 2016,வசந்த வாசல் வெளியீடு,வசந்த வாசல் வெளியீடு,2016,275.00,கவிதைகள்,
9325,,9325,வசந்தவாசல் கவிதைக் கனிகள் - 2017,வசந்த வாசல் வெளியீடு,வசந்த வாசல் வெளியீடு,2017,350.00,கவிதைகள்,
9326,,9326,வசந்தவாசல் கவிதை நாற்றுகள் - 2018,வசந்த வாசல் வெளியீடு,வசந்த வாசல் வெளியீடு,2018,350.00,கவிதைகள்,
9327,,9327,வசந்தவாசல் கவிதைக்களம் - 2019,வசந்த வாசல் வெளியீடு,வசந்த வாசல் வெளியீடு,2019,350.00,கவிதைகள்,
9328,,9328,வசந்தவாசல் கவிதை மலர்கள் - 2020,வசந்த வாசல் வெளியீடு,வசந்த வாசல் வெளியீடு,2020,400.00,கவிதைகள்,
9329,,9329,வசந்தவாசல் கவிதை மகுடம் - 2022,வசந்த வாசல் வெளியீடு,வசந்த வாசல் வெளியீடு,2022,400.00,கவிதைகள்,
9330,,9330,விடிந்தால் விடுதலை,வா.மு.சேதுராமன்,கவியரசன் பதிப்பகம்,2018,150.00,கவிதைகள்,
9331,,9331,ஏன் இந்த மாட்டுப் பொங்கல்,இலந்தை சு.ராமசாமி,மணிமேகலை பிரசுரம்,2014,60.00,கவிதைகள்,
9332,,9332,கவிக் கதம்பம்,குந்தவை வந்தியத்தேவன்,ஆர்.கே.பதிப்பகம்,2013,60.00,கவிதைகள்,
9333,,9333,உள்ளே நெருப்பு,சீனி பாரதி,ஆர்.சௌந்தரம்,2010,60.00,கவிதைகள்,
9334,,9334,சிவாவின் கவிதைகள்,சிவா,பந்தளா பப்ளிகேசன்,,120.00,கவிதைகள்,
9335,,9335,மாறுமோ தமிழக வறட்சி நிலை?,ச. அரிகரபுத்ரன்,மணிமேகலை பிரசுரம்,2017,60.00,கவிதைகள்,
9336,,9336,சிற்பியைச் செதுக்கிய உளிகள்,பாவலர் வள்ளுவன்,மதி பப்ளிகேசன்,2022,100.00,கவிதைகள்,
9337,,9337,கபிலர் வரலாறும் குறிஞ்சிக்கலி விருத்தமும்,வெண்பாச்சுடர் வெ.நாதமுனி,மணிமேகலை பிரசுரம்,2021,125.00,கவிதைகள்,
9338,,9338,விழுது விடும் விழல்கள்,மருத்துவக் கவிஞர் க.குப்பாச்சாரி,சோலைப் பதிப்பகம்,2013,60.00,கவிதைகள்,
9339,,9339,கவிஞர்களின் பார்வையில் மகாத்மா காந்தி,சோலை தமிழினியன்,சோலைப் பதிப்பகம்,2010,75.00,கவிதைகள்,
9340,,9340,ஐந்திரன் கவிதைகள்,ஐந்திரன் ,லெனின் விஜி பதிப்பகம்,2015,120.00,கவிதைகள்,
9341,,9341,தன்னிகரில்லா எந்தமிழன்,இரா.கமலம் சின்னச்சாமி,சத்தியசாய் பதிப்பகம்,2018,75.00,கவிதைகள்,
9342,,9342,திருவள்ளுவர் போற்றி,திருக்குறள் சொ.பத்மநாபன்,மணிவாசகர் பதிப்பகம்,2020,30.00,கவிதைகள்,
9343,,9343,எழுதிப் பார்க்கிறேன்,முல்லை ஜெ.கு.அன்பரசன்,பாடலாசிரியர்கள் பதிப்பகம்,2015,50.00,கவிதைகள்,
9344,,9344,காற்றுக்கென்ன வேலி,டாக்டர் ஜீவரேகா,அகிலா பதிப்பகம்,2016,100.00,கவிதைகள்,
9345,,9345,விற்பனையாகும் கற்பனைகள்,பா.சர்தார்சிங்,துர்கா பதிப்பகம்,2019,60.00,கவிதைகள்,
9346,,9346,குறள் அமுதம் பருக வாரீர்,பூவை இராம.வீரப்பன்,தேவி ஆப்செட் பிரஸ்,2018,70.00,கவிதைகள்,
9347,,9347,குணக்குறள்,வேணு.குணசேகரன்,அருணாலயா பதிப்பகம்,2009,60.00,கவிதைகள்,
9348,,9348,மணீமுடி சூடிய மாமன்னன்,ஆ.கோ.குலோத்துங்கன்,மணிவாசகர் பதிப்பகம்,2015,125.00,கவிதைகள்,
9349,,9349,தமிழ்ப் புதையல்கள்,செங்கதிர் சண்முகம்,திசைகள் கலை இலக்கிய மன்றம்,2017,,கவிதைகள்,
9350,,9350,மனப்பாவை,ஆனைவாரி ஆனந்தன்,கவிக்குயில் பதிப்பகம்,2017,80.00,கவிதைகள்,
9351,,9351,தன்மானத் தமிழச்சி,ஆனந்த மனோகரன்,மணிமேகலை பிரசுரம்,2012,80.00,கவிதைகள்,
9352,,9352,தமிழ்த் தொண்டர் புகழ் மணி மாலை,பாவலர் சொல்லினியன்,கவி-சிந்து நிலையம்,2018,130.00,கவிதைகள்,
9353,,9353,மனம் தேடும் மனிதம்,கவிஞர் பழனி குமார்,பொங்கிரி பதிப்பகம்,2018,120.00,கவிதைகள்,
9354,,9354,உணர்வோம் இனியேனும்,சிவக்குமார் கிருஷ்ணன்,மணிமேகலை பிரசுரம்,2017,80.00,கவிதைகள்,
9355,,9355,வியர்வை சிந்தும் வேர்கள்,முனைவர் சு.கி.முருகானந்தம்,பாக்கிய லட்சுமி வெளியீடு,2013,80.00,கவிதைகள்,
9356,,9356,மனத் தூறல்கள்,ரித்துசூர்யா,ரித்துசூர்யா வெளியீடு,2017,70.00,கவிதைகள்,
9357,,9357,சிலைகளை உடைத்தாலும்,மஞ்சக்கல் உபேந்திரன்,புதிய உறவு பதிப்பகம்,,100.00,கவிதைகள்,
9358,,9358,ஒரு காகிதம் கவிதையானது…,கெடார்.க.வி.பழனி,மாசிலாமணி பதிப்பகம்,2015,40.00,கவிதைகள்,
9359,,9359,காடுறையும் பெருவளரி,அகிலா கிருஷ்ணமூர்த்தி,முடிவிலி வெளியீடு,2018,75.00,கவிதைகள்,
9360,,9360,அகடகவிதமது (மரபுகவிதைகள்),தமிழகழ்வன் சுப்பிரமணி,கலையரசி பதிப்பகம்,2019,150.00,கவிதைகள்,
9361,,9361,காட்டு நெறிஞ்சி,கவிமதி.சோலச்சி,இனிய நந்தவனம் பதிப்பகம்,2016,110.00,கவிதைகள்,
9362,,9362,மின்மினிக் கனவுகள்,ஹிஷாலி,நம்மொழி பதிப்பகம்,2017,60.00,கவிதைகள்,
9363,,9363,இனிப்பு சுற்றிய காகிதம்,பாவலர் சொல்லினியன்,அகநி வெளியீடு,2017,50.00,கவிதைகள்,
9364,,9364,நயாகரா சொல்லும் சாரல் வாழ்த்து,கவிஞர் புகாரி,யுனிவர்சல் பப்ளிஷர்ஸ்,2019,120.00,கவிதைகள்,
9365,,9365,அறிவியல் பார்வையில் சிறுவர் பாடல்கள்,கவிஞர் செம்பை சேவியர்,மறுதோன்றி அச்சகம்,2018,100.00,சிறுவர் நூல்கள்,
9366,,9366,சோஷலிசம் என்றால் என்ன?,டி.கிளிமேந்தியெவ்,முன்னேற்ற பதிப்பகம்,1988,10.00,அரசியல்,
9367,,9367,திருமணப் பொருத்தங்களும் அதன் சூட்சுமங்களும்,நக்கீரன் நடராஜன்,ஸ்ரீஆரோமிரா பிரசுரம்,2008,41.00,ஆன்மீகம்,
9368,,9368,சாளுக்கியன் சபதம்,முகிலன்,வானதி பதிப்பகம்,2024,300.00,வரலாற்று நாவல்,
9369,,9369,போர்வாள்- ராணி நாயகி தேவி,லதா சரவணன்,வானதி பதிப்பகம்,2024,250.00,வரலாற்று நாவல்,
9370,,9370,பல்லவ காம்போஜம்,மாயா,வானதி பதிப்பகம்,2024,250.00,வரலாற்று நாவல்,
9371,,9371,பூந்துறை நாடு,நந்தினி மோகன முருகன்,வானதி பதிப்பகம்,2024,270.00,வரலாற்று நாவல்,
9372,,9372,யவன இளவரசி ஹெலனா,ஜெயக்குமார் சுந்தரம்,வானதி பதிப்பகம்,2024,330.00,வரலாற்று நாவல்,
9373,,9373,ராணி துர்காதேவி,பத்மா சந்திரசேகர்,வானதி பதிப்பகம்,2024,270.00,வரலாற்று நாவல்,
9374,,9374,மர்ம வீரன்,அப்பு சிவா,வானதி பதிப்பகம்,2024,170.00,வரலாற்று நாவல்,
9375,,9375,அரிமா அழகன் பாகம் 1,இராஜலட்சுமி,வானதி பதிப்பகம்,2024,200.00,வரலாற்று நாவல்,
9376,,9376,அரிமா அழகன் பாகம் 2,இராஜலட்சுமி,வானதி பதிப்பகம்,2024,180.00,வரலாற்று நாவல்,
9377,,9377,கலிங்காதிபதி காரவேலன் - 1,ஜெயக்குமார் சுந்தரம்,வானதி பதிப்பகம்,2024,400.00,வரலாற்று நாவல்,
9378,,9378,கலிங்காதிபதி காரவேலன் - 2,ஜெயக்குமார் சுந்தரம்,வானதி பதிப்பகம்,2024,410.00,வரலாற்று நாவல்,
9379,,9379,கலிங்காதிபதி காரவேலன் - 3,ஜெயக்குமார் சுந்தரம்,வானதி பதிப்பகம்,2024,280.00,வரலாற்று நாவல்,
9380,,9380,அபரஞ்சிக் கூத்தன்,மாலா மாதவன்,வானதி பதிப்பகம்,2024,180.00,வரலாற்று நாவல்,
9381,,9381,களிறேறி காதல் மேவி,ராஜலட்சுமி நாராயணசாமி,வானதி பதிப்பகம்,2024,210.00,வரலாற்று நாவல்,
9382,,9382,தென்னவன் மணிமுடி,யாழ்கோ லெனின்,வானதி பதிப்பகம்,2024,410.00,வரலாற்று நாவல்,
9383,,9383,வீரசோழியனின் தலைமகன்,மகிழம்பூ,வானதி பதிப்பகம்,2024,240.00,வரலாற்று நாவல்,
9384,,9384,மௌரியனின் மயூரி,தேவி,வானதி பதிப்பகம்,2024,320.00,வரலாற்று நாவல்,
9385,,9385,சிவகங்கை கண்ட சிங்கப்பெண் வேலுநாச்சியார்,ஜெயஸ்ரீ ஆனந்த்,வானதி பதிப்பகம்,2024,330.00,வரலாற்று நாவல்,
9386,,9386,மந்தாகினியின் செல்வி,ஏகலைவி வெங்கட் ராமன்,வானதி பதிப்பகம்,2024,210.00,வரலாற்று நாவல்,
9387,,9387,சித்தூர் ராணி சென்னம்மா,ஞா.கலையரசி,வானதி பதிப்பகம்,2024,210.00,வரலாற்று நாவல்,
9388,,9388,இளநகைப் பாவை,நந்தினி சுகுமாரன்,வானதி பதிப்பகம்,2024,210.00,வரலாற்று நாவல்,
9389,,9389,பொதினி மலைக்கள்ளன்,அருணாகதிர்,வானதி பதிப்பகம்,2024,220.00,வரலாற்று நாவல்,
9390,,9390,வீரமங்கை வேல்விழி,அன்னப்பூரணி தண்டபாணி,வானதி பதிப்பகம்,2024,230.00,வரலாற்று நாவல்,
9391,,9391,கணிகா,வேதா விஷால்,வானதி பதிப்பகம்,2024,120.00,வரலாற்று நாவல்,
9392,,9392,கடல் மல்லைக் காவலன் - 1,முனைவர் மோகனா சுகதேவ்,வானதி பதிப்பகம்,2024,300.00,வரலாற்று நாவல்,
9393,,9393,கடல் மல்லைக் காவலன் - 2,முனைவர் மோகனா சுகதேவ்,வானதி பதிப்பகம்,2024,250.00,வரலாற்று நாவல்,
9394,,9394,ஆலம்கீர்,தஞ்சை வசந்தலெட்சுமி,வானதி பதிப்பகம்,2024,200.00,வரலாற்று நாவல்,
9395,,9395,பல்லவன் கனவு,சுபாஷினி ரமணன்,வானதி பதிப்பகம்,2024,200.00,வரலாற்று நாவல்,
9396,,9396,யுக புருஷன்,ஜே.செல்லம் ஜெரினா,வானதி பதிப்பகம்,2024,150.00,வரலாற்று நாவல்,
9397,,9397,மரகதக் கணையாழி,ஜே.செல்லம் ஜெரினா,வானதி பதிப்பகம்,2024,210.00,வரலாற்று நாவல்,
9398,,9398,திருமலை ரகுநாத சேதுபதி,அனன்யா,வானதி பதிப்பகம்,2024,200.00,வரலாற்று நாவல்,
9399,,9399,இராஜமதி,இராஜபிரியன்,வானதி பதிப்பகம்,2024,475.00,வரலாற்று நாவல்,
9400,,9400,மனுகுலதீபன்,பார்த்திபன்,வானதி பதிப்பகம்,2024,950.00,வரலாற்று நாவல்,
9401,,9401,சந்திரமதியின் காதல்,முனைவர் மோகனா சுகதேவ்,வானதி பதிப்பகம்,2024,235.00,வரலாற்று நாவல்,
9402,,9402,சோழீஸ்வரம்,டாக்டர் எல்.கைலாசம்,வானதி பதிப்பகம்,2024,600.00,வரலாற்று நாவல்,
9403,,9403,சோழன் சபதம்,கே.பி.அறிவானந்தம்,வானதி பதிப்பகம்,2024,500.00,வரலாற்று நாவல்,
9404,,9404,செந்தழலே செம்முளரி,பூர்ணிமா கார்த்திக்,வானதி பதிப்பகம்,2024,180.00,வரலாற்று நாவல்,
9405,,9405,சேரன் மகுடம்,கே.பி.அறிவானந்தம்,வானதி பதிப்பகம்,2024,450.00,வரலாற்று நாவல்,
9406,,9406,காடவர்கோன் கோப்பெருஞ்சிங்கன்,புவனா சந்திரசேகர்,வானதி பதிப்பகம்,2024,130.00,வரலாற்று நாவல்,
9407,,9407,மங்கயர்ச்செல்வி மங்கையர்க்கரசி,புவனா சந்திரசேகர்,வானதி பதிப்பகம்,2024,360.00,வரலாற்று நாவல்,
9408,,9408,தென்னவன் பிரம்மராயன் - 1,புவனா சந்திரசேகர்,வானதி பதிப்பகம்,2023,360.00,வரலாற்று நாவல்,
9409,,9409,தென்னவன் பிரம்மராயன் - 2,புவனா சந்திரசேகர்,வானதி பதிப்பகம்,2024,350.00,வரலாற்று நாவல்,
9410,,9410,மகா பல்லவம்,யுக பிரம்மன்,வானதி பதிப்பகம்,2024,185.00,வரலாற்று நாவல்,
9411,,9411,வெங்களியின் தேவதை,ராகவி,வானதி பதிப்பகம்,2024,180.00,வரலாற்று நாவல்,
9412,,9412,வீர பாண்டியம்,யுக பிரம்மன்,வானதி பதிப்பகம்,2024,280.00,வரலாற்று நாவல்,
9413,,9413,கார்கேயி,யுக பிரம்மன்,வானதி பதிப்பகம்,2024,200.00,வரலாற்று நாவல்,
9414,,9414,ராஜபுத்திரன் - ராஜா தேசிங்கு,யுக பிரம்மன்,வானதி பதிப்பகம்,2024,270.00,வரலாற்று நாவல்,
9415,,9415,சோழ சிங்காதனம் - 1,யுக பிரம்மன்,வானதி பதிப்பகம்,2024,1605.00,வரலாற்று நாவல்,
9416,,9416,சோழ சிங்காதனம் - 2,யுக பிரம்மன்,வானதி பதிப்பகம்,2024,,வரலாற்று நாவல்,
9417,,9417,சோழ சிங்காதனம் - 3,யுக பிரம்மன்,வானதி பதிப்பகம்,2024,,வரலாற்று நாவல்,
9418,,9418,சோழ சிங்காதனம் - 4,யுக பிரம்மன்,வானதி பதிப்பகம்,2024,,வரலாற்று நாவல்,
9419,,9419,சோழ சிங்காதனம் - 5,யுக பிரம்மன்,வானதி பதிப்பகம்,2024,,வரலாற்று நாவல்,
9420,,9420,புன்னைவனக் காவலன்,டாக்டர் அகிலாண்டேஸ்வரி,வானதி பதிப்பகம்,2024,180.00,வரலாற்று நாவல்,
9421,,9421,கோடனின் கொடை,ஜெயா சிங்காரவேலு,வானதி பதிப்பகம்,2024,180.00,சிறுகதைகள்,
9422,,9422,அண்டசராசரம்,எஸ்.ராமகிருஷ்ணன்,தேசாந்திரி,2021,70.00,சமூக நாவல்,
9423,,9423,கற்பனை அலைகள்,எஸ்.ராமகிருஷ்ணன்,தேசாந்திரி,2024,180.00,கட்டுரைகள்,
9424,,9424,கடலோடு சண்டையிடும் மீன்,எஸ்.ராமகிருஷ்ணன்,தேசாந்திரி,2024,130.00,சிறுவர் நூல்கள்,
9425,,9425,கிதார் இசைக்கும் துறவி,எஸ்.ராமகிருஷ்ணன்,தேசாந்திரி,2023,180.00,சிறுகதைகள்,
9426,,9426,மாஸ்கோவின் மணியோசை,எஸ்.ராமகிருஷ்ணன்,தேசாந்திரி,2023,270.00,கட்டுரைகள்,
9427,,9427,தேதியற்ற மத்தியானம்,எஸ்.ராமகிருஷ்ணன்,தேசாந்திரி,2024,170.00,கவிதைகள்,
9428,,9428,தோற்றம் சொல்லாத உண்மை,எஸ்.ராமகிருஷ்ணன்,தேசாந்திரி,2023,300.00,கட்டுரைகள்,
9429,,9429,நகரங்களே சாட்சி,எஸ்.ராமகிருஷ்ணன்,தேசாந்திரி,2023,170.00,கட்டுரைகள்,
9430,,9430,வாங்குருவியின் கூடு,பெருமாள் முருகன்,நற்றிணை பதிப்பகம்,2024,120.00,கட்டுரைகள்,
9431,,9431,துயரமும் துயர நிமித்தமும்,பெருமாள் முருகன்,காலச்சுவடு,2023,190.00,கட்டுரைகள்,
9432,,9432,நெடுநேரம்,பெருமாள் முருகன்,காலச்சுவடு,2023,390.00,சமூக நாவல்,
9433,,9433,கழிமுகம்,பெருமாள் முருகன்,காலச்சுவடு,2023,175.00,சமூக நாவல்,
9434,,9434,சாதியும் நானும்,பெருமாள் முருகன்,காலச்சுவடு,2024,330.00,கட்டுரைகள்,
9435,,9435,கெட்ட வார்த்தை பேசுவோம்,பெருமாள் முருகன்,காலச்சுவடு,2024,220.00,கட்டுரைகள்,
9436,,9436,வேல்!,பெருமாள் முருகன்,காலச்சுவடு,2024,230.00,சிறுகதைகள்,
9437,,9437,அப்படியெல்லாம் மனசு புண்படக் கூடாது,பெருமாள் முருகன்,காலச்சுவடு,2023,240.00,கட்டுரைகள்,
9438,,9438,மயிர்தான் பிரச்சனையா?,பெருமாள் முருகன்,காலச்சுவடு,2024,210.00,கட்டுரைகள்,
9439,,9439,மாறாது என்று எதுவுமில்லை,பெருமாள் முருகன்,காலச்சுவடு,2023,160.00,பொது அறிவு,
9440,,9440,சேத்துமான் கதைகள்,பெருமாள் முருகன்,காலச்சுவடு,2022,95.00,சிறுகதைகள்,
9441,,9441,தனிமையின் நூறு ஆண்டுகாள்,ஞாலன் சுப்பிரமணியன்,காலச்சுவடு,2024,550.00,மொழிபெயர்ப்பு,
9442,,9442,பாரிவேள்,கி.வா.ஜகன்னாதன்,நக்கீரன்,2024,150.00,வரலாற்று நாவல்,
9443,,9443,"நிமிர்ந்து நில் பாகம் 2
எல்லாருக்கும் வணக்கம்",கோபிநாத்,நக்கீரன்,2024,160.00,தன்முன்னேற்ற நூல்கள்,
9444,,9444,அரண்மனை ரகசியம் பாகம் 1,பா.விஜய்,நக்கீரன்,2024,400.00,வரலாற்று நாவல்,
9445,,9445,அரண்மனை ரகசியம் பாகம் 1,பா.விஜய்,நக்கீரன்,2024,350.00,வரலாற்று நாவல்,
9446,,9446,எதிர்க்குரல் பாகம் 1,மனுஷ்ய புத்திரன்,நக்கீரன்,2024,475.00,அரசியல்,
9447,,9447,எதிர்க்குரல் பாகம் 2,மனுஷ்ய புத்திரன்,நக்கீரன்,2024,400.00,அரசியல்,
9448,,9448,அறிவியல் கதைகள்,லியோ டால்ஸ்டாய்,நக்கீரன்,2024,60.00,சிறுவர் நூல்கள்,
9449,,9449,நாயுடன் வந்த பெண்,ஆண்டன் செக்காவ்,நக்கீரன்,2024,140.00,மொழிபெயர்ப்பு,
9450,,9450,மனு அதர்மம்,பிரபஞ்சன்,நக்கீரன்,2024,140.00,அரசியல்,
9451,,9451,நீயே என் கடைசிப் பெண்ணாக,மனுஷ்ய புத்திரன்,உயிர்மை பதிப்பகம்,2022,360.00,கவிதைகள்,
9452,,9452,தில்லானா மோகனாம்பாள் தொகுதி 1,கொத்தமங்கலம் சுப்பு,விகடன்பிரசுரம்,2022,999.00,சமூக நாவல்,
9453,,9453,தில்லானா மோகனாம்பாள் தொகுதி 2,கொத்தமங்கலம் சுப்பு,விகடன்பிரசுரம்,2022,,சமூக நாவல்,
9454,,9454,தில்லானா மோகனாம்பாள் தொகுதி 3,கொத்தமங்கலம் சுப்பு,விகடன்பிரசுரம்,2022,,சமூக நாவல்,
9455,,9455,சொல்வழிப் பயணம்,பவா.செல்லத்துரை,விகடன்பிரசுரம்,2023,280.00,பொது அறிவு,
9456,,9456,கற்பது உலகளவு,தா.நெடுஞ்செழியன்,விகடன்பிரசுரம்,2024,400.00,பொது அறிவு,
9457,,9457,கி.மு. கி.பி (ஆச்சர்யமூட்டும் மனித குல வரலாறு),மதன்,விகடன்பிரசுரம்,2024,225.00,வரலாறு ,
9458,,9458,பற்றுக்கோடு,கலாப்ரியா,விகடன்பிரசுரம்,2023,150.00,சிறுகதைகள்,
9459,,9459,அன்பிற்கும் உண்டு அடைக்கும் தாழ்,சிவபாலன் இளங்கோவன்,விகடன்பிரசுரம்,2023,250.00,பொது அறிவு,
9460,,9460,கலவை,ம.காமுத்துரை,விகடன்பிரசுரம்,2023,230.00,சமூக நாவல்,
9461,,9461,எல்லோருக்குமான தலைவர் அம்பேத்கர்,தி.முருகன் வெ.நீலகண்டன்,விகடன்பிரசுரம்,2024,1200.00,வாழ்க்கை வரலாறு,
9462,,9462,ரங்க ராஜ்ஜியம் பாகம் 1,இந்திரா சௌந்தரராஜன்,விகடன்பிரசுரம்,2023,650.00,ஆன்மீகம்,
9463,,9463,ரங்க ராஜ்ஜியம் பாகம் 2,இந்திரா சௌந்தரராஜன்,விகடன்பிரசுரம்,2024,600.00,ஆன்மீகம்,
9464,,9464,கலைஞர் 100 (விகடனும் கலைஞரும்),விகடன்பிரசுரம்,விகடன்பிரசுரம்,2023,900.00,வாழ்க்கை வரலாறு,
9465,,9465,பணம்சார் உளவியல்,மார்கன் ஹௌஸ்ஸேல்,ஜெய்கோ பப்ளிஷிங்,2024,325.00,பொது அறிவு,
9466,,9466,படைவீடு,தமிழ்மகன்,மின்னங்காடி,2023,660.00,வரலாற்று நாவல்,
9467,,9467,பண்பாட்டு அசைவுகள்,தொ.பரமசிவன்,நற்றிணை பதிப்பகம்,,160.00,மொழியியல்,
9468,,9468,பாளையங்கோட்டை,தொ.பரமசிவன்,நற்றிணை பதிப்பகம்,,60.00,மொழியியல்,
9469,,9469,அறியப்படாத தமிழகம்,தொ.பரமசிவன்,நற்றிணை பதிப்பகம்,,90.00,மொழியியல்,
9470,,9470,தமிழ் ஆராய்ச்சியின் வளர்ச்சி,தொ.பரமசிவன்,நற்றிணை பதிப்பகம்,,80.00,மொழியியல்,
9471,,9471,மானுட வாசிப்பு,தொ.பரமசிவன்,நற்றிணை பதிப்பகம்,,160.00,மொழியியல்,
9472,,9472,சமயங்களின் அரசியல்,தொ.பரமசிவன்,நற்றிணை பதிப்பகம்,,190.00,மொழியியல்,
9473,,9473,தொ.பரமசிவன் நேர்காணல்கள்,தொ.பரமசிவன்,நற்றிணை பதிப்பகம்,,60.00,மொழியியல்,
9474,,9474,மஞ்சள் மகிமை,தொ.பரமசிவன்,நற்றிணை பதிப்பகம்,,90.00,மொழியியல்,
9475,,9475,இதுவே சனநாயகம்,தொ.பரமசிவன்,நற்றிணை பதிப்பகம்,,140.00,மொழியியல்,
9476,,9476,தெய்வங்ககும் சமூக மரபுகளும்,தொ.பரமசிவன்,நற்றிணை பதிப்பகம்,,80.00,மொழியியல்,
9477,,9477,வழித்தடங்கள்,தொ.பரமசிவன்,நற்றிணை பதிப்பகம்,,130.00,மொழியியல்,
9478,,9478,தெய்வம் என்பதோர்,தொ.பரமசிவன்,நற்றிணை பதிப்பகம்,,80.00,மொழியியல்,
9479,,9479,நாள் மலர்கள்,தொ.பரமசிவன்,நற்றிணை பதிப்பகம்,,70.00,மொழியியல்,
9480,,9480,மரபும் புதுமையும்,தொ.பரமசிவன்,நற்றிணை பதிப்பகம்,,90.00,மொழியியல்,
9481,,9481,அழகர்கோயில்,தொ.பரமசிவன்,நற்றிணை பதிப்பகம்,,350.00,மொழியியல்,
9482,,9482,தமிழோசை (பாநூற் கோவை),இறைக்குருவனார்,இறையகம்,2020,2000.00,மொழியியல்,
9483,,9483,தமிழாரம் -1 (நூற் கோவை -1),இறைக்குருவனார்,இறையகம்,2020,,மொழியியல்,
9484,,9484,தமிழாரம் -1 (நூற் கோவை -2),இறைக்குருவனார்,இறையகம்,2020,,மொழியியல்,
9485,,9485,தமிழாரம் -1 (நூற் கோவை -3),இறைக்குருவனார்,இறையகம்,2020,,மொழியியல்,
9486,,9486,தமிழாரம் -2 (கட்டுரைக் கோவை -1),இறைக்குருவனார்,இறையகம்,2020,,மொழியியல்,
9487,,9487,தமிழாரம் -2 (கட்டுரைக் கோவை -2),இறைக்குருவனார்,இறையகம்,2020,,மொழியியல்,
9488,,9488,தமிழாரம் -3 (ஆசிரியவுரைக் கோவை),இறைக்குருவனார்,இறையகம்,2020,,மொழியியல்,6774
9489,,9489,தமிழாரம் -4 (சொற்பொருள் நூற் கோவை),இறைக்குருவனார்,இறையகம்,2020,,மொழியியல்,1064
9490,,9490,தமிழாரம் -5 (முழுமைபெறா எழுத்தாக்கங்கள்),இறைக்குருவனார்,இறையகம்,2020,,மொழியியல்,5710
9491,,9491,தமிழாரம் -6 (புலவர் இறைக்குருவனார் நினைவு மலர்),இறைக்குருவனார்,இறையகம்,2020,,மொழியியல்,
9492,,9492,உள்ளத்தனையது உயர்வு,வெற்றிச்செழியன்,மக்கள் கல்வி மேம்பாட்டு அறக்கட்டளை,2021,140.00,சிறுவர் நூல்கள்,
9493,,9493,உருவு கண்டு,வெற்றிச்செழியன்,மக்கள் கல்வி மேம்பாட்டு அறக்கட்டளை,2021,105.00,சிறுவர் நூல்கள்,
9494,,9494,என்ன என்ன அது என்ன?,வெற்றிச்செழியன்,மக்கள் கல்வி மேம்பாட்டு அறக்கட்டளை,2023,105.00,சிறுவர் நூல்கள்,
9495,,9495,எறும்பி,பாவலரேறு பெருஞ்சித்திரனார்,பற்றுளி பதிப்பகம்,2024,60.00,சிறுவர் நூல்கள்,
9496,,9496,பள்ளிப் பறவைகள்,பாவலரேறு பெருஞ்சித்திரனார்,தென்மொழி பதிப்பகம்,1995,120.00,சிறுவர் நூல்கள்,
9497,,9497,சிறுவர் புரட்சிக் கதைகள்,பாவலர் ப.எழில்வாணன்,தமிழ்வாணன் பதிப்பகம்,2017,90.00,சிறுவர் நூல்கள்,
9498,,9498,தமிழ்த் தேசியப் பாவலர் பாவேந்தர்,இறை.பொற்கொடி,இறையகம்,2017,40.00,சிறுவர் நூல்கள்,
9499,,9499,திருக்குறளின் தனிச்சிறப்புகள்,இறைக்குருவனார்,இறையகம்,2009,35.00,மொழியியல்,
9500,,9500,முப்பால் ஒளி,இறை.பொற்கொடி,இறையகம்,2016,120.00,மொழியியல்,
9501,,9501,பெருமூச்சு,சோ.தர்மன்,அடையாளம்,2023,140.00,சிறுகதைகள்,
9502,,9502,கூகை,சோ.தர்மன்,அடையாளம்,2022,350.00,சமூக நாவல்,
9503,,9503,சினவயல்,சோ.தர்மன்,அடையாளம்,2024,280.00,சமூக நாவல்,
9504,,9504,கிராமத்துச் சித்திரங்கள்,சோ.தர்மன்,அடையாளம்,2023,350.00,சிறுகதைகள்,
9505,,9505,சூல்,சோ.தர்மன்,அடையாளம்,2023,500.00,சமூக நாவல்,
9506,,9506,வாகன உற்பத்தியில் தமிழ்நாடு,ஜெ.ஜெயரஞ்சன்,கருஞ்சட்டைப் பதிப்பகம்,2024,140.00,பொது அறிவு,
9507,,9507,மக்கள் துணையோடு மரணத்தை வென்றேன்,கு.கலியபெருமாள்,செந்தீ பதிப்பகம்,2006,200.00,வாழ்க்கை வரலாறு,
9508,,9508,திராவிட ஆட்சி - மாற்றமும் வளர்ச்சியும்,ஜெ.ஜெயரஞ்சன்,கயல் கவின் புக்ஸ்,2021,350.00,அரசியல்,
9509,,9509,திராவிடம் அரசியலும் அவதூறும்,வெற்றிச்செல்வன்,கருஞ்சட்டைப் பதிப்பகம்,2022,100.00,அரசியல்,
9510,,9510,ஜெயரஞ்சன் நேருக்கு நேர்,ஜெ.ஜெயரஞ்சன்,மின்னம்பலம் பதிப்பகம்,2024,270.00,அரசியல்,
9511,,9511,புலம் பெயர் தொழிலாளர்கள் வேலையும் சூழலும்,ஜெ.ஜெயரஞ்சன்,கருஞ்சட்டைப் பதிப்பகம்,2024,180.00,அரசியல்,
9512,,9512,தமிழகத்தில் நிலப்பிரபுத்துவம் வீழ்ந்த கதை,ஜெ.ஜெயரஞ்சன்,கயல் கவின் புக்ஸ்,2021,300.00,அரசியல்,
9513,,9513,திராவிடமும் சமூக மாற்றமும்,ஜெ.ஜெயரஞ்சன்,கயல் கவின் புக்ஸ்,2022,550.00,அரசியல்,
9514,,9514,பிரபஞ்சன் சிறுகதைகள் - 1,பிரபஞ்சன்,நற்றிணை பதிப்பகம்,2024,1500.00,சிறுகதைகள்,
9515,,9515,பிரபஞ்சன் சிறுகதைகள் - 2,பிரபஞ்சன்,நற்றிணை பதிப்பகம்,2024,,சிறுகதைகள்,
9516,,9516,தமிழ்த் தாத்தா உ.வே.சா,உ.வே.சா,நற்றிணை பதிப்பகம்,2024,290.00,வாழ்க்கை வரலாறு,
9517,,9517,உறவுகள்… பிரிவுகள்… கனவுகள்..,இந்திரா சௌந்தரராஜன்,திருமகள் நிலையம்,2024,200.00,சமூக நாவல்,
9518,,9518,பணம் பகை பாசம்,இந்திரா சௌந்தரராஜன்,திருமகள் நிலையம்,2023,240.00,சமூக நாவல்,
9519,,9519,மடப்புரத்து காளி,இந்திரா சௌந்தரராஜன்,திருமகள் நிலையம்,2025,200.00,சமூக நாவல்,
9520,,9520,ராஜ ரகசியம்,இந்திரா சௌந்தரராஜன்,திருமகள் நிலையம்,2024,900.00,வரலாற்று நாவல்,
,,9521,மாயக்கோட்டை மின்னல்,ஸ்ரீஜா வெங்கடேஷ்,வானதி பதிப்பகம்,2024,300.00,வரலாற்று நாவல்,